sample_id,filename,caption,label_a,label_b,file_size_bytes,md5,width,height,mode,format,mean_brightness,std_brightness,readable,caption_group
0,img_00000.jpg,Two tall giraffe standing next to each other on a  field.,0,0,100832,7d483e695078d789430c0550343793c6,640,480,RGB,JPEG,96.276123046875,54.1959342956543,True,0
1,img_00001.jpg,Two tall giraffe standing next to each other on a  field.,1,1,80714,76431d90c4081f9998f3c2a00bc8bb77,768,768,RGB,JPEG,114.491943359375,38.5219612121582,True,0
2,img_00002.jpg,Two tall giraffe standing next to each other on a  field.,1,2,84767,25bbde9c922177fc3ac1365c6a40e778,1024,1024,RGB,JPEG,155.942138671875,44.41289520263672,True,0
3,img_00003.jpg,Two tall giraffe standing next to each other on a  field.,1,3,118619,c036938545abf8455f51a6e842bcbf10,1024,1024,RGB,JPEG,186.05322265625,47.65412902832031,True,0
4,img_00004.jpg,Two tall giraffe standing next to each other on a  field.,1,4,12176,6514523464cabe72ed322ed449c387ef,270,270,RGB,JPEG,131.318359375,57.23634719848633,True,0
5,img_00005.jpg,Two tall giraffe standing next to each other on a  field.,1,5,23338,ee0dcfac984df7d5037ff006c1765bb5,436,436,RGB,JPEG,167.65380859375,37.82087707519531,True,0
6,img_00006.jpg,a close up of a street sign with a mountain in the background,0,0,81773,ba52c467d8a8344c025479df7715f818,480,640,RGB,JPEG,125.709716796875,46.91356658935547,True,1
7,img_00007.jpg,a close up of a street sign with a mountain in the background,1,1,110607,b3504bee5ce43dfe38b45ee559101412,768,768,RGB,JPEG,114.56005859375,32.928733825683594,True,1
8,img_00008.jpg,a close up of a street sign with a mountain in the background,1,2,119110,48ccfd3cf11cf514647b63e3b7dc9d25,1024,1024,RGB,JPEG,128.480712890625,37.511024475097656,True,1
9,img_00009.jpg,a close up of a street sign with a mountain in the background,1,3,150146,17b056d81e083c09c3b804b9161f980e,1024,1024,RGB,JPEG,115.40771484375,47.02132797241211,True,1
10,img_00010.jpg,a close up of a street sign with a mountain in the background,1,4,15665,f7a0d30ee3fb7ef793f4d70345d2f6be,270,270,RGB,JPEG,91.252685546875,69.55731201171875,True,1
11,img_00011.jpg,a close up of a street sign with a mountain in the background,1,5,16929,cd44f9cff08be2f445645ee8af6d6cdc,436,436,RGB,JPEG,93.48974609375,37.696197509765625,True,1
12,img_00012.jpg,An old toilet outside against an old painted wall.,0,0,56643,4274ce84bea51d5f79a21eefc1c6226a,427,640,RGB,JPEG,94.0205078125,59.76555252075195,True,2
13,img_00013.jpg,An old toilet outside against an old painted wall.,1,1,121408,703183bcfbaf3790971c63f7c6a38c30,768,768,RGB,JPEG,111.40283203125,45.71896743774414,True,2
14,img_00014.jpg,An old toilet outside against an old painted wall.,1,2,126583,4b0eda30646af45e2d416dc4b61fc035,1024,1024,RGB,JPEG,125.8046875,41.34476089477539,True,2
15,img_00015.jpg,An old toilet outside against an old painted wall.,1,3,281672,89a2afd980fbb3ae0ebbc3b721f7d236,1024,1024,RGB,JPEG,150.37158203125,60.450767517089844,True,2
16,img_00016.jpg,An old toilet outside against an old painted wall.,1,4,19389,bb26a9d8a1f279474fe53aa4efa971b2,270,270,RGB,JPEG,90.72021484375,52.30890655517578,True,2
17,img_00017.jpg,An old toilet outside against an old painted wall.,1,5,28214,d6e39bc04ccdabe02b577d5888207aa7,436,436,RGB,JPEG,166.197509765625,53.26519012451172,True,2
18,img_00018.jpg,A car with the nose of a shark eating a teddy,0,0,45396,55f12e2360fdaa65e3b80073f6b7b1e3,640,480,RGB,JPEG,112.57373046875,90.94943237304688,True,3
19,img_00019.jpg,A car with the nose of a shark eating a teddy,1,1,102777,81c59c7be0b3d6e2cd57a2ba0c5b472a,768,768,RGB,JPEG,109.754150390625,59.73048782348633,True,3
20,img_00020.jpg,A car with the nose of a shark eating a teddy,1,2,111588,317f9fce6f53743b120f20372b4b95b7,1024,1024,RGB,JPEG,131.73095703125,52.3118782043457,True,3
21,img_00021.jpg,A car with the nose of a shark eating a teddy,1,3,84471,222ad33eb743f2520ae133ac1a9445b2,1024,1024,RGB,JPEG,143.7197265625,77.52772521972656,True,3
22,img_00022.jpg,A car with the nose of a shark eating a teddy,1,4,16410,1ea983ce9a7a95a7f37a95b8b6158835,270,270,RGB,JPEG,87.420654296875,64.99077606201172,True,3
23,img_00023.jpg,A car with the nose of a shark eating a teddy,1,5,26972,b73abdccbb50f363d9826caa092542e0,436,436,RGB,JPEG,74.973876953125,45.31233215332031,True,3
24,img_00024.jpg,The cat is looking out of the car window. ,0,0,27304,e245d340fb14a5c56caafe1a9af227f1,500,378,RGB,JPEG,80.474609375,66.64813232421875,True,4
25,img_00025.jpg,The cat is looking out of the car window. ,1,1,75545,b2501aea6b7ea0f39133be62ba8bef1f,768,768,RGB,JPEG,123.708251953125,69.84342193603516,True,4
26,img_00026.jpg,The cat is looking out of the car window. ,1,2,99514,9a884ff51f9c0697df3e0c7b0f47ee57,1024,1024,RGB,JPEG,114.91796875,63.61103439331055,True,4
27,img_00027.jpg,The cat is looking out of the car window. ,1,3,125631,edfefc207f3f33cad10c37f89a97f3f7,1024,1024,RGB,JPEG,104.59375,73.36126708984375,True,4
28,img_00028.jpg,The cat is looking out of the car window. ,1,4,12082,41fe9684622dbc77448cf6034e3d03bc,270,270,RGB,JPEG,99.785400390625,69.01714324951172,True,4
29,img_00029.jpg,The cat is looking out of the car window. ,1,5,19967,b25361bf6062fae0a7c944b36c228ec9,436,436,RGB,JPEG,89.375,52.46549606323242,True,4
30,img_00030.jpg,"Small bathroom with sink, toilet, and shower/tub combo.",0,0,19009,acdca768d8a7bf49a45261fbb5e0ddaa,480,640,RGB,JPEG,119.1474609375,34.788841247558594,True,5
31,img_00031.jpg,"Small bathroom with sink, toilet, and shower/tub combo.",1,1,50987,8351821718a60666f3506b4f3646cbe2,768,768,RGB,JPEG,143.082763671875,45.09437561035156,True,5
32,img_00032.jpg,"Small bathroom with sink, toilet, and shower/tub combo.",1,2,83403,1ccc229da377f8520fbf84f44c870365,1024,1024,RGB,JPEG,153.51611328125,37.2688102722168,True,5
33,img_00033.jpg,"Small bathroom with sink, toilet, and shower/tub combo.",1,3,97071,a09699d706d317ddcb4dd026d65c3def,1024,1024,RGB,JPEG,167.983642578125,45.18813705444336,True,5
34,img_00034.jpg,"Small bathroom with sink, toilet, and shower/tub combo.",1,4,19471,1a069766320791e95194bcbbd6ee97e9,270,270,RGB,JPEG,109.294189453125,52.43784713745117,True,5
35,img_00035.jpg,"Small bathroom with sink, toilet, and shower/tub combo.",1,5,18643,91e50dbeffbb18a018d5b2da670729bd,436,436,RGB,JPEG,148.38525390625,44.474952697753906,True,5
36,img_00036.jpg,a giraffe leaning over a fence to eat out of a bowl that a woman is holding ,0,0,78452,25120669eaf6a33c1c72e6d476280db7,640,425,RGB,JPEG,119.46337890625,46.23594665527344,True,6
37,img_00037.jpg,a giraffe leaning over a fence to eat out of a bowl that a woman is holding ,1,1,92166,f639f2a499b51c90ee3f02d42e25ce03,768,768,RGB,JPEG,132.78955078125,51.9676399230957,True,6
38,img_00038.jpg,a giraffe leaning over a fence to eat out of a bowl that a woman is holding ,1,2,127819,3dc32ec3efff9578b8d4f1aaa50c8277,1024,1024,RGB,JPEG,123.9296875,43.95733642578125,True,6
39,img_00039.jpg,a giraffe leaning over a fence to eat out of a bowl that a woman is holding ,1,3,330104,35004715a7ffbfc56d4aca3ee772d156,1024,1024,RGB,JPEG,132.3505859375,60.554534912109375,True,6
40,img_00040.jpg,a giraffe leaning over a fence to eat out of a bowl that a woman is holding ,1,4,22273,15928c803d4644b653f97e1a1d15a9bb,270,270,RGB,JPEG,116.0712890625,60.4666633605957,True,6
41,img_00041.jpg,a giraffe leaning over a fence to eat out of a bowl that a woman is holding ,1,5,32837,e6a65f122034e5153479fec7efcd8c1f,436,436,RGB,JPEG,135.108154296875,63.549163818359375,True,6
42,img_00042.jpg,"The bathroom is multi-colored containing black, white, and green.
",0,0,18165,fb0ccd2c848db939042d942b78931435,368,640,RGB,JPEG,88.455810546875,33.276519775390625,True,7
43,img_00043.jpg,"The bathroom is multi-colored containing black, white, and green.
",1,1,106153,63287028632e7918ce87c73ecf1afd81,768,768,RGB,JPEG,126.11962890625,65.46028900146484,True,7
44,img_00044.jpg,"The bathroom is multi-colored containing black, white, and green.
",1,2,131635,f07dc66e8d0caaa3bf4f8451c864e6c5,1024,1024,RGB,JPEG,134.234375,39.67721176147461,True,7
45,img_00045.jpg,"The bathroom is multi-colored containing black, white, and green.
",1,3,78541,3977982a127f770dc714a20c3a86befb,1024,1024,RGB,JPEG,165.861328125,80.81127166748047,True,7
46,img_00046.jpg,"The bathroom is multi-colored containing black, white, and green.
",1,4,19263,65f98ceaac7988647423bc7d03f6bebf,270,270,RGB,JPEG,133.00439453125,72.18495178222656,True,7
47,img_00047.jpg,"The bathroom is multi-colored containing black, white, and green.
",1,5,21600,9992cbe34eb02534e1a86d5f23719eb5,436,436,RGB,JPEG,123.61474609375,63.7116813659668,True,7
48,img_00048.jpg,People sitting on a train with one person looking up at a mirror and taking a photo of the reflection with a camera.,0,0,51172,9ac593238319a4d11b58507751606ffc,640,444,RGB,JPEG,83.71484375,49.15038299560547,True,8
49,img_00049.jpg,People sitting on a train with one person looking up at a mirror and taking a photo of the reflection with a camera.,1,1,78654,aba4c918457baf79d8b31998abecad50,768,768,RGB,JPEG,116.267333984375,69.61538696289062,True,8
50,img_00050.jpg,People sitting on a train with one person looking up at a mirror and taking a photo of the reflection with a camera.,1,2,129412,63d3dacaf1727b1f5d48e724e9c8c0e8,1024,1024,RGB,JPEG,97.16455078125,53.88584899902344,True,8
51,img_00051.jpg,People sitting on a train with one person looking up at a mirror and taking a photo of the reflection with a camera.,1,3,130343,4c07441116b1bbd89ced4df326e60d8b,1024,1024,RGB,JPEG,84.779052734375,81.80268096923828,True,8
52,img_00052.jpg,People sitting on a train with one person looking up at a mirror and taking a photo of the reflection with a camera.,1,4,22493,5371f207ab4a46a75af1e3235110fabf,270,270,RGB,JPEG,129.583740234375,65.41738891601562,True,8
53,img_00053.jpg,People sitting on a train with one person looking up at a mirror and taking a photo of the reflection with a camera.,1,5,23122,1949603d9d38696910b7a2544702857e,436,436,RGB,JPEG,88.265869140625,69.82878875732422,True,8
54,img_00054.jpg,A bathroom stall that has very dirty walls.,0,0,51967,7f48c0dae50dd00b79588e7a9bba1865,480,640,RGB,JPEG,70.75439453125,65.96497344970703,True,9
55,img_00055.jpg,A bathroom stall that has very dirty walls.,1,1,99762,3194e096cfe9740681323ae262b55e0a,768,768,RGB,JPEG,86.733642578125,39.04268264770508,True,9
56,img_00056.jpg,A bathroom stall that has very dirty walls.,1,2,103091,9709ef843cf8a4e562ccf4c76c8bfe18,1024,1024,RGB,JPEG,122.2138671875,48.977752685546875,True,9
57,img_00057.jpg,A bathroom stall that has very dirty walls.,1,3,90366,6a2fcbbd92f0b50858d829e112e103d5,1024,1024,RGB,JPEG,153.74169921875,39.967716217041016,True,9
58,img_00058.jpg,A bathroom stall that has very dirty walls.,1,4,13277,eaa8d732aca6e0917165ead11661835e,270,270,RGB,JPEG,79.031005859375,48.28391647338867,True,9
59,img_00059.jpg,A bathroom stall that has very dirty walls.,1,5,29122,0537ae056359bded3a5b68b6c1c8f8ca,436,436,RGB,JPEG,119.626708984375,54.35743713378906,True,9
60,img_00060.jpg,A store with a taxi and bus parked out front,0,0,51017,9ffe2ce50d455db00d018b84670d791f,640,480,RGB,JPEG,95.043212890625,57.741172790527344,True,10
61,img_00061.jpg,A store with a taxi and bus parked out front,1,1,95009,0c6112b1990ad7890227b4216464a6a8,768,768,RGB,JPEG,114.41650390625,49.38422775268555,True,10
62,img_00062.jpg,A store with a taxi and bus parked out front,1,2,139181,1d59c7440c79974eaecce20fea118c82,1024,1024,RGB,JPEG,109.40087890625,44.531463623046875,True,10
63,img_00063.jpg,A store with a taxi and bus parked out front,1,3,207761,34754d1bb6be5b4d688a96cc03d951dc,1024,1024,RGB,JPEG,112.568359375,57.31871795654297,True,10
64,img_00064.jpg,A store with a taxi and bus parked out front,1,4,23650,58c259754c182025f7df9ef10711a35c,270,270,RGB,JPEG,162.82275390625,62.53972625732422,True,10
65,img_00065.jpg,A store with a taxi and bus parked out front,1,5,31393,ca926d2dae753fac73319513eab685f3,436,436,RGB,JPEG,62.76513671875,42.13649368286133,True,10
66,img_00066.jpg,A white toilet sitting in a bathroom next to a wall.,0,0,31439,f33a72d96877dcb4b37e2ff4d557d569,640,480,RGB,JPEG,99.361572265625,44.26516342163086,True,11
67,img_00067.jpg,A white toilet sitting in a bathroom next to a wall.,1,1,55941,5500019b9f878f9ede0bd958912499c2,768,768,RGB,JPEG,145.024169921875,40.20998001098633,True,11
68,img_00068.jpg,A white toilet sitting in a bathroom next to a wall.,1,2,62358,cd4f4c75eebf111428eded8d275b53fe,1024,1024,RGB,JPEG,162.297119140625,32.284053802490234,True,11
69,img_00069.jpg,A white toilet sitting in a bathroom next to a wall.,1,3,93517,6c19fea0991dcbdb936f85270e21ca9c,1024,1024,RGB,JPEG,135.648681640625,64.86769104003906,True,11
70,img_00070.jpg,A white toilet sitting in a bathroom next to a wall.,1,4,12796,73e7a1a83478f28f9a045db983883aee,270,270,RGB,JPEG,111.557373046875,62.60295486450195,True,11
71,img_00071.jpg,A white toilet sitting in a bathroom next to a wall.,1,5,20339,6f96a8e0039f6c063ed0378acb77677f,436,436,RGB,JPEG,135.755615234375,50.70743179321289,True,11
72,img_00072.jpg,A wooden bench with a black box on top of it.,0,0,63950,425e45e00d8b77815e937e512056c5e6,640,480,RGB,JPEG,130.22998046875,34.81324005126953,True,12
73,img_00073.jpg,A wooden bench with a black box on top of it.,1,1,58317,98178c65133f5e0d4b8cbcc666589aac,768,768,RGB,JPEG,130.02587890625,62.19087600708008,True,12
74,img_00074.jpg,A wooden bench with a black box on top of it.,1,2,64771,9161aef041eb8035596bd8253a418cf5,1024,1024,RGB,JPEG,127.50341796875,48.635719299316406,True,12
75,img_00075.jpg,A wooden bench with a black box on top of it.,1,3,85946,505559403bc9b4369d5b940a7661069c,1024,1024,RGB,JPEG,117.83544921875,75.46527862548828,True,12
76,img_00076.jpg,A wooden bench with a black box on top of it.,1,4,16090,979c3e782171a0faeb0a9fe346c4c886,270,270,RGB,JPEG,147.076416015625,68.95182037353516,True,12
77,img_00077.jpg,A wooden bench with a black box on top of it.,1,5,12164,2cd4322e170c49deeb8757c291d0ede4,436,436,RGB,JPEG,177.419677734375,76.68225860595703,True,12
78,img_00078.jpg,A landing jet airplane kicking up spray on a wet runway.,0,0,32362,e135151122978309dae942249e4b5934,640,427,RGB,JPEG,139.312744140625,54.031944274902344,True,13
79,img_00079.jpg,A landing jet airplane kicking up spray on a wet runway.,1,1,54312,78dbee8bc27f568ac3209cd40f280f2e,768,768,RGB,JPEG,133.6591796875,45.37093734741211,True,13
80,img_00080.jpg,A landing jet airplane kicking up spray on a wet runway.,1,2,69018,a040b3c6cac0b7989a7b7ae01670df90,1024,1024,RGB,JPEG,137.187744140625,33.58341598510742,True,13
81,img_00081.jpg,A landing jet airplane kicking up spray on a wet runway.,1,3,64035,0b2e699077dbfb18773dcc1194a5320b,1024,1024,RGB,JPEG,168.394775390625,43.52559280395508,True,13
82,img_00082.jpg,A landing jet airplane kicking up spray on a wet runway.,1,4,14751,21295a3a772c6b596f64bba409637462,270,270,RGB,JPEG,135.435302734375,64.96671295166016,True,13
83,img_00083.jpg,A landing jet airplane kicking up spray on a wet runway.,1,5,23349,fcc970e044556acf19451cd864260f57,436,436,RGB,JPEG,97.587158203125,52.41042709350586,True,13
84,img_00084.jpg,A public bus driving on a city street.,0,0,65108,94e902b96ed45faf4e7fdb84a0ca345d,640,483,RGB,JPEG,89.1142578125,74.90531921386719,True,14
85,img_00085.jpg,A public bus driving on a city street.,1,1,113193,fcbd22ec305859a5438cac02f0a6d2b9,768,768,RGB,JPEG,118.7841796875,51.016929626464844,True,14
86,img_00086.jpg,A public bus driving on a city street.,1,2,151373,60e706e482be57dd8c3e4593338f4528,1024,1024,RGB,JPEG,102.756591796875,45.36427307128906,True,14
87,img_00087.jpg,A public bus driving on a city street.,1,3,174703,ae4b1c48e546814b991cb74f94769d77,1024,1024,RGB,JPEG,129.06201171875,73.84400939941406,True,14
88,img_00088.jpg,A public bus driving on a city street.,1,4,20051,a873449b8dc960c5834e6c11f8fdc769,270,270,RGB,JPEG,116.90869140625,53.18932342529297,True,14
89,img_00089.jpg,A public bus driving on a city street.,1,5,25029,6973bf60f01389fc95beaebe9b72f6f6,436,436,RGB,JPEG,101.168701171875,64.0420150756836,True,14
90,img_00090.jpg,"Road construction and street signs in Cape Town, SA",0,0,70707,d26a2857f752063bb102d40df080bdb3,640,427,RGB,JPEG,141.522216796875,78.04774475097656,True,15
91,img_00091.jpg,"Road construction and street signs in Cape Town, SA",1,1,88323,f59e2380f99ac263c2d39718dcfc2dc6,768,768,RGB,JPEG,126.53759765625,44.038108825683594,True,15
92,img_00092.jpg,"Road construction and street signs in Cape Town, SA",1,2,155231,2ba748f7351ad7261a1fec512e51dad9,1024,1024,RGB,JPEG,105.347412109375,33.43964385986328,True,15
93,img_00093.jpg,"Road construction and street signs in Cape Town, SA",1,3,230421,d8fbca9b57dbb3aeec027aad05353b2c,1024,1024,RGB,JPEG,129.353515625,46.16356658935547,True,15
94,img_00094.jpg,"Road construction and street signs in Cape Town, SA",1,4,21778,e67ee9a10f4bd34bf64d5a5d41f847e3,270,270,RGB,JPEG,98.48388671875,50.70090866088867,True,15
95,img_00095.jpg,"Road construction and street signs in Cape Town, SA",1,5,35218,bb08c0d01a0a01af127573089b2d6120,436,436,RGB,JPEG,115.399658203125,59.09010314941406,True,15
96,img_00096.jpg,A large orange bus that is rolling down the street.,0,0,66501,a81a7491084c911b14cd7f3904e2cfde,640,425,RGB,JPEG,99.577880859375,60.32003402709961,True,16
97,img_00097.jpg,A large orange bus that is rolling down the street.,1,1,85814,4477fa9f6798dd34f0614e02e9ee0f80,768,768,RGB,JPEG,116.75634765625,49.5211067199707,True,16
98,img_00098.jpg,A large orange bus that is rolling down the street.,1,2,158021,3d074f48d7dd805724767c53833f3fa9,1024,1024,RGB,JPEG,107.144775390625,48.6492919921875,True,16
99,img_00099.jpg,A large orange bus that is rolling down the street.,1,3,149169,6b4e877338f35c1bf9f83ad1a0ca9e5f,1024,1024,RGB,JPEG,140.580322265625,63.70983123779297,True,16
100,img_00100.jpg,A large orange bus that is rolling down the street.,1,4,19263,d4a82cf2d06bb5b47973cede3e83bdf3,270,270,RGB,JPEG,135.908203125,53.57730484008789,True,16
101,img_00101.jpg,A large orange bus that is rolling down the street.,1,5,34083,c126dd1ea43520f40cfa25d9963542f7,436,436,RGB,JPEG,106.33203125,58.503170013427734,True,16
102,img_00102.jpg,A pair of dogs sit on a bathroom rug.,0,0,47316,a22579aa80ac5a7da68ae3a810a46562,480,640,RGB,JPEG,118.388427734375,50.20475387573242,True,17
103,img_00103.jpg,A pair of dogs sit on a bathroom rug.,1,1,87013,7b5b4b16fc987e8fcafaf663be72cb86,768,768,RGB,JPEG,114.019775390625,65.2908935546875,True,17
104,img_00104.jpg,A pair of dogs sit on a bathroom rug.,1,2,103136,39c0bdc351e0ab4b6fc5c2c4f9506ee4,1024,1024,RGB,JPEG,138.581787109375,41.51850509643555,True,17
105,img_00105.jpg,A pair of dogs sit on a bathroom rug.,1,3,145021,bbb76a08ea4ff790bcee6b054fd5e7e2,1024,1024,RGB,JPEG,164.681884765625,63.75642395019531,True,17
106,img_00106.jpg,A pair of dogs sit on a bathroom rug.,1,4,18723,23b951f2212738d29b23f82f72c7c819,270,270,RGB,JPEG,117.05615234375,57.24895477294922,True,17
107,img_00107.jpg,A pair of dogs sit on a bathroom rug.,1,5,26880,00ba604dd51defcd302bded9441246a8,436,436,RGB,JPEG,154.30322265625,46.965118408203125,True,17
108,img_00108.jpg,The sky is cloudy over a stop sign.,0,0,42886,295b6ece769f16e54988e190ae49fe71,640,480,RGB,JPEG,142.82763671875,40.330291748046875,True,18
109,img_00109.jpg,The sky is cloudy over a stop sign.,1,1,73526,926db85032f10f1e4c8e98f865dff6d9,768,768,RGB,JPEG,142.905029296875,57.16349792480469,True,18
110,img_00110.jpg,The sky is cloudy over a stop sign.,1,2,58228,553fdc53c3b10ac258ce2847ca9e4b0b,1024,1024,RGB,JPEG,140.597412109375,35.86835479736328,True,18
111,img_00111.jpg,The sky is cloudy over a stop sign.,1,3,57683,ae007de8340046de356ae1a798f26651,1024,1024,RGB,JPEG,157.5908203125,58.32763671875,True,18
112,img_00112.jpg,The sky is cloudy over a stop sign.,1,4,13852,526f84ab8dcf76c4232ac5280132eee2,270,270,RGB,JPEG,122.52001953125,57.068546295166016,True,18
113,img_00113.jpg,The sky is cloudy over a stop sign.,1,5,23604,38de67836ff25b9dfaccbaa4cfb99e36,436,436,RGB,JPEG,103.89794921875,53.823612213134766,True,18
114,img_00114.jpg,A pink cookie jar on a tile kitchen counter.,0,0,29761,c2c47a7cb7dc88a490dd958a32c3f65f,640,427,RGB,JPEG,114.450927734375,68.68309020996094,True,19
115,img_00115.jpg,A pink cookie jar on a tile kitchen counter.,1,1,53208,a5c54d557ee7ba8f4c0406f2b15a22a1,768,768,RGB,JPEG,123.493408203125,48.48417663574219,True,19
116,img_00116.jpg,A pink cookie jar on a tile kitchen counter.,1,2,70905,bc7a0cc6b5150732bb792ccca0d7a326,1024,1024,RGB,JPEG,152.0888671875,42.687068939208984,True,19
117,img_00117.jpg,A pink cookie jar on a tile kitchen counter.,1,3,58570,47072db37ccca0ffececedce27b96d5b,1024,1024,RGB,JPEG,182.51806640625,52.98586654663086,True,19
118,img_00118.jpg,A pink cookie jar on a tile kitchen counter.,1,4,14692,6e984e83531cdc6082096f82f38065a1,270,270,RGB,JPEG,145.151123046875,54.890628814697266,True,19
119,img_00119.jpg,A pink cookie jar on a tile kitchen counter.,1,5,26508,75119d7498108b62ef20c6ccad6db991,436,436,RGB,JPEG,136.0576171875,50.55149841308594,True,19
120,img_00120.jpg,People holding umbrellas with a blue light in back.,0,0,26429,b5b64ef7a5e27fc989add4ee9386822c,640,480,RGB,JPEG,30.08349609375,45.696685791015625,True,20
121,img_00121.jpg,People holding umbrellas with a blue light in back.,1,1,110085,4e8603b70ba60d07e01c3edc89979b3d,768,768,RGB,JPEG,101.117431640625,65.68482971191406,True,20
122,img_00122.jpg,People holding umbrellas with a blue light in back.,1,2,108374,3eacdc0a920d46fd2134225e3b71fd96,1024,1024,RGB,JPEG,96.674560546875,49.00141143798828,True,20
123,img_00123.jpg,People holding umbrellas with a blue light in back.,1,3,106650,3993ad39d9a8a9dd0fbbb1d420760135,1024,1024,RGB,JPEG,56.19482421875,59.61981201171875,True,20
124,img_00124.jpg,People holding umbrellas with a blue light in back.,1,4,22035,fc12b1c31ff0ccca9a515f68b7a2c36e,270,270,RGB,JPEG,82.96875,58.817291259765625,True,20
125,img_00125.jpg,People holding umbrellas with a blue light in back.,1,5,20412,9a822bd5b0cc17c9422167358271a5c3,436,436,RGB,JPEG,65.81787109375,54.286346435546875,True,20
126,img_00126.jpg,Decorated elephant statue near many bicycles in racks.,0,0,88892,acff9c7b5c40e9fc6b0c053cd1b75d82,640,480,RGB,JPEG,100.99169921875,58.08689880371094,True,21
127,img_00127.jpg,Decorated elephant statue near many bicycles in racks.,1,1,163115,4ca884464c39f6d67fa144c98c1f7f09,768,768,RGB,JPEG,108.73486328125,52.46407699584961,True,21
128,img_00128.jpg,Decorated elephant statue near many bicycles in racks.,1,2,182354,c676bec3e916375358d71cfa04720045,1024,1024,RGB,JPEG,99.702880859375,45.75590896606445,True,21
129,img_00129.jpg,Decorated elephant statue near many bicycles in racks.,1,3,269324,66ae76ae8a82e023b207539f4f2a3511,1024,1024,RGB,JPEG,156.617431640625,64.70501708984375,True,21
130,img_00130.jpg,Decorated elephant statue near many bicycles in racks.,1,4,26500,11023a19b4cf1b825532dae88a56e756,270,270,RGB,JPEG,105.114990234375,50.249019622802734,True,21
131,img_00131.jpg,Decorated elephant statue near many bicycles in racks.,1,5,39057,e2448bfbd078f65d1fd58479d11bf13a,436,436,RGB,JPEG,80.946533203125,42.013160705566406,True,21
132,img_00132.jpg,A stop sign that has been tagged with graffiti.,0,0,43538,b361b09d26bc34ca24d4db0db040174b,640,480,RGB,JPEG,109.368408203125,84.04954528808594,True,22
133,img_00133.jpg,A stop sign that has been tagged with graffiti.,1,1,85436,a5c86615cd934b2d75af3d76455b9c1b,768,768,RGB,JPEG,116.593017578125,67.3001480102539,True,22
134,img_00134.jpg,A stop sign that has been tagged with graffiti.,1,2,144215,0158a5c8450a6b6929a87ae823c13c33,1024,1024,RGB,JPEG,102.910888671875,45.11627197265625,True,22
135,img_00135.jpg,A stop sign that has been tagged with graffiti.,1,3,299606,8ee0f7f3c668dbc2e0917fb5dca6fac2,1024,1024,RGB,JPEG,138.34814453125,55.11510467529297,True,22
136,img_00136.jpg,A stop sign that has been tagged with graffiti.,1,4,24453,f8b59e0e6b2f86a80de67353d3b4fdfd,270,270,RGB,JPEG,95.677490234375,62.99254608154297,True,22
137,img_00137.jpg,A stop sign that has been tagged with graffiti.,1,5,27616,cb67ab70e418be465317611935924768,436,436,RGB,JPEG,109.83154296875,60.41807174682617,True,22
138,img_00138.jpg,A long haired cat lounging on top of a car.,0,0,39490,627b861b82e9840fcde3224b044c94a6,640,427,RGB,JPEG,106.29931640625,57.75925064086914,True,23
139,img_00139.jpg,A long haired cat lounging on top of a car.,1,1,106643,bbd7f9e46d7fd7b4adb7b84ade39be8d,768,768,RGB,JPEG,116.1748046875,52.03044128417969,True,23
140,img_00140.jpg,A long haired cat lounging on top of a car.,1,2,107261,910f919971df51eca452bcff8bf943a5,1024,1024,RGB,JPEG,116.829345703125,48.04326629638672,True,23
141,img_00141.jpg,A long haired cat lounging on top of a car.,1,3,99500,8163a3e3a297c35c380485098a49c535,1024,1024,RGB,JPEG,150.68408203125,86.76422119140625,True,23
142,img_00142.jpg,A long haired cat lounging on top of a car.,1,4,15115,72dba895bba4644d00122d7c3ae299a6,270,270,RGB,JPEG,139.211181640625,62.95252227783203,True,23
143,img_00143.jpg,A long haired cat lounging on top of a car.,1,5,17350,9b96aeee3641d4ec127b9f4637f18eef,436,436,RGB,JPEG,135.60107421875,72.88843536376953,True,23
144,img_00144.jpg,A bathroom with an enclosed shower next to a sink and a toilet.,0,0,42622,d5ec0519447c4e445a7b9bbb06101e16,640,429,RGB,JPEG,155.46728515625,55.35044479370117,True,24
145,img_00145.jpg,A bathroom with an enclosed shower next to a sink and a toilet.,1,1,54347,4756f0fed5bd9bbbb813eca2c4c1b367,768,768,RGB,JPEG,134.71484375,35.2131462097168,True,24
146,img_00146.jpg,A bathroom with an enclosed shower next to a sink and a toilet.,1,2,99246,628a7fd1e7fc4109b5c6f294bc7de363,1024,1024,RGB,JPEG,127.07177734375,43.57329559326172,True,24
147,img_00147.jpg,A bathroom with an enclosed shower next to a sink and a toilet.,1,3,79273,5ccfaaa54b36fc6d6ce368015531836d,1024,1024,RGB,JPEG,166.07958984375,44.5555305480957,True,24
148,img_00148.jpg,A bathroom with an enclosed shower next to a sink and a toilet.,1,4,17795,4187ed6208d0616daee37266c1e15c1e,270,270,RGB,JPEG,122.8564453125,54.8455810546875,True,24
149,img_00149.jpg,A bathroom with an enclosed shower next to a sink and a toilet.,1,5,22813,056e127945ca5fdbea352dd146663fee,436,436,RGB,JPEG,141.333984375,44.894535064697266,True,24
150,img_00150.jpg,A tall giraffe in a green grassy field.,0,0,78944,f644e0874df72cb7a61885d19f2196a9,480,640,RGB,JPEG,129.269775390625,20.626201629638672,True,25
151,img_00151.jpg,A tall giraffe in a green grassy field.,1,1,70774,7ea2761159c00916f5b412bb9cedbb2b,768,768,RGB,JPEG,107.0126953125,48.48760223388672,True,25
152,img_00152.jpg,A tall giraffe in a green grassy field.,1,2,115378,cefbc883af24b363bf50059ac0873884,1024,1024,RGB,JPEG,120.240478515625,37.00910949707031,True,25
153,img_00153.jpg,A tall giraffe in a green grassy field.,1,3,176798,3f4fd28597816e24db47a2e359fe0a25,1024,1024,RGB,JPEG,158.943603515625,30.498342514038086,True,25
154,img_00154.jpg,A tall giraffe in a green grassy field.,1,4,14029,84d9c99c75ead5569de1d24ac4dd3b70,270,270,RGB,JPEG,124.29833984375,64.43679809570312,True,25
155,img_00155.jpg,A tall giraffe in a green grassy field.,1,5,25707,cd93b721e745f4dd04eddd9cea39d805,436,436,RGB,JPEG,145.050048828125,64.91729736328125,True,25
156,img_00156.jpg,The black cat is laying on top of books on the shelf. ,0,0,40520,8f713336cfe33a5e354fcc2ec00cfa2e,457,640,RGB,JPEG,111.259765625,75.66325378417969,True,26
157,img_00157.jpg,The black cat is laying on top of books on the shelf. ,1,1,123348,135f22d2fc66993381b19a91ca5bed6e,768,768,RGB,JPEG,118.59228515625,64.2693862915039,True,26
158,img_00158.jpg,The black cat is laying on top of books on the shelf. ,1,2,110823,48226c6944ef5bcdc433288164703e3c,1024,1024,RGB,JPEG,134.29443359375,61.76439666748047,True,26
159,img_00159.jpg,The black cat is laying on top of books on the shelf. ,1,3,93907,387938dcc4f882669f5cde5872623b65,1024,1024,RGB,JPEG,125.97509765625,82.54287719726562,True,26
160,img_00160.jpg,The black cat is laying on top of books on the shelf. ,1,4,16563,58a80fb80a2819c2b671d2fcfdf4812f,270,270,RGB,JPEG,119.29150390625,75.27864074707031,True,26
161,img_00161.jpg,The black cat is laying on top of books on the shelf. ,1,5,26580,2eed23aa184a3363641b528217d38773,436,436,RGB,JPEG,72.9921875,55.6916389465332,True,26
162,img_00162.jpg,An orange cat laying in front of  a green wooden bench.,0,0,84298,b3d59c0053f70deca1290e2926ef2eea,640,480,RGB,JPEG,139.906494140625,44.92567443847656,True,27
163,img_00163.jpg,An orange cat laying in front of  a green wooden bench.,1,1,81198,369af2774ea9b70f9dd7393b9ad9a325,768,768,RGB,JPEG,116.609619140625,41.30381393432617,True,27
164,img_00164.jpg,An orange cat laying in front of  a green wooden bench.,1,2,130335,8245cae2c0ed813bf90d7123831d5fe2,1024,1024,RGB,JPEG,126.531005859375,44.80849838256836,True,27
165,img_00165.jpg,An orange cat laying in front of  a green wooden bench.,1,3,119272,2707b8e3dafa4a29ecad7fd1ffd05b22,1024,1024,RGB,JPEG,121.486572265625,66.40312957763672,True,27
166,img_00166.jpg,An orange cat laying in front of  a green wooden bench.,1,4,16320,c4c3b5734f5e1cbd70811965b88152bd,270,270,RGB,JPEG,75.578125,49.10189437866211,True,27
167,img_00167.jpg,An orange cat laying in front of  a green wooden bench.,1,5,25719,5b584b1504993946315f1d988e78976b,436,436,RGB,JPEG,98.900634765625,48.699790954589844,True,27
168,img_00168.jpg,A group of fire fighters working on a fire hydrant.,0,0,46592,7da7c63dde1bc0c4ad195dbce7d3adad,640,424,RGB,JPEG,136.464599609375,48.23524475097656,True,28
169,img_00169.jpg,A group of fire fighters working on a fire hydrant.,1,1,114940,eb182e0a883f2e01fe2921a6b38fb0c0,768,768,RGB,JPEG,109.194091796875,50.60946273803711,True,28
170,img_00170.jpg,A group of fire fighters working on a fire hydrant.,1,2,136497,017de3c9463ed3a7514db28a52cd02db,1024,1024,RGB,JPEG,109.163818359375,48.2786750793457,True,28
171,img_00171.jpg,A group of fire fighters working on a fire hydrant.,1,3,204234,5438baa9308a56937e8bdbb36ca3639b,1024,1024,RGB,JPEG,136.417724609375,66.22782897949219,True,28
172,img_00172.jpg,A group of fire fighters working on a fire hydrant.,1,4,21886,b58fa6dd3874b41b068348bd7f7b4657,270,270,RGB,JPEG,97.9755859375,61.35085678100586,True,28
173,img_00173.jpg,A group of fire fighters working on a fire hydrant.,1,5,24557,dc83017172782c8f23ab1efc1072fed4,436,436,RGB,JPEG,41.2021484375,44.45243453979492,True,28
174,img_00174.jpg,A water-stained cathedral/clock-tower enveloped by various green vines.,0,0,94992,af5e7eee472a49055ab691a1a0b5e2c7,480,640,RGB,JPEG,103.008056640625,56.8572998046875,True,29
175,img_00175.jpg,A water-stained cathedral/clock-tower enveloped by various green vines.,1,1,143228,41059a5065edd193bc2d95f340925695,768,768,RGB,JPEG,116.798095703125,44.364952087402344,True,29
176,img_00176.jpg,A water-stained cathedral/clock-tower enveloped by various green vines.,1,2,190022,4d43fb080a9fa1cd0646b5188e3dfa1c,1024,1024,RGB,JPEG,91.68701171875,42.80253982543945,True,29
177,img_00177.jpg,A water-stained cathedral/clock-tower enveloped by various green vines.,1,3,416105,721938df4c9acf9a91b8a9b41c9f27b0,1024,1024,RGB,JPEG,99.535888671875,64.19969940185547,True,29
178,img_00178.jpg,A water-stained cathedral/clock-tower enveloped by various green vines.,1,4,21601,d0969013b27e305966683724c6067c06,270,270,RGB,JPEG,71.51025390625,50.86492156982422,True,29
179,img_00179.jpg,A water-stained cathedral/clock-tower enveloped by various green vines.,1,5,26383,078197762ee08a321875601a9a295af5,436,436,RGB,JPEG,62.86767578125,36.726715087890625,True,29
180,img_00180.jpg,A man sitting under a stop sign on the side of street.,0,0,31967,7f34b4f4bdadb312f986bb2cd5f9fa51,411,411,RGB,JPEG,83.08447265625,47.29940414428711,True,30
181,img_00181.jpg,A man sitting under a stop sign on the side of street.,1,1,84366,416cb8d2fd0cba48721ad87d7c2fe0a5,768,768,RGB,JPEG,116.489990234375,64.3213882446289,True,30
182,img_00182.jpg,A man sitting under a stop sign on the side of street.,1,2,119093,b47b563f45988a27a77155fecd45aa9f,1024,1024,RGB,JPEG,124.69580078125,48.89571762084961,True,30
183,img_00183.jpg,A man sitting under a stop sign on the side of street.,1,3,176775,c36c2fda09496a0516bb58591614655d,1024,1024,RGB,JPEG,133.2451171875,77.65298461914062,True,30
184,img_00184.jpg,A man sitting under a stop sign on the side of street.,1,4,17241,848bafd93ca83f8a7ad88f470b423421,270,270,RGB,JPEG,113.109130859375,65.71790313720703,True,30
185,img_00185.jpg,A man sitting under a stop sign on the side of street.,1,5,23004,cd50e9ee0dec19d17bd737a2260f7bca,436,436,RGB,JPEG,79.290283203125,78.80379486083984,True,30
186,img_00186.jpg,Cars parked and driving in front of a school.,0,0,81568,1aec2ade3fa8704323a5da3c14b2fadc,428,640,RGB,JPEG,132.228271484375,62.062198638916016,True,31
187,img_00187.jpg,Cars parked and driving in front of a school.,1,1,85879,0d06417c06e89588f408e5d381555ca6,768,768,RGB,JPEG,127.986328125,45.75313949584961,True,31
188,img_00188.jpg,Cars parked and driving in front of a school.,1,2,112155,005a8ef924e43d7f9bff6e92d87e43ba,1024,1024,RGB,JPEG,121.732666015625,51.54649353027344,True,31
189,img_00189.jpg,Cars parked and driving in front of a school.,1,3,149309,abd2e0a2b113b32bb8ce05b3fa522989,1024,1024,RGB,JPEG,137.82080078125,62.79804611206055,True,31
190,img_00190.jpg,Cars parked and driving in front of a school.,1,4,23183,9534361ea1ac8e1d189f002891e05833,270,270,RGB,JPEG,129.262939453125,52.18356704711914,True,31
191,img_00191.jpg,Cars parked and driving in front of a school.,1,5,26786,49b0d42d7af4b5d602b3ce98f6543379,436,436,RGB,JPEG,158.838134765625,59.11824035644531,True,31
192,img_00192.jpg,"very small bath with stand-up shower, commode and sink",0,0,41109,00a4ee8d72325472601f5868499a00d1,640,480,RGB,JPEG,117.406494140625,61.95001983642578,True,32
193,img_00193.jpg,"very small bath with stand-up shower, commode and sink",1,1,47723,96384adb0cbd36ba83cc454cf6e2c48c,768,768,RGB,JPEG,113.91552734375,43.4680061340332,True,32
194,img_00194.jpg,"very small bath with stand-up shower, commode and sink",1,2,81210,1e8be4d9deda3793afc04e7268006903,1024,1024,RGB,JPEG,145.53271484375,36.97887420654297,True,32
195,img_00195.jpg,"very small bath with stand-up shower, commode and sink",1,3,75084,b2ad48745e3afda3f8a49a668cd49976,1024,1024,RGB,JPEG,143.221435546875,46.721717834472656,True,32
196,img_00196.jpg,"very small bath with stand-up shower, commode and sink",1,4,14768,419d80708164969feeb4a363e8430029,270,270,RGB,JPEG,110.422607421875,53.3179931640625,True,32
197,img_00197.jpg,"very small bath with stand-up shower, commode and sink",1,5,21665,f0a323e0ce3eb114b1b973d75640ef2d,436,436,RGB,JPEG,81.1806640625,49.484127044677734,True,32
198,img_00198.jpg,a close up of a banana on a plate next to a bowl,0,0,35314,67568837c5b65febc69a4cd461c22ed0,640,480,RGB,JPEG,105.198974609375,68.53297424316406,True,33
199,img_00199.jpg,a close up of a banana on a plate next to a bowl,1,1,131809,ae5a62a01d2dbfbe034768269be50082,768,768,RGB,JPEG,125.004150390625,61.238136291503906,True,33
200,img_00200.jpg,a close up of a banana on a plate next to a bowl,1,2,57384,f493a6e3e5c6e8fa10c4d56abd2b9683,1024,1024,RGB,JPEG,137.341796875,37.4349365234375,True,33
201,img_00201.jpg,a close up of a banana on a plate next to a bowl,1,3,94595,0b77f9f14a9704a1b3ec051b264452ed,1024,1024,RGB,JPEG,153.045654296875,67.5755386352539,True,33
202,img_00202.jpg,a close up of a banana on a plate next to a bowl,1,4,16197,9a629480b9f5495b0582fc4d66ffe180,270,270,RGB,JPEG,112.268310546875,70.6051025390625,True,33
203,img_00203.jpg,a close up of a banana on a plate next to a bowl,1,5,21389,73de5f3c2dd74320c48f30eb30f1268a,436,436,RGB,JPEG,144.484619140625,58.62437438964844,True,33
204,img_00204.jpg,A family of giraffes standing next to a pile of logs.,0,0,99052,46dcedac2050097ede66d20eb68ae669,640,480,RGB,JPEG,140.989013671875,63.207157135009766,True,34
205,img_00205.jpg,A family of giraffes standing next to a pile of logs.,1,1,136323,39fe226ecb129fe7929906ed26a917c2,768,768,RGB,JPEG,106.329833984375,45.26152038574219,True,34
206,img_00206.jpg,A family of giraffes standing next to a pile of logs.,1,2,149068,a86cb2404914c3a08fea20b530ac143d,1024,1024,RGB,JPEG,136.538818359375,49.73527145385742,True,34
207,img_00207.jpg,A family of giraffes standing next to a pile of logs.,1,3,267372,e01497471b76d9f01a68019f04534713,1024,1024,RGB,JPEG,108.07373046875,68.49530792236328,True,34
208,img_00208.jpg,A family of giraffes standing next to a pile of logs.,1,4,20720,85b8aeb546e11ab4242cb40de6dd9533,270,270,RGB,JPEG,150.74462890625,55.38452911376953,True,34
209,img_00209.jpg,A family of giraffes standing next to a pile of logs.,1,5,28931,7226457a9c6666e8c688d240a0f0a77f,436,436,RGB,JPEG,177.125,54.762603759765625,True,34
210,img_00210.jpg,An airplane nose sits in a hangar. ,0,0,36182,af1a8f2dec2f50a65f261f4f856e62d2,640,480,RGB,JPEG,58.9296875,53.93186569213867,True,35
211,img_00211.jpg,An airplane nose sits in a hangar. ,1,1,69030,dd75972ca91d22780e41b7382067fffa,768,768,RGB,JPEG,119.370361328125,50.14939498901367,True,35
212,img_00212.jpg,An airplane nose sits in a hangar. ,1,2,150826,49e7a51eb215557db67ec014b7f4cb33,1024,1024,RGB,JPEG,95.97900390625,50.502464294433594,True,35
213,img_00213.jpg,An airplane nose sits in a hangar. ,1,3,137417,0eb91aea2de03f1f7d687227ac47ffd5,1024,1024,RGB,JPEG,129.205322265625,62.42730712890625,True,35
214,img_00214.jpg,An airplane nose sits in a hangar. ,1,4,18288,58c64117a75fa3bcf4814b05db2890ff,270,270,RGB,JPEG,107.585693359375,63.63114929199219,True,35
215,img_00215.jpg,An airplane nose sits in a hangar. ,1,5,25987,d14ce649cae5e8c5764bbdfffac90b5f,436,436,RGB,JPEG,91.97607421875,58.326114654541016,True,35
216,img_00216.jpg,A professional tennis match from very high up in the stands,0,0,96638,2f590dabecb53477123fd8509e4e7331,640,554,RGB,JPEG,97.216796875,64.60345458984375,True,36
217,img_00217.jpg,A professional tennis match from very high up in the stands,1,1,158114,581b2c704146cacb59b1296c0e662502,768,768,RGB,JPEG,111.64501953125,44.38641357421875,True,36
218,img_00218.jpg,A professional tennis match from very high up in the stands,1,2,227181,3e4c3605de51d106efb0ab78cb0c5da7,1024,1024,RGB,JPEG,84.568115234375,32.38004684448242,True,36
219,img_00219.jpg,A professional tennis match from very high up in the stands,1,3,217517,f9e6e4c82566e848b9a52a12b7daee38,1024,1024,RGB,JPEG,92.05126953125,42.019657135009766,True,36
220,img_00220.jpg,A professional tennis match from very high up in the stands,1,4,24049,e34487b633b5816270d478e4d11a0a64,270,270,RGB,JPEG,140.360595703125,42.75990676879883,True,36
221,img_00221.jpg,A professional tennis match from very high up in the stands,1,5,29743,b9a89ce030597ead551ebc9d947bed0a,436,436,RGB,JPEG,85.9521484375,47.96009063720703,True,36
222,img_00222.jpg,"A man standing with his back to a mirror, but his reflection facing him. ",0,0,40439,753fcab8419a51adfecfecadec50d144,640,426,RGB,JPEG,82.4267578125,73.81282806396484,True,37
223,img_00223.jpg,"A man standing with his back to a mirror, but his reflection facing him. ",1,1,45954,a65422208d9f38950f70f270353f9ec9,768,768,RGB,JPEG,124.936767578125,51.67424392700195,True,37
224,img_00224.jpg,"A man standing with his back to a mirror, but his reflection facing him. ",1,2,69727,87a1e0748f1049214131a01e0133518a,1024,1024,RGB,JPEG,128.554931640625,47.84430694580078,True,37
225,img_00225.jpg,"A man standing with his back to a mirror, but his reflection facing him. ",1,3,76048,2d181a2bcfe3347d3c2da23cd07a383b,1024,1024,RGB,JPEG,138.348388671875,111.01858520507812,True,37
226,img_00226.jpg,"A man standing with his back to a mirror, but his reflection facing him. ",1,4,13700,16f85dff96d176e98e5d4826dfc1399e,270,270,RGB,JPEG,83.1826171875,60.380157470703125,True,37
227,img_00227.jpg,"A man standing with his back to a mirror, but his reflection facing him. ",1,5,9457,2ce109a37764490f7b3563fd99a34686,436,436,RGB,JPEG,60.044189453125,29.86566162109375,True,37
228,img_00228.jpg,A bathroom with a white toilet underneath a window.,0,0,25844,f9d6df92c98c5a685bcb6ae5c353a5e5,500,375,RGB,JPEG,173.562255859375,43.74845886230469,True,38
229,img_00229.jpg,A bathroom with a white toilet underneath a window.,1,1,75528,8ec576907415ad26c775edbb13492592,768,768,RGB,JPEG,126.199462890625,45.4561882019043,True,38
230,img_00230.jpg,A bathroom with a white toilet underneath a window.,1,2,82801,3c76c8a9b718be20ff23677ef6ea31aa,1024,1024,RGB,JPEG,161.957763671875,34.72908401489258,True,38
231,img_00231.jpg,A bathroom with a white toilet underneath a window.,1,3,60870,be9f85fc0ca586182ea9589abea848e1,1024,1024,RGB,JPEG,112.381103515625,70.36404418945312,True,38
232,img_00232.jpg,A bathroom with a white toilet underneath a window.,1,4,12888,ef38a5a7f6c81705f97722d7e02e2714,270,270,RGB,JPEG,121.189697265625,67.19471740722656,True,38
233,img_00233.jpg,A bathroom with a white toilet underneath a window.,1,5,19778,fca8ed5a61f6eb27f94eb9ca89b9c7ac,436,436,RGB,JPEG,138.372802734375,34.4772834777832,True,38
234,img_00234.jpg,People are milling about on a city street. ,0,0,66709,0f850570dde34d3927909f4c27b5767e,640,374,RGB,JPEG,116.659423828125,60.837303161621094,True,39
235,img_00235.jpg,People are milling about on a city street. ,1,1,126549,79e1b25cdf06eb75dccf282ba96e64cd,768,768,RGB,JPEG,129.586669921875,53.30297088623047,True,39
236,img_00236.jpg,People are milling about on a city street. ,1,2,160650,5fdd946cfd6c4d77beed9c28783a960c,1024,1024,RGB,JPEG,102.57666015625,39.65870666503906,True,39
237,img_00237.jpg,People are milling about on a city street. ,1,3,165215,02bd99356e1c570591213be6ff66ef62,1024,1024,RGB,JPEG,111.7041015625,75.83282470703125,True,39
238,img_00238.jpg,People are milling about on a city street. ,1,4,20090,106567cd4814783911cb8c18e8220c8b,270,270,RGB,JPEG,124.105712890625,50.602333068847656,True,39
239,img_00239.jpg,People are milling about on a city street. ,1,5,34193,ebb5bfc9a4b1fc32987e9013e2ea9884,436,436,RGB,JPEG,131.6904296875,50.75863265991211,True,39
240,img_00240.jpg,A toilet is sitting in an empty bathroom with a shower.,0,0,33316,1694c6dc44e5e5206f4fbe98a37f8198,480,640,RGB,JPEG,102.012451171875,53.13467788696289,True,40
241,img_00241.jpg,A toilet is sitting in an empty bathroom with a shower.,1,1,45894,bcdb5235c32e5fc564cd3473d4196860,768,768,RGB,JPEG,130.51416015625,42.05056381225586,True,40
242,img_00242.jpg,A toilet is sitting in an empty bathroom with a shower.,1,2,70877,7b7bf2098e1f49c2a08abba4d6b9d751,1024,1024,RGB,JPEG,141.7216796875,28.367385864257812,True,40
243,img_00243.jpg,A toilet is sitting in an empty bathroom with a shower.,1,3,60895,ee09b8df063f49b1e7966e9fb44a733f,1024,1024,RGB,JPEG,140.5615234375,59.41714096069336,True,40
244,img_00244.jpg,A toilet is sitting in an empty bathroom with a shower.,1,4,13521,938fd0ee1a8b0f8b934530ca94ab32b3,270,270,RGB,JPEG,114.6064453125,61.50733947753906,True,40
245,img_00245.jpg,A toilet is sitting in an empty bathroom with a shower.,1,5,18141,b697218bba015561a683b148aeeb81f1,436,436,RGB,JPEG,147.89990234375,48.24740219116211,True,40
246,img_00246.jpg,a woman is on a poster hanging outside,0,0,55444,7482aecaeb7943b2bcaa28e0db3375cd,476,640,RGB,JPEG,141.605224609375,65.11672973632812,True,41
247,img_00247.jpg,a woman is on a poster hanging outside,1,1,76440,2a5b5c5b3a577cd5259af0398533ed87,768,768,RGB,JPEG,118.04150390625,58.96908187866211,True,41
248,img_00248.jpg,a woman is on a poster hanging outside,1,2,89033,0dc4f6d9571dc6930f1d36ed42dc46fa,1024,1024,RGB,JPEG,132.250732421875,53.05190658569336,True,41
249,img_00249.jpg,a woman is on a poster hanging outside,1,3,156842,ed4b25badff4aa09b2b25ae166b73dd6,1024,1024,RGB,JPEG,112.76953125,68.84933471679688,True,41
250,img_00250.jpg,a woman is on a poster hanging outside,1,4,22148,fb1f1e115a48a88c1cd83b9c81cb0788,270,270,RGB,JPEG,111.490234375,55.223541259765625,True,41
251,img_00251.jpg,a woman is on a poster hanging outside,1,5,23021,3390d70e0f6d1db315ffa61a4e5f53a9,436,436,RGB,JPEG,87.84228515625,54.4700927734375,True,41
252,img_00252.jpg,"Photo of a white towel, plunger and a wall air freshener.",0,0,25707,eb9282a02a98becade5d657c244696de,480,640,RGB,JPEG,103.66455078125,37.940284729003906,True,42
253,img_00253.jpg,"Photo of a white towel, plunger and a wall air freshener.",1,1,95186,33cb7bf74bb0e80e190194673a25ad0f,768,768,RGB,JPEG,106.831298828125,66.04219055175781,True,42
254,img_00254.jpg,"Photo of a white towel, plunger and a wall air freshener.",1,2,57836,c81e817748a477fb3b82fbd00e6ba6db,1024,1024,RGB,JPEG,161.1962890625,46.00392150878906,True,42
255,img_00255.jpg,"Photo of a white towel, plunger and a wall air freshener.",1,3,134669,f2229f50e9313efeb16924c55957897f,1024,1024,RGB,JPEG,177.80078125,54.088871002197266,True,42
256,img_00256.jpg,"Photo of a white towel, plunger and a wall air freshener.",1,4,16422,430ce263fb4283873ab8f92425b0e144,270,270,RGB,JPEG,132.652587890625,63.897003173828125,True,42
257,img_00257.jpg,"Photo of a white towel, plunger and a wall air freshener.",1,5,16433,cda67719cf1172fb77f012fe8f798d7c,436,436,RGB,JPEG,128.632568359375,54.87575149536133,True,42
258,img_00258.jpg,A street covered in pink confetti next to a red fire hydrant.,0,0,97190,2bef46024d41f57d1224591d136743d6,480,640,RGB,JPEG,116.432373046875,36.4896125793457,True,43
259,img_00259.jpg,A street covered in pink confetti next to a red fire hydrant.,1,1,124885,f745f612e58b18fd32e49c02be2015c5,768,768,RGB,JPEG,121.021484375,59.57207107543945,True,43
260,img_00260.jpg,A street covered in pink confetti next to a red fire hydrant.,1,2,188559,ced2804b11b3cc65deda3377bff78506,1024,1024,RGB,JPEG,119.6298828125,48.437400817871094,True,43
261,img_00261.jpg,A street covered in pink confetti next to a red fire hydrant.,1,3,284655,e39fc335a2cd2ad6c403feab6919a774,1024,1024,RGB,JPEG,146.778076171875,50.16929244995117,True,43
262,img_00262.jpg,A street covered in pink confetti next to a red fire hydrant.,1,4,24078,d399ce6834d6642537b7f1a89835bcd8,270,270,RGB,JPEG,130.193115234375,47.25548553466797,True,43
263,img_00263.jpg,A street covered in pink confetti next to a red fire hydrant.,1,5,35066,ca74f5131beb523610ef25e78f0f34e1,436,436,RGB,JPEG,106.471435546875,36.88735580444336,True,43
264,img_00264.jpg,The white train is at a platform at evening time.,0,0,50444,94552f7a3ae9630e3aaa592d0fb1881b,640,468,RGB,JPEG,84.6982421875,81.90965270996094,True,44
265,img_00265.jpg,The white train is at a platform at evening time.,1,1,125192,53c43e5e713db3b71bc93d25e05b6fa6,768,768,RGB,JPEG,123.87255859375,77.49742126464844,True,44
266,img_00266.jpg,The white train is at a platform at evening time.,1,2,125298,641d523f59822f62147869981fbc7544,1024,1024,RGB,JPEG,112.678955078125,56.247310638427734,True,44
267,img_00267.jpg,The white train is at a platform at evening time.,1,3,163898,d330e22b762dd249d483a380429adc9e,1024,1024,RGB,JPEG,84.90966796875,51.85533905029297,True,44
268,img_00268.jpg,The white train is at a platform at evening time.,1,4,19908,b5d2d3947425a3c8c14cd712c72758ab,270,270,RGB,JPEG,82.346435546875,50.882545471191406,True,44
269,img_00269.jpg,The white train is at a platform at evening time.,1,5,28200,56fedcaf87299686ba99ec34e00e929b,436,436,RGB,JPEG,88.069091796875,62.02886962890625,True,44
270,img_00270.jpg,A cute orange cat sitting on top of a structure.,0,0,70579,7497bfc426cdf093225810a9c3337256,640,427,RGB,JPEG,107.080322265625,52.45246124267578,True,45
271,img_00271.jpg,A cute orange cat sitting on top of a structure.,1,1,68964,39dba3d15be1810ef0d937e30382f0f4,768,768,RGB,JPEG,117.16796875,35.92568588256836,True,45
272,img_00272.jpg,A cute orange cat sitting on top of a structure.,1,2,83931,90054196b320b12e6bd1529afaf1cbd4,1024,1024,RGB,JPEG,130.553466796875,45.70267868041992,True,45
273,img_00273.jpg,A cute orange cat sitting on top of a structure.,1,3,69369,25f9e2f37fcf5e68612d53581ad37b25,1024,1024,RGB,JPEG,155.93310546875,74.20890808105469,True,45
274,img_00274.jpg,A cute orange cat sitting on top of a structure.,1,4,10369,988d3b8ec2a00bed5293df57e9d7ae17,270,270,RGB,JPEG,180.369873046875,62.46404266357422,True,45
275,img_00275.jpg,A cute orange cat sitting on top of a structure.,1,5,16976,7a966e3712cedf56a070579ae3881c04,436,436,RGB,JPEG,161.100830078125,84.40147399902344,True,45
276,img_00276.jpg,A man stares at another man tying a tie.,0,0,29636,9a24fbca7022cac52b231eea23499502,640,427,RGB,JPEG,177.003173828125,46.594783782958984,True,46
277,img_00277.jpg,A man stares at another man tying a tie.,1,1,51303,0a7fd7466ed08bf8ad5c5f334fe482a1,768,768,RGB,JPEG,122.330810546875,55.46879959106445,True,46
278,img_00278.jpg,A man stares at another man tying a tie.,1,2,79142,435f22f3eac59c9b7241e607c6a3ebfa,1024,1024,RGB,JPEG,114.530517578125,52.072940826416016,True,46
279,img_00279.jpg,A man stares at another man tying a tie.,1,3,81298,8fedfa04004545305e6df99addc56bdb,1024,1024,RGB,JPEG,114.9248046875,97.3572998046875,True,46
280,img_00280.jpg,A man stares at another man tying a tie.,1,4,15399,58a7d9883e7ad0228a4090605a20d9f8,270,270,RGB,JPEG,63.592529296875,64.47603607177734,True,46
281,img_00281.jpg,A man stares at another man tying a tie.,1,5,20258,7d62d9593f9ac719ac6463827ae23617,436,436,RGB,JPEG,63.638671875,52.46647644042969,True,46
282,img_00282.jpg,a clean bathroom with tiled walls and a sink,0,0,32577,7c184fd69f734ac68e9272df3e3b87c6,640,480,RGB,JPEG,115.9736328125,45.94871139526367,True,47
283,img_00283.jpg,a clean bathroom with tiled walls and a sink,1,1,105932,5e97c7b0637a8a50052d69fc6e1d6baa,768,768,RGB,JPEG,113.475830078125,40.282806396484375,True,47
284,img_00284.jpg,a clean bathroom with tiled walls and a sink,1,2,77113,a5661c14d3662feec0979381b6904a87,1024,1024,RGB,JPEG,154.43212890625,41.179595947265625,True,47
285,img_00285.jpg,a clean bathroom with tiled walls and a sink,1,3,148984,0e7909af871a8efa0cda00a2b14e347c,1024,1024,RGB,JPEG,170.83740234375,43.88591384887695,True,47
286,img_00286.jpg,a clean bathroom with tiled walls and a sink,1,4,13877,cf09a7a5640288f2947ab08f0d274a9f,270,270,RGB,JPEG,144.395751953125,47.2440299987793,True,47
287,img_00287.jpg,a clean bathroom with tiled walls and a sink,1,5,21351,4ab9bfd34696dc537aeefe77650f7dfd,436,436,RGB,JPEG,153.609619140625,53.70201873779297,True,47
288,img_00288.jpg,Two toilets are in a restroom with a vanity with dual sinks.,0,0,47530,2da53c6da1e0f70645f0d080e8b00485,640,480,RGB,JPEG,92.096435546875,40.92386245727539,True,48
289,img_00289.jpg,Two toilets are in a restroom with a vanity with dual sinks.,1,1,45813,70cb3946f971f8d4626b271f6e0c7eb7,768,768,RGB,JPEG,129.836669921875,46.01792907714844,True,48
290,img_00290.jpg,Two toilets are in a restroom with a vanity with dual sinks.,1,2,78158,eaedbaf69cc1b701130840d36fa40511,1024,1024,RGB,JPEG,140.56591796875,42.84975051879883,True,48
291,img_00291.jpg,Two toilets are in a restroom with a vanity with dual sinks.,1,3,63626,0e645dd7752aef47be5364282f1ba404,1024,1024,RGB,JPEG,156.886962890625,64.84783172607422,True,48
292,img_00292.jpg,Two toilets are in a restroom with a vanity with dual sinks.,1,4,15650,e4a33acb09b84a1de0fe4de09be93ed8,270,270,RGB,JPEG,123.20068359375,52.54054641723633,True,48
293,img_00293.jpg,Two toilets are in a restroom with a vanity with dual sinks.,1,5,19142,f16a72cb32fcb9f27b278f7f3546e1e6,436,436,RGB,JPEG,135.86669921875,45.999393463134766,True,48
294,img_00294.jpg,A stop sign is at an intersection on Morgan Rd.,0,0,67486,4f95d7c7ae6289da88de3951a8ee7b11,640,424,RGB,JPEG,88.72265625,88.00521087646484,True,49
295,img_00295.jpg,A stop sign is at an intersection on Morgan Rd.,1,1,93461,99c8f24ef04014f563c4aa81911ca145,768,768,RGB,JPEG,122.30029296875,57.74162673950195,True,49
296,img_00296.jpg,A stop sign is at an intersection on Morgan Rd.,1,2,128452,c65322a955908a755477aed8430edc8c,1024,1024,RGB,JPEG,138.22314453125,51.24555969238281,True,49
297,img_00297.jpg,A stop sign is at an intersection on Morgan Rd.,1,3,240838,1ffdc9d3596c054427ee3ae0f987088b,1024,1024,RGB,JPEG,120.32861328125,60.29372787475586,True,49
298,img_00298.jpg,A stop sign is at an intersection on Morgan Rd.,1,4,19951,71916475a0b66efe7f6ea488c4fd9610,270,270,RGB,JPEG,82.58203125,39.72312927246094,True,49
299,img_00299.jpg,A stop sign is at an intersection on Morgan Rd.,1,5,25167,7848c0ece7a04db41144f912ed277f5f,436,436,RGB,JPEG,122.4091796875,45.219085693359375,True,49
300,img_00300.jpg,"Trains on a track, one with freight boxes.  ",0,0,60625,42cb111c90ada883adda3a9f43c715fe,612,612,RGB,JPEG,113.399169921875,63.970436096191406,True,50
301,img_00301.jpg,"Trains on a track, one with freight boxes.  ",1,1,115198,4c47009bac27099ab90da42ca157373a,768,768,RGB,JPEG,102.802490234375,53.76844024658203,True,50
302,img_00302.jpg,"Trains on a track, one with freight boxes.  ",1,2,146298,52535f4b96d4e44c822a625b261acfaf,1024,1024,RGB,JPEG,122.731201171875,52.22336959838867,True,50
303,img_00303.jpg,"Trains on a track, one with freight boxes.  ",1,3,216520,9bffe479b37b254bcc84f6b98f6dbea1,1024,1024,RGB,JPEG,134.57568359375,63.02703094482422,True,50
304,img_00304.jpg,"Trains on a track, one with freight boxes.  ",1,4,19795,2baf43b67f1ba2b0ccd1d6515703d366,270,270,RGB,JPEG,105.6748046875,50.53056716918945,True,50
305,img_00305.jpg,"Trains on a track, one with freight boxes.  ",1,5,32910,ba3a358714264d086f4d0ddbbab200a5,436,436,RGB,JPEG,121.466064453125,55.683223724365234,True,50
306,img_00306.jpg,"Two bikers, one in front of a building, the other in the city.",0,0,40319,f04b562046ddb00c0bf8bc77ef3885f1,640,213,RGB,JPEG,117.7265625,56.66640853881836,True,51
307,img_00307.jpg,"Two bikers, one in front of a building, the other in the city.",1,1,101183,4055a1f4bd1734f485a6deaa172f7abe,768,768,RGB,JPEG,120.7998046875,46.224327087402344,True,51
308,img_00308.jpg,"Two bikers, one in front of a building, the other in the city.",1,2,135961,62ea8d2f3cafc4eed0cf4e78979a8097,1024,1024,RGB,JPEG,103.482177734375,36.412315368652344,True,51
309,img_00309.jpg,"Two bikers, one in front of a building, the other in the city.",1,3,143588,a057218d49ab5cb8472f88b2b53d568b,1024,1024,RGB,JPEG,143.287353515625,59.7820930480957,True,51
310,img_00310.jpg,"Two bikers, one in front of a building, the other in the city.",1,4,29925,e784729f25f395cbfd257957ac4f087c,351,351,RGB,JPEG,86.26123046875,48.29454040527344,True,51
311,img_00311.jpg,"Two bikers, one in front of a building, the other in the city.",1,5,24722,788a363d671cad1271cdb7f47d83e252,436,436,RGB,JPEG,89.993896484375,66.29615020751953,True,51
312,img_00312.jpg,A street sign next to a large building.,0,0,45803,ae239b3496ec6dbf6009cc17328de43d,640,480,RGB,JPEG,120.695556640625,65.5650405883789,True,52
313,img_00313.jpg,A street sign next to a large building.,1,1,98960,c8ccac19de97f0b53d9f2d16062ebd0e,768,768,RGB,JPEG,112.97705078125,54.99922180175781,True,52
314,img_00314.jpg,A street sign next to a large building.,1,2,76385,f42fd49823b365a905f329b742db6624,1024,1024,RGB,JPEG,135.8388671875,49.05927276611328,True,52
315,img_00315.jpg,A street sign next to a large building.,1,3,173853,25b8b6689e1e0a360de1417772bb784f,1024,1024,RGB,JPEG,140.684326171875,68.737060546875,True,52
316,img_00316.jpg,A street sign next to a large building.,1,4,22075,468ceb385effd0ae0b63a82f2e1e95d8,270,270,RGB,JPEG,138.07568359375,49.782920837402344,True,52
317,img_00317.jpg,A street sign next to a large building.,1,5,36349,82dbccfabb5d90213dec1b52f64332b4,436,436,RGB,JPEG,98.492431640625,59.465476989746094,True,52
318,img_00318.jpg,A view of the mountains is shown from an airplane window.,0,0,28724,c2af58af525c51c67c95bc7080e410c6,640,366,RGB,JPEG,111.13134765625,73.78450012207031,True,53
319,img_00319.jpg,A view of the mountains is shown from an airplane window.,1,1,85523,4216da51f1b8cb31cc46145f81d53af9,768,768,RGB,JPEG,116.01416015625,47.196041107177734,True,53
320,img_00320.jpg,A view of the mountains is shown from an airplane window.,1,2,80609,01321198dfafe25a7b52e62b9d4c81d7,1024,1024,RGB,JPEG,122.79443359375,37.160301208496094,True,53
321,img_00321.jpg,A view of the mountains is shown from an airplane window.,1,3,148141,840189852355722e91aaf72be48152b2,1024,1024,RGB,JPEG,122.7802734375,66.04237365722656,True,53
322,img_00322.jpg,A view of the mountains is shown from an airplane window.,1,4,12989,2bdae62d84e3c3bf63edaea34240e916,270,270,RGB,JPEG,110.830810546875,70.57244110107422,True,53
323,img_00323.jpg,A view of the mountains is shown from an airplane window.,1,5,22067,151a5466cfd51a647c9c82efc25b3258,436,436,RGB,JPEG,92.069580078125,68.35907745361328,True,53
324,img_00324.jpg,A white toilet sitting in front of a building under a window.,0,0,34346,b64ee750464a4e7b94b094e8635fbd9c,500,375,RGB,JPEG,117.201904296875,52.54582595825195,True,54
325,img_00325.jpg,A white toilet sitting in front of a building under a window.,1,1,82538,ddf48648c6734b6d3fe3b58172f3a0ae,768,768,RGB,JPEG,135.72265625,63.39272689819336,True,54
326,img_00326.jpg,A white toilet sitting in front of a building under a window.,1,2,105020,af1c40f69d667eafee6865c1a56d5a8c,1024,1024,RGB,JPEG,123.983642578125,47.671085357666016,True,54
327,img_00327.jpg,A white toilet sitting in front of a building under a window.,1,3,117490,1ec0934108a52deb8d1a8e67bb50cc42,1024,1024,RGB,JPEG,131.91357421875,58.73118591308594,True,54
328,img_00328.jpg,A white toilet sitting in front of a building under a window.,1,4,15846,86fdfa293e132bd0ce8088cd22cded05,270,270,RGB,JPEG,100.559326171875,58.543739318847656,True,54
329,img_00329.jpg,A white toilet sitting in front of a building under a window.,1,5,19709,db7ef213d9f63d9ddcbeb79114c3da23,436,436,RGB,JPEG,124.73193359375,37.939090728759766,True,54
330,img_00330.jpg,A man riding a bicycle down a sidewalk.,0,0,68253,293d89e0a24d587afab34da165d2053b,640,480,RGB,JPEG,108.09423828125,62.41435241699219,True,55
331,img_00331.jpg,A man riding a bicycle down a sidewalk.,1,1,88402,e32c15a4a8a0d9b366ce30e6970196a0,768,768,RGB,JPEG,126.7861328125,58.453853607177734,True,55
332,img_00332.jpg,A man riding a bicycle down a sidewalk.,1,2,149356,4d9876c8ba68bc017fc53dcf7611449a,1024,1024,RGB,JPEG,107.229248046875,48.378292083740234,True,55
333,img_00333.jpg,A man riding a bicycle down a sidewalk.,1,3,184653,3847501555364cf95c9a64c47efecb14,1024,1024,RGB,JPEG,147.207763671875,66.50198364257812,True,55
334,img_00334.jpg,A man riding a bicycle down a sidewalk.,1,4,23345,bd8d97cc4086dca63ca4a705bea0fc3a,270,270,RGB,JPEG,109.775634765625,51.07361602783203,True,55
335,img_00335.jpg,A man riding a bicycle down a sidewalk.,1,5,27458,b5d478ae48f73a6f85c6887604683448,436,436,RGB,JPEG,81.685791015625,45.83971405029297,True,55
336,img_00336.jpg,passengers sitting in the seats aboard an aircraft,0,0,48037,7ca5236d46ffbde0dbb118fb76006bb2,640,480,RGB,JPEG,71.3505859375,76.60889434814453,True,56
337,img_00337.jpg,passengers sitting in the seats aboard an aircraft,1,1,71375,efb733152a5cfdb78917398d22b1ad15,768,768,RGB,JPEG,120.51806640625,64.1488037109375,True,56
338,img_00338.jpg,passengers sitting in the seats aboard an aircraft,1,2,110144,124fbd9883ecc96af1d8e8534aa0d71e,1024,1024,RGB,JPEG,107.79052734375,50.28811264038086,True,56
339,img_00339.jpg,passengers sitting in the seats aboard an aircraft,1,3,147593,086b5f66a060631056362764379a9741,1024,1024,RGB,JPEG,102.653564453125,79.3935317993164,True,56
340,img_00340.jpg,passengers sitting in the seats aboard an aircraft,1,4,18443,c0d2c1368520c353a2c4eb23584d482f,270,270,RGB,JPEG,116.337158203125,66.66634368896484,True,56
341,img_00341.jpg,passengers sitting in the seats aboard an aircraft,1,5,23190,66cf92a0725dd538d25ea131fda18b61,436,436,RGB,JPEG,77.092529296875,31.220626831054688,True,56
342,img_00342.jpg,a oven is built into a counter in a kitchen,0,0,31194,c273ccc921bf0ad0124434222e418dec,512,384,RGB,JPEG,114.029296875,75.38184356689453,True,57
343,img_00343.jpg,a oven is built into a counter in a kitchen,1,1,65006,c8bb7f9e718e9805fcb200283ca084ca,768,768,RGB,JPEG,155.52197265625,62.90584945678711,True,57
344,img_00344.jpg,a oven is built into a counter in a kitchen,1,2,93175,d29acdf382a53a3fd4eef61daa4f49c5,1024,1024,RGB,JPEG,133.296630859375,47.54548263549805,True,57
345,img_00345.jpg,a oven is built into a counter in a kitchen,1,3,93878,79f0e107834682f231663746f684680e,1024,1024,RGB,JPEG,126.37109375,64.80782318115234,True,57
346,img_00346.jpg,a oven is built into a counter in a kitchen,1,4,19969,1b8b67126ea52af08548491aac5b230a,270,270,RGB,JPEG,107.625,62.09354019165039,True,57
347,img_00347.jpg,a oven is built into a counter in a kitchen,1,5,18594,bc7ef95d6f7d7bda07de1e33a7277c81,436,436,RGB,JPEG,133.678466796875,79.87820434570312,True,57
348,img_00348.jpg,A child on a toy is approaching a fire hydrant.,0,0,48520,ff0a6826383d10412662003857de0286,333,500,RGB,JPEG,137.78662109375,44.805240631103516,True,58
349,img_00349.jpg,A child on a toy is approaching a fire hydrant.,1,1,86221,b427e4559116fded0b0bf34d413568bc,768,768,RGB,JPEG,132.54541015625,47.674278259277344,True,58
350,img_00350.jpg,A child on a toy is approaching a fire hydrant.,1,2,105590,3262e9a259d1f78d9c297896076ff65f,1024,1024,RGB,JPEG,138.41455078125,55.970481872558594,True,58
351,img_00351.jpg,A child on a toy is approaching a fire hydrant.,1,3,161026,3fde70cb1ad8fc6a3788dac2934517dd,1024,1024,RGB,JPEG,181.572265625,64.69265747070312,True,58
352,img_00352.jpg,A child on a toy is approaching a fire hydrant.,1,4,19738,aecbda76925b14c174bf8e32da5a6d69,270,270,RGB,JPEG,160.448486328125,64.00187683105469,True,58
353,img_00353.jpg,A child on a toy is approaching a fire hydrant.,1,5,21936,b6d2a302ef8d7be2a289617e31450199,436,436,RGB,JPEG,151.20166015625,59.387149810791016,True,58
354,img_00354.jpg,A dog and a couple sitting on a wood bench.,0,0,69787,41a87606b9cf8859d0a28ea11e8b76c5,640,427,RGB,JPEG,97.833251953125,40.17180633544922,True,59
355,img_00355.jpg,A dog and a couple sitting on a wood bench.,1,1,93649,63f078a5278f10b88b78a5b1d5147a5d,768,768,RGB,JPEG,112.609619140625,57.70096969604492,True,59
356,img_00356.jpg,A dog and a couple sitting on a wood bench.,1,2,118918,a5940e72e08847db3bbbf9b50fdb8423,1024,1024,RGB,JPEG,129.308837890625,54.253562927246094,True,59
357,img_00357.jpg,A dog and a couple sitting on a wood bench.,1,3,249613,8134f0ecabaac234c8c2065b94ed0972,1024,1024,RGB,JPEG,129.305908203125,57.5892333984375,True,59
358,img_00358.jpg,A dog and a couple sitting on a wood bench.,1,4,19509,79c45371efcf900a0f42190844a383df,270,270,RGB,JPEG,111.78759765625,61.20396423339844,True,59
359,img_00359.jpg,A dog and a couple sitting on a wood bench.,1,5,31164,3a32de6e8d6c261179b554caa3a4c2f0,436,436,RGB,JPEG,74.639404296875,37.356449127197266,True,59
360,img_00360.jpg,A small enclosure for different types of animals.,0,0,84051,22462458aefa9eced339e269ccc55508,427,640,RGB,JPEG,100.11474609375,60.05104446411133,True,60
361,img_00361.jpg,A small enclosure for different types of animals.,1,1,154168,e7b532e03960e8f872dce47942a1202c,768,768,RGB,JPEG,114.558349609375,36.061580657958984,True,60
362,img_00362.jpg,A small enclosure for different types of animals.,1,2,221445,d84f6138329d6bc23f06c501f17adaea,1024,1024,RGB,JPEG,117.458984375,38.78579330444336,True,60
363,img_00363.jpg,A small enclosure for different types of animals.,1,3,280387,a4b6ec32bf4ea970d8f6ecf9ad89cfd9,1024,1024,RGB,JPEG,143.1533203125,58.33012008666992,True,60
364,img_00364.jpg,A small enclosure for different types of animals.,1,4,23859,549d7979df097e90c94105499bd5bd31,270,270,RGB,JPEG,75.309814453125,43.766136169433594,True,60
365,img_00365.jpg,A small enclosure for different types of animals.,1,5,25195,fadb50c366c5ad2442f30b86de1762f1,436,436,RGB,JPEG,116.44580078125,34.665103912353516,True,60
366,img_00366.jpg,A giraffe laying on the ground near a fence.,0,0,90255,1540e7219a63a1a7d593af855828ea9a,640,480,RGB,JPEG,120.7470703125,70.7765884399414,True,61
367,img_00367.jpg,A giraffe laying on the ground near a fence.,1,1,97102,f6ae9eb03bc8bcedc417362426e55e30,768,768,RGB,JPEG,109.9228515625,43.67072677612305,True,61
368,img_00368.jpg,A giraffe laying on the ground near a fence.,1,2,155275,73d4ddfd875714ef5f8bfd9f64d22786,1024,1024,RGB,JPEG,122.028076171875,40.683258056640625,True,61
369,img_00369.jpg,A giraffe laying on the ground near a fence.,1,3,176173,3678b97477d2cf6efe3014e44fea7542,1024,1024,RGB,JPEG,169.314453125,55.240142822265625,True,61
370,img_00370.jpg,A giraffe laying on the ground near a fence.,1,4,22274,24624d8510929fb259e2c89f4b88e542,270,270,RGB,JPEG,110.295166015625,52.211971282958984,True,61
371,img_00371.jpg,A giraffe laying on the ground near a fence.,1,5,32874,fd437c5768c487ebaa1952b7a6048be7,436,436,RGB,JPEG,93.845458984375,58.89661407470703,True,61
372,img_00372.jpg,A large building with a clock on it's face and a bird statue on top.,0,0,38542,159d4880f858e26a3b37cbf90375effb,480,640,RGB,JPEG,112.731201171875,76.64024353027344,True,62
373,img_00373.jpg,A large building with a clock on it's face and a bird statue on top.,1,1,101534,f9253ed9384c673e7c129d4ab69716fa,768,768,RGB,JPEG,115.989990234375,42.869869232177734,True,62
374,img_00374.jpg,A large building with a clock on it's face and a bird statue on top.,1,2,132229,e37cdda2986f1b908a03999f59170f69,1024,1024,RGB,JPEG,124.81201171875,47.37434005737305,True,62
375,img_00375.jpg,A large building with a clock on it's face and a bird statue on top.,1,3,201337,b72f5277925046361900bfb7b4589026,1024,1024,RGB,JPEG,132.0537109375,56.900394439697266,True,62
376,img_00376.jpg,A large building with a clock on it's face and a bird statue on top.,1,4,21697,9985223836c69dd531d68ef52d5b38e6,270,270,RGB,JPEG,147.48876953125,49.07187271118164,True,62
377,img_00377.jpg,A large building with a clock on it's face and a bird statue on top.,1,5,22858,99b92e59f251af2927eb3200fa303ac4,436,436,RGB,JPEG,143.091552734375,54.769718170166016,True,62
378,img_00378.jpg,The small dog sitting in the center of the walkway.,0,0,46184,4d3127c8a34a046300af39da2017f42a,640,424,RGB,JPEG,168.419921875,76.28005981445312,True,63
379,img_00379.jpg,The small dog sitting in the center of the walkway.,1,1,69088,0d2849c8c3f0b3183f28dcab7b207269,768,768,RGB,JPEG,127.278564453125,32.6171760559082,True,63
380,img_00380.jpg,The small dog sitting in the center of the walkway.,1,2,83006,e969637eb44e79c8c5dfcfc324eebc03,1024,1024,RGB,JPEG,134.389404296875,49.749481201171875,True,63
381,img_00381.jpg,The small dog sitting in the center of the walkway.,1,3,163162,cf3590ee62b518d52e44dc2f52e1fcd1,1024,1024,RGB,JPEG,168.029541015625,50.61618423461914,True,63
382,img_00382.jpg,The small dog sitting in the center of the walkway.,1,4,14452,62b9604c3d2937a4e32ad3556928d7af,270,270,RGB,JPEG,128.310791015625,55.38908386230469,True,63
383,img_00383.jpg,The small dog sitting in the center of the walkway.,1,5,32453,f5454e61f6b5aac427e0929c4ad53512,436,436,RGB,JPEG,107.11083984375,46.42529296875,True,63
384,img_00384.jpg,A bathroom with a reflection of a television and a sink.,0,0,8920,edf2cbb877f7e1460650a1b48da05eb6,240,320,RGB,JPEG,90.932861328125,63.641788482666016,True,64
385,img_00385.jpg,A bathroom with a reflection of a television and a sink.,1,1,65968,da403dc8960ba310307633d6e249ac28,768,768,RGB,JPEG,135.02978515625,62.267791748046875,True,64
386,img_00386.jpg,A bathroom with a reflection of a television and a sink.,1,2,82843,9e4738edec1473d712b9c97409ee72ef,1024,1024,RGB,JPEG,121.302490234375,40.24128341674805,True,64
387,img_00387.jpg,A bathroom with a reflection of a television and a sink.,1,3,59039,b9c2593fda29b678cccf5b8228d47543,1024,1024,RGB,JPEG,152.29296875,62.66704177856445,True,64
388,img_00388.jpg,A bathroom with a reflection of a television and a sink.,1,4,16203,7250631dd20723cf18b2264903b38037,270,270,RGB,JPEG,126.205810546875,62.12165069580078,True,64
389,img_00389.jpg,A bathroom with a reflection of a television and a sink.,1,5,22825,92c3007ed422ffc1657c8744b2a001e3,436,436,RGB,JPEG,90.80615234375,44.87824630737305,True,64
390,img_00390.jpg,A crowd of people standing around a field.,0,0,50150,d4eee3e39f675fba2a032e55a998945f,500,357,RGB,JPEG,119.878662109375,49.73409652709961,True,65
391,img_00391.jpg,A crowd of people standing around a field.,1,1,113503,5c4dd8278c12d2e1321ed8bed0329c9c,768,768,RGB,JPEG,110.34130859375,33.99784851074219,True,65
392,img_00392.jpg,A crowd of people standing around a field.,1,2,135065,533cb247cc78152985423d5461ec8f0a,1024,1024,RGB,JPEG,131.045166015625,39.64106750488281,True,65
393,img_00393.jpg,A crowd of people standing around a field.,1,3,288468,df0379c643899f3dbc996f5c0ce23b4c,1024,1024,RGB,JPEG,108.033203125,53.8604621887207,True,65
394,img_00394.jpg,A crowd of people standing around a field.,1,4,19260,208741bc94cca0aaf549d3242554496c,270,270,RGB,JPEG,134.742919921875,68.9426498413086,True,65
395,img_00395.jpg,A crowd of people standing around a field.,1,5,34859,4cbe36fb8da0fe8056176b26eda8e404,436,436,RGB,JPEG,112.396240234375,57.72948455810547,True,65
396,img_00396.jpg,A bicycle resting outside of a building door,0,0,66120,132882ccbda0d6e1142d6b702cddb725,640,427,RGB,JPEG,116.96337890625,52.62369918823242,True,66
397,img_00397.jpg,A bicycle resting outside of a building door,1,1,105656,bc2b7364c212d576f0d42df711246189,768,768,RGB,JPEG,115.649658203125,42.963645935058594,True,66
398,img_00398.jpg,A bicycle resting outside of a building door,1,2,130104,2874fc64ae991d7e7ca37fb04a291afb,1024,1024,RGB,JPEG,110.9296875,56.896915435791016,True,66
399,img_00399.jpg,A bicycle resting outside of a building door,1,3,201301,04bfbb77f30ac448d021500589e3c757,1024,1024,RGB,JPEG,175.44189453125,61.10784149169922,True,66
400,img_00400.jpg,A bicycle resting outside of a building door,1,4,24440,0d7c392202da218885f6af8407a43cff,270,270,RGB,JPEG,110.938720703125,48.901004791259766,True,66
401,img_00401.jpg,A bicycle resting outside of a building door,1,5,23784,66668bd7b136634611fa8b8422984811,436,436,RGB,JPEG,81.22509765625,30.08935546875,True,66
402,img_00402.jpg,An elephant walking across a lush grass covered field.,0,0,90900,0128f7da40e889f49f2395929b4e2155,640,429,RGB,JPEG,115.06884765625,44.82073974609375,True,67
403,img_00403.jpg,An elephant walking across a lush grass covered field.,1,1,73814,28f6630987fd911f358bb0538c004e1d,768,768,RGB,JPEG,108.28857421875,36.447513580322266,True,67
404,img_00404.jpg,An elephant walking across a lush grass covered field.,1,2,141921,37f3bec78b19b95551768d48f473ed12,1024,1024,RGB,JPEG,118.38427734375,43.748207092285156,True,67
405,img_00405.jpg,An elephant walking across a lush grass covered field.,1,3,204770,cb045f48a85a6133aee83bcdf6d416f3,1024,1024,RGB,JPEG,161.490966796875,48.748634338378906,True,67
406,img_00406.jpg,An elephant walking across a lush grass covered field.,1,4,13208,01fdff69922567f6b696f88dade63130,270,270,RGB,JPEG,108.791748046875,68.52938842773438,True,67
407,img_00407.jpg,An elephant walking across a lush grass covered field.,1,5,27056,4c90046bbc040c7e79523a37b1e6e7a4,436,436,RGB,JPEG,130.920654296875,57.9675178527832,True,67
408,img_00408.jpg,A large fount sitting in the middle of a city.,0,0,77053,18548544feb2a187bd7a2f32fbf30e6e,640,428,RGB,JPEG,144.142822265625,72.95536041259766,True,68
409,img_00409.jpg,A large fount sitting in the middle of a city.,1,1,128877,2c6a04abef6b3ef213af0c7da03a40f9,768,768,RGB,JPEG,121.56884765625,42.50453186035156,True,68
410,img_00410.jpg,A large fount sitting in the middle of a city.,1,2,163124,ecbeeb495ac5ce740fa9f739591b9667,1024,1024,RGB,JPEG,110.43115234375,49.459259033203125,True,68
411,img_00411.jpg,A large fount sitting in the middle of a city.,1,3,194253,a6b38c76dc8cc731411861846e14d378,1024,1024,RGB,JPEG,134.268310546875,59.85773468017578,True,68
412,img_00412.jpg,A large fount sitting in the middle of a city.,1,4,20218,dd93d26b99fb7e9e6c44981164f8ae3a,270,270,RGB,JPEG,99.65283203125,58.62926483154297,True,68
413,img_00413.jpg,A large fount sitting in the middle of a city.,1,5,26018,d56e254a87fcff076f6d408786d44207,436,436,RGB,JPEG,107.46728515625,55.98941421508789,True,68
414,img_00414.jpg,A man standing by a large air gondola that is docked in a station,0,0,53353,78c7dda47ee79bf44305ab34ca6d16e4,640,426,RGB,JPEG,99.010009765625,49.698150634765625,True,69
415,img_00415.jpg,A man standing by a large air gondola that is docked in a station,1,1,99363,c3b5ebeb6da3a50d148ea2fc6a2772a6,768,768,RGB,JPEG,131.691162109375,59.61308670043945,True,69
416,img_00416.jpg,A man standing by a large air gondola that is docked in a station,1,2,150062,e45eeb66845ea56f500e58e12d3cea77,1024,1024,RGB,JPEG,113.31591796875,54.405521392822266,True,69
417,img_00417.jpg,A man standing by a large air gondola that is docked in a station,1,3,115387,40ad7bd52dac40803e7cd309134ccd0f,1024,1024,RGB,JPEG,118.748291015625,85.00543212890625,True,69
418,img_00418.jpg,A man standing by a large air gondola that is docked in a station,1,4,21363,aef54df8c1fa39e5095cf2b66ba5c5c0,270,270,RGB,JPEG,104.44677734375,63.408409118652344,True,69
419,img_00419.jpg,A man standing by a large air gondola that is docked in a station,1,5,20517,2cb6ddf4af5fe427e3f54719b5623846,436,436,RGB,JPEG,79.993408203125,30.736867904663086,True,69
420,img_00420.jpg,"An old, rickety wooden  bench near the woods.",0,0,113410,0f0949671b3e69ed3a594350b9f91158,640,480,RGB,JPEG,93.697021484375,46.76130294799805,True,70
421,img_00421.jpg,"An old, rickety wooden  bench near the woods.",1,1,138443,17ed11f3e5f59c33b70b625bd927cd44,768,768,RGB,JPEG,98.760009765625,43.0853157043457,True,70
422,img_00422.jpg,"An old, rickety wooden  bench near the woods.",1,2,218102,74fb77e3a8c61679b4a61938b6cae85a,1024,1024,RGB,JPEG,96.913818359375,33.64178466796875,True,70
423,img_00423.jpg,"An old, rickety wooden  bench near the woods.",1,3,399082,bb58940be5ddb424ef4e0a6fdbdfce2d,1024,1024,RGB,JPEG,115.1279296875,50.87599563598633,True,70
424,img_00424.jpg,"An old, rickety wooden  bench near the woods.",1,4,15443,1e5ae12af7989e861d152430209b168e,270,270,RGB,JPEG,77.2783203125,41.974178314208984,True,70
425,img_00425.jpg,"An old, rickety wooden  bench near the woods.",1,5,29928,e4378b809f4c8634eeefc2622807404b,436,436,RGB,JPEG,84.621337890625,34.4410514831543,True,70
426,img_00426.jpg,a rustic kitchen with lots of stonework and wood accents,0,0,31246,0a32318a7d68307e2e91301c8049a6e8,500,333,RGB,JPEG,52.35693359375,54.60664749145508,True,71
427,img_00427.jpg,a rustic kitchen with lots of stonework and wood accents,1,1,110056,8ff128ff5720c2a7a7270a52d6da00ef,768,768,RGB,JPEG,113.808837890625,43.10163879394531,True,71
428,img_00428.jpg,a rustic kitchen with lots of stonework and wood accents,1,2,149535,e4384ed4b67685f98e55af95c43f1e2a,1024,1024,RGB,JPEG,99.172607421875,44.56147384643555,True,71
429,img_00429.jpg,a rustic kitchen with lots of stonework and wood accents,1,3,171743,d419f5339ed7d2fa22aa3fdbdc9ca2b5,1024,1024,RGB,JPEG,120.11962890625,51.47119903564453,True,71
430,img_00430.jpg,a rustic kitchen with lots of stonework and wood accents,1,4,36984,fe7c01bad9b8ea6362797ddfe1cea617,351,351,RGB,JPEG,89.224365234375,45.871761322021484,True,71
431,img_00431.jpg,a rustic kitchen with lots of stonework and wood accents,1,5,31905,7f5d8dd38e9e18a374057d4cda9bedaf,436,436,RGB,JPEG,91.228271484375,55.835235595703125,True,71
432,img_00432.jpg,A group of people boarding in airplane on a runway..,0,0,51976,9b97f0c7fb66caa0bcb94364a08d508d,640,427,RGB,JPEG,94.7587890625,47.841407775878906,True,72
433,img_00433.jpg,A group of people boarding in airplane on a runway..,1,1,58890,acefc45bfe75be2fa81a74b459726c58,768,768,RGB,JPEG,143.347900390625,52.17632293701172,True,72
434,img_00434.jpg,A group of people boarding in airplane on a runway..,1,2,86188,99540979c296f0110e34f77d499f863b,1024,1024,RGB,JPEG,138.889404296875,48.34317398071289,True,72
435,img_00435.jpg,A group of people boarding in airplane on a runway..,1,3,140886,05b20e1b642389dece1790dbec86d6b0,1024,1024,RGB,JPEG,153.4375,85.13973236083984,True,72
436,img_00436.jpg,A group of people boarding in airplane on a runway..,1,4,17757,56d5cf69b07fb8de8ffe51a24be5fa80,270,270,RGB,JPEG,138.621826171875,56.246421813964844,True,72
437,img_00437.jpg,A group of people boarding in airplane on a runway..,1,5,28718,6e9ef77f17e8d44008fa21ab2cf06afb,436,436,RGB,JPEG,127.879150390625,53.871795654296875,True,72
438,img_00438.jpg,A woman sitting on a bench next to a child in a stroller.,0,0,40037,39f72e9298ce2f470c6dcfaa88068ebf,500,382,RGB,JPEG,71.595458984375,74.51927185058594,True,73
439,img_00439.jpg,A woman sitting on a bench next to a child in a stroller.,1,1,96768,8f6f0d3cd5d17e55c18997693a86a715,768,768,RGB,JPEG,124.7470703125,76.68329620361328,True,73
440,img_00440.jpg,A woman sitting on a bench next to a child in a stroller.,1,2,112199,8ec0b82377edeaf2af4a1e458cb15f6d,1024,1024,RGB,JPEG,145.310546875,48.14244842529297,True,73
441,img_00441.jpg,A woman sitting on a bench next to a child in a stroller.,1,3,158964,df0c918118a62edb6c18c40d459fc73b,1024,1024,RGB,JPEG,147.4052734375,65.24419403076172,True,73
442,img_00442.jpg,A woman sitting on a bench next to a child in a stroller.,1,4,19992,8250b6aa74f53301d787f995ea6d01f3,270,270,RGB,JPEG,120.395751953125,67.45802307128906,True,73
443,img_00443.jpg,A woman sitting on a bench next to a child in a stroller.,1,5,36817,ac2ccbae3f0f48ad5fedc172036b74bf,436,436,RGB,JPEG,130.64208984375,46.552181243896484,True,73
444,img_00444.jpg,Two birds standing side by side on a branch,0,0,42774,f451c00f87232ad4d79a63b82710dd21,640,426,RGB,JPEG,123.46484375,54.76757049560547,True,74
445,img_00445.jpg,Two birds standing side by side on a branch,1,1,44954,29f500a6becdd0bf31a22b8e69bb07d0,768,768,RGB,JPEG,117.187255859375,32.71080780029297,True,74
446,img_00446.jpg,Two birds standing side by side on a branch,1,2,70633,52587f432b3365b1b062ac2c01079938,1024,1024,RGB,JPEG,156.540771484375,33.77341842651367,True,74
447,img_00447.jpg,Two birds standing side by side on a branch,1,3,107751,6a3a88b582f16ed03542b33bf11c6b3b,1024,1024,RGB,JPEG,134.22998046875,41.492061614990234,True,74
448,img_00448.jpg,Two birds standing side by side on a branch,1,4,20971,a8c8325e23cf821f8c7f7f5ddb0eee14,270,270,RGB,JPEG,118.900146484375,52.635009765625,True,74
449,img_00449.jpg,Two birds standing side by side on a branch,1,5,15533,9c264451a05887e55b67d5462f515664,436,436,RGB,JPEG,75.989990234375,43.75834274291992,True,74
450,img_00450.jpg,a close up of three giraffes in a structure near a brick wall,0,0,55946,d6849b8b6e52c494af65f85767eaab2c,640,480,RGB,JPEG,104.04248046875,53.967750549316406,True,75
451,img_00451.jpg,a close up of three giraffes in a structure near a brick wall,1,1,142857,747216f57249ca0acd9d27cad4750c30,768,768,RGB,JPEG,100.530517578125,38.13132095336914,True,75
452,img_00452.jpg,a close up of three giraffes in a structure near a brick wall,1,2,134724,e3e79e7e8595e71060b31ab10dbc39e2,1024,1024,RGB,JPEG,108.625732421875,49.993656158447266,True,75
453,img_00453.jpg,a close up of three giraffes in a structure near a brick wall,1,3,178953,a00d8a94a76e88537682665723e1cf88,1024,1024,RGB,JPEG,117.91552734375,48.252777099609375,True,75
454,img_00454.jpg,a close up of three giraffes in a structure near a brick wall,1,4,24927,3c45b438b7d621097dec07faca77874b,270,270,RGB,JPEG,103.67333984375,49.306007385253906,True,75
455,img_00455.jpg,a close up of three giraffes in a structure near a brick wall,1,5,29240,2e78414494311c0f58aafd182014e8b9,436,436,RGB,JPEG,61.79638671875,45.90557098388672,True,75
456,img_00456.jpg,a black and white sign some trees fence and buildings,0,0,65475,2a320218b56b645265da1148f1e443e9,640,480,RGB,JPEG,117.406005859375,65.22676849365234,True,76
457,img_00457.jpg,a black and white sign some trees fence and buildings,1,1,149429,9107de4ffd16d9647c22268c4b5cab82,768,768,RGB,JPEG,126.231201171875,53.77926254272461,True,76
458,img_00458.jpg,a black and white sign some trees fence and buildings,1,2,209779,528ea1638462e0c91069a58ac852f06a,1024,1024,RGB,JPEG,101.346435546875,50.86566162109375,True,76
459,img_00459.jpg,a black and white sign some trees fence and buildings,1,3,370922,0ba60b307ad59d316f73bd2af299c130,1024,1024,RGB,JPEG,121.97265625,72.64183044433594,True,76
460,img_00460.jpg,a black and white sign some trees fence and buildings,1,4,26771,d906ad79dbbe5f77d39027118105ad47,270,270,RGB,JPEG,133.89990234375,80.60186004638672,True,76
461,img_00461.jpg,a black and white sign some trees fence and buildings,1,5,32373,ab2462e9cbe6d685cf5578311202292b,436,436,RGB,JPEG,127.0712890625,80.24454498291016,True,76
462,img_00462.jpg,this bathroom is big and has a jacuzzi tub made of wood,0,0,41477,e4f5d759ebd8b8b5c068a03471f3a1a2,640,480,RGB,JPEG,104.9580078125,70.32402038574219,True,77
463,img_00463.jpg,this bathroom is big and has a jacuzzi tub made of wood,1,1,67192,6bf10fb68eceb8655c82820d4d2d1b3e,768,768,RGB,JPEG,109.91455078125,46.135284423828125,True,77
464,img_00464.jpg,this bathroom is big and has a jacuzzi tub made of wood,1,2,130443,53cd0f9ce2073c5798366ae80bebb1b9,1024,1024,RGB,JPEG,116.820068359375,56.10515594482422,True,77
465,img_00465.jpg,this bathroom is big and has a jacuzzi tub made of wood,1,3,112892,fcb17171492b93757d5fb16e248ce416,1024,1024,RGB,JPEG,140.99951171875,64.061767578125,True,77
466,img_00466.jpg,this bathroom is big and has a jacuzzi tub made of wood,1,4,16094,51a71c07e746f3d73965ca3d1234e0c7,270,270,RGB,JPEG,131.77783203125,57.17295455932617,True,77
467,img_00467.jpg,this bathroom is big and has a jacuzzi tub made of wood,1,5,24744,71cb6b172b0880980908f4394f2eeeed,436,436,RGB,JPEG,83.658447265625,52.69666290283203,True,77
468,img_00468.jpg,A flock of ducks splashing and playing in the water.,0,0,77603,10f7d970a0b0438cfad42eee249d73c8,640,480,RGB,JPEG,135.014892578125,38.884483337402344,True,78
469,img_00469.jpg,A flock of ducks splashing and playing in the water.,1,1,132650,42a73767053b0a0941bbefbf5c8721bc,768,768,RGB,JPEG,125.982666015625,45.092994689941406,True,78
470,img_00470.jpg,A flock of ducks splashing and playing in the water.,1,2,145862,e2292280cc1cde8a540561d89a88636d,1024,1024,RGB,JPEG,122.3564453125,48.479373931884766,True,78
471,img_00471.jpg,A flock of ducks splashing and playing in the water.,1,3,241121,b5c71336432c304186308792a14f18d7,1024,1024,RGB,JPEG,145.121826171875,52.01464080810547,True,78
472,img_00472.jpg,A flock of ducks splashing and playing in the water.,1,4,19794,048058c13de16bd6dd795d03683a3389,270,270,RGB,JPEG,129.254150390625,58.54808044433594,True,78
473,img_00473.jpg,A flock of ducks splashing and playing in the water.,1,5,34224,f1f1beab3846c22fed5c2026476cfa42,436,436,RGB,JPEG,118.3505859375,59.7321662902832,True,78
474,img_00474.jpg,A Giraffe standing in green grass with a house in the background.,0,0,55386,1c4a48ea3bdb1987eb57be48a8662319,640,480,RGB,JPEG,133.90087890625,70.08055877685547,True,79
475,img_00475.jpg,A Giraffe standing in green grass with a house in the background.,1,1,71501,9d9274804d4783a46afe4b9a4748fedb,768,768,RGB,JPEG,109.462646484375,42.05116271972656,True,79
476,img_00476.jpg,A Giraffe standing in green grass with a house in the background.,1,2,133073,22d6d55a9b537573b3e5fb3c4f204e46,1024,1024,RGB,JPEG,133.803955078125,45.893733978271484,True,79
477,img_00477.jpg,A Giraffe standing in green grass with a house in the background.,1,3,118334,af57d12344436a1b8f482526f4746bb4,1024,1024,RGB,JPEG,178.99462890625,54.85468292236328,True,79
478,img_00478.jpg,A Giraffe standing in green grass with a house in the background.,1,4,17321,e694c2c9fe0ff613ca0a3247824b077a,270,270,RGB,JPEG,127.341064453125,65.16494750976562,True,79
479,img_00479.jpg,A Giraffe standing in green grass with a house in the background.,1,5,35159,237ecd1775ad72345c24cda0dc9d2b4f,436,436,RGB,JPEG,122.189697265625,56.966854095458984,True,79
480,img_00480.jpg,People gathering at an old building to eat on a sunny day,0,0,87607,fa4a317aa3f62fab537c027fc2f22d36,640,426,RGB,JPEG,115.083740234375,53.98299026489258,True,80
481,img_00481.jpg,People gathering at an old building to eat on a sunny day,1,1,120704,3cff898750428795622bc963fe42c223,768,768,RGB,JPEG,116.008544921875,60.565757751464844,True,80
482,img_00482.jpg,People gathering at an old building to eat on a sunny day,1,2,183863,54ba428b85e50ee9a2fbfd66743b6d6d,1024,1024,RGB,JPEG,115.486328125,46.41579055786133,True,80
483,img_00483.jpg,People gathering at an old building to eat on a sunny day,1,3,220677,f7e073f0e7e9a75f3fcac04337f1dd8e,1024,1024,RGB,JPEG,126.91064453125,60.231727600097656,True,80
484,img_00484.jpg,People gathering at an old building to eat on a sunny day,1,4,25150,02406f72e42c10e9db7165109fdc5772,270,270,RGB,JPEG,118.4541015625,59.999671936035156,True,80
485,img_00485.jpg,People gathering at an old building to eat on a sunny day,1,5,32092,43d32a0329163c546aeeba77ea5f1960,436,436,RGB,JPEG,128.5654296875,54.15760803222656,True,80
486,img_00486.jpg,a close up of a toilet with tiled walls ,0,0,25811,4df5bc2dea771e0e06ae6c7f00b7af8f,428,640,RGB,JPEG,86.912109375,47.09747314453125,True,81
487,img_00487.jpg,a close up of a toilet with tiled walls ,1,1,146148,f0960995d4142707c71e390c66cb6fc4,768,768,RGB,JPEG,130.817626953125,49.63908767700195,True,81
488,img_00488.jpg,a close up of a toilet with tiled walls ,1,2,52133,ed2df72ebbc483b456ceec3bf842e347,1024,1024,RGB,JPEG,135.735595703125,17.84001922607422,True,81
489,img_00489.jpg,a close up of a toilet with tiled walls ,1,3,77298,546ededcb30290a00b157534894d015a,1024,1024,RGB,JPEG,153.981689453125,53.352783203125,True,81
490,img_00490.jpg,a close up of a toilet with tiled walls ,1,4,13562,12dad2762679dc76130f6522f1706dbc,270,270,RGB,JPEG,157.986328125,60.279659271240234,True,81
491,img_00491.jpg,a close up of a toilet with tiled walls ,1,5,23990,8a9dfcf19019a5584af81d5078c185fc,436,436,RGB,JPEG,51.822265625,46.98252868652344,True,81
492,img_00492.jpg,A mama and a baby duck are swimming in the water. ,0,0,67968,25bb2a31cc0ab54765fba691765b6a24,640,427,RGB,JPEG,78.680908203125,29.046249389648438,True,82
493,img_00493.jpg,A mama and a baby duck are swimming in the water. ,1,1,66652,ea98cbe95a8435973a46c9bdd470416d,768,768,RGB,JPEG,124.292236328125,35.574317932128906,True,82
494,img_00494.jpg,A mama and a baby duck are swimming in the water. ,1,2,103567,7b981a265d0ebd46f7862490f55206d0,1024,1024,RGB,JPEG,124.55810546875,35.42586898803711,True,82
495,img_00495.jpg,A mama and a baby duck are swimming in the water. ,1,3,135194,009edd06bcde9fe708dada98fc0cbee0,1024,1024,RGB,JPEG,175.281494140625,49.319114685058594,True,82
496,img_00496.jpg,A mama and a baby duck are swimming in the water. ,1,4,18317,67b307e52ab3e156ba1af05586bf57e5,270,270,RGB,JPEG,191.09619140625,33.00735855102539,True,82
497,img_00497.jpg,A mama and a baby duck are swimming in the water. ,1,5,22744,0355a0a9e4db1003b5fdb3842013d826,436,436,RGB,JPEG,184.654541015625,44.42850112915039,True,82
498,img_00498.jpg,An older model double deck tour bus sitting on a road side.,0,0,63705,bb7dfad9fd71d191cce291aac2ae972e,640,566,RGB,JPEG,126.111572265625,75.97592163085938,True,83
499,img_00499.jpg,An older model double deck tour bus sitting on a road side.,1,1,97023,1b8656cc83afe3a03ba73f38a416332d,768,768,RGB,JPEG,116.784423828125,74.82173919677734,True,83
500,img_00500.jpg,An older model double deck tour bus sitting on a road side.,1,2,145669,d07ca2efc57444ec4334db1299f3a0eb,1024,1024,RGB,JPEG,113.505859375,54.58122253417969,True,83
501,img_00501.jpg,An older model double deck tour bus sitting on a road side.,1,3,156913,cdb64d46969a90935e458a9c6ce5b579,1024,1024,RGB,JPEG,142.91455078125,55.98442840576172,True,83
502,img_00502.jpg,An older model double deck tour bus sitting on a road side.,1,4,19811,062aea24f6290f715a742f14f44e0cc9,270,270,RGB,JPEG,117.602783203125,51.36750411987305,True,83
503,img_00503.jpg,An older model double deck tour bus sitting on a road side.,1,5,25732,b2e1c126d2833c605fdbe4dda7a5603c,436,436,RGB,JPEG,149.18408203125,49.79362106323242,True,83
504,img_00504.jpg,A kitchen counter with pots hanging above it and several objects in the corner.,0,0,25294,cc689f54b041b47f6917a821588d7ece,361,640,RGB,JPEG,79.60791015625,46.973419189453125,True,84
505,img_00505.jpg,A kitchen counter with pots hanging above it and several objects in the corner.,1,1,79753,03f02dcd4bb524a2ce3ad1700a8c2e39,768,768,RGB,JPEG,128.018798828125,56.05882263183594,True,84
506,img_00506.jpg,A kitchen counter with pots hanging above it and several objects in the corner.,1,2,110831,2f4050cd55482797a5dc42558fd475b3,1024,1024,RGB,JPEG,138.468505859375,56.67812728881836,True,84
507,img_00507.jpg,A kitchen counter with pots hanging above it and several objects in the corner.,1,3,92744,bdba7b81a958c82bf745da6e05658761,1024,1024,RGB,JPEG,157.594482421875,70.79358673095703,True,84
508,img_00508.jpg,A kitchen counter with pots hanging above it and several objects in the corner.,1,4,16540,64ab82c297871757c3722bf8c704e828,270,270,RGB,JPEG,129.0947265625,54.079063415527344,True,84
509,img_00509.jpg,A kitchen counter with pots hanging above it and several objects in the corner.,1,5,28142,e59e0462ffb8deba3813daa3199c6e0a,436,436,RGB,JPEG,100.88671875,62.070091247558594,True,84
510,img_00510.jpg,A city street with delivery trucks and a bus.,0,0,53124,44812688ef4d7653a5a7022a111981fc,640,383,RGB,JPEG,111.921630859375,72.21566009521484,True,85
511,img_00511.jpg,A city street with delivery trucks and a bus.,1,1,112449,24308600f351ffcbaf1a44ca748a8600,768,768,RGB,JPEG,118.194580078125,61.6299934387207,True,85
512,img_00512.jpg,A city street with delivery trucks and a bus.,1,2,134603,2e497e8aa6fe169c0acaa6eeda29e784,1024,1024,RGB,JPEG,122.199462890625,33.23719024658203,True,85
513,img_00513.jpg,A city street with delivery trucks and a bus.,1,3,177467,1977720080aa1469fe2ca2f6ab7adc4e,1024,1024,RGB,JPEG,130.042724609375,63.477386474609375,True,85
514,img_00514.jpg,A city street with delivery trucks and a bus.,1,4,19274,e98a3ecc598d43fa6bb73923418203bf,270,270,RGB,JPEG,153.283203125,46.19390106201172,True,85
515,img_00515.jpg,A city street with delivery trucks and a bus.,1,5,31666,18805eb71b59ba3a539ca04721b50f73,436,436,RGB,JPEG,89.67041015625,49.33150863647461,True,85
516,img_00516.jpg,A person sits on top of a motorcycle with a stuffed toy.,0,0,64108,6c10c9f5e059173623652637de0d39a8,640,427,RGB,JPEG,95.09912109375,54.197723388671875,True,86
517,img_00517.jpg,A person sits on top of a motorcycle with a stuffed toy.,1,1,95783,ff78aa8d1db0e715306f0fa2f69d07d1,768,768,RGB,JPEG,117.677001953125,74.49695587158203,True,86
518,img_00518.jpg,A person sits on top of a motorcycle with a stuffed toy.,1,2,131014,b210da0cd89b39c53f17de23d185c741,1024,1024,RGB,JPEG,110.6572265625,48.611183166503906,True,86
519,img_00519.jpg,A person sits on top of a motorcycle with a stuffed toy.,1,3,222564,413d81aacb6432d3da76898d2203682d,1024,1024,RGB,JPEG,152.04248046875,73.90321350097656,True,86
520,img_00520.jpg,A person sits on top of a motorcycle with a stuffed toy.,1,4,16839,767d630a2594fa37556b62cd5067438b,270,270,RGB,JPEG,85.778564453125,67.89703369140625,True,86
521,img_00521.jpg,A person sits on top of a motorcycle with a stuffed toy.,1,5,28288,8f0e64942a9dd58694c704be09f42d32,436,436,RGB,JPEG,84.69140625,41.30147171020508,True,86
522,img_00522.jpg,A man wearing a hat sitting on top of a boat.,0,0,38280,1934af7df8704abcb5405e09c6e47efe,435,500,RGB,JPEG,122.858154296875,76.07617950439453,True,87
523,img_00523.jpg,A man wearing a hat sitting on top of a boat.,1,1,84683,01eec8e13d9ce4453635f3d4e24b7145,768,768,RGB,JPEG,117.675537109375,60.507301330566406,True,87
524,img_00524.jpg,A man wearing a hat sitting on top of a boat.,1,2,79298,1305dbfc2282a44d98f1975cba651f04,1024,1024,RGB,JPEG,114.870361328125,44.92064666748047,True,87
525,img_00525.jpg,A man wearing a hat sitting on top of a boat.,1,3,101878,754e35e075d2cba2e2a3b4d8edf04bf1,1024,1024,RGB,JPEG,133.90380859375,74.20858764648438,True,87
526,img_00526.jpg,A man wearing a hat sitting on top of a boat.,1,4,19081,c753b66c084a68223005f3124b4fe2a5,270,270,RGB,JPEG,112.0966796875,60.550392150878906,True,87
527,img_00527.jpg,A man wearing a hat sitting on top of a boat.,1,5,15976,c2e0822b24e175e557688a9299f33b01,436,436,RGB,JPEG,70.765380859375,39.8795280456543,True,87
528,img_00528.jpg,A dog by a bench in a park ,0,0,69376,2db466401cc9e207c0a909ee005a12a6,640,399,RGB,JPEG,131.5419921875,54.82915496826172,True,88
529,img_00529.jpg,A dog by a bench in a park ,1,1,119653,8227c56d47537b9c15d151d1c977a1bc,768,768,RGB,JPEG,126.90283203125,54.697120666503906,True,88
530,img_00530.jpg,A dog by a bench in a park ,1,2,158936,0043634b199311cb6c8a3e9ef2482f4e,1024,1024,RGB,JPEG,131.1357421875,52.2100715637207,True,88
531,img_00531.jpg,A dog by a bench in a park ,1,3,125497,f800316818da5ba39255f9d046430225,1024,1024,RGB,JPEG,121.002197265625,63.38688659667969,True,88
532,img_00532.jpg,A dog by a bench in a park ,1,4,18559,a329a2c964d53b12c87b69566366050f,270,270,RGB,JPEG,125.88671875,63.95261001586914,True,88
533,img_00533.jpg,A dog by a bench in a park ,1,5,29658,a2732cc1325130fa27f0e5c402fc3943,436,436,RGB,JPEG,103.583251953125,53.608009338378906,True,88
534,img_00534.jpg,The bird is perched alone on the bannister. ,0,0,36039,c979dfacced456cb93e1bafbb05ce019,427,640,RGB,JPEG,155.86474609375,53.7988166809082,True,89
535,img_00535.jpg,The bird is perched alone on the bannister. ,1,1,44890,5252b56331c8c4f73d348d98b9c769fc,768,768,RGB,JPEG,117.696533203125,52.689239501953125,True,89
536,img_00536.jpg,The bird is perched alone on the bannister. ,1,2,81835,31f05de31f7c8dbb24d70f29f131a47c,1024,1024,RGB,JPEG,131.283935546875,60.271549224853516,True,89
537,img_00537.jpg,The bird is perched alone on the bannister. ,1,3,50054,4dca7c068296e264f90f3b0c34bdb952,1024,1024,RGB,JPEG,134.34912109375,37.575984954833984,True,89
538,img_00538.jpg,The bird is perched alone on the bannister. ,1,4,23559,0151826c16fc5d2060b84eede266b07e,270,270,RGB,JPEG,137.20849609375,53.10600662231445,True,89
539,img_00539.jpg,The bird is perched alone on the bannister. ,1,5,19568,7f9485252325d0f7c65ed3b0aec5021c,436,436,RGB,JPEG,53.45849609375,32.99152374267578,True,89
540,img_00540.jpg,A church with a massively tall tower covered in a clock.,0,0,37784,d41e7bb235da3fe5bdad68cc3b246266,427,640,RGB,JPEG,153.634521484375,101.36210632324219,True,90
541,img_00541.jpg,A church with a massively tall tower covered in a clock.,1,1,109437,d7e8d7f309b4fd7856a4dc30cc888551,768,768,RGB,JPEG,118.29541015625,43.89763641357422,True,90
542,img_00542.jpg,A church with a massively tall tower covered in a clock.,1,2,119667,f80f0ab7257869c2db59a15155835ec1,1024,1024,RGB,JPEG,127.18310546875,47.847084045410156,True,90
543,img_00543.jpg,A church with a massively tall tower covered in a clock.,1,3,152680,0509b27276568062a251882d2aa2b521,1024,1024,RGB,JPEG,109.621337890625,44.94635009765625,True,90
544,img_00544.jpg,A church with a massively tall tower covered in a clock.,1,4,15205,8aaae09c6ed045eb4819147332116a85,270,270,RGB,JPEG,111.2744140625,52.592529296875,True,90
545,img_00545.jpg,A church with a massively tall tower covered in a clock.,1,5,26643,98fe8ec6feafa165c54c3bd5802d92e0,436,436,RGB,JPEG,77.4609375,56.59099197387695,True,90
546,img_00546.jpg,a train on a train track at a station ,0,0,45894,b395e95975ccada90eaa01cf7879e29e,640,427,RGB,JPEG,86.6923828125,77.57380676269531,True,91
547,img_00547.jpg,a train on a train track at a station ,1,1,111065,ac7bf7e0cc9cb6e5c6950897dba2a872,768,768,RGB,JPEG,100.33740234375,54.27328109741211,True,91
548,img_00548.jpg,a train on a train track at a station ,1,2,167679,c7ef9ee667fedd81539d1f18f822654e,1024,1024,RGB,JPEG,86.764404296875,43.90108108520508,True,91
549,img_00549.jpg,a train on a train track at a station ,1,3,191148,f0b5c61b8a47a56bfd4b16e737718499,1024,1024,RGB,JPEG,141.713134765625,77.12362670898438,True,91
550,img_00550.jpg,a train on a train track at a station ,1,4,23231,82e3a51a796d5fa3db6a25fd5acfd915,270,270,RGB,JPEG,104.580078125,57.66997528076172,True,91
551,img_00551.jpg,a train on a train track at a station ,1,5,24288,90a841c1f9f74ab5b625e6863cdfac33,436,436,RGB,JPEG,86.1357421875,63.02789306640625,True,91
552,img_00552.jpg,A motorcycle being displayed on a platform during an event.,0,0,58232,1b4b566522a0a510b4fe22cce5a8a131,640,421,RGB,JPEG,48.5693359375,32.417354583740234,True,92
553,img_00553.jpg,A motorcycle being displayed on a platform during an event.,1,1,115232,5197e0d645a20a5be4aed30885ee2d79,768,768,RGB,JPEG,108.8017578125,64.79107666015625,True,92
554,img_00554.jpg,A motorcycle being displayed on a platform during an event.,1,2,133845,a2bd8a137eb643c8a57305037178f909,1024,1024,RGB,JPEG,99.552734375,42.38987350463867,True,92
555,img_00555.jpg,A motorcycle being displayed on a platform during an event.,1,3,158184,bbffa2ec2658fc50f5f20c89cfb1e9de,1024,1024,RGB,JPEG,100.81201171875,71.57965850830078,True,92
556,img_00556.jpg,A motorcycle being displayed on a platform during an event.,1,4,20308,7db1c6c7ca577e6819d2e9b13d1a2d01,270,270,RGB,JPEG,89.865234375,52.52791213989258,True,92
557,img_00557.jpg,A motorcycle being displayed on a platform during an event.,1,5,31896,246703b0b81f21e28d48bb4bf18f8c24,436,436,RGB,JPEG,74.07763671875,57.38675308227539,True,92
558,img_00558.jpg,A bus driving down a city street during the day.,0,0,39136,a721247c96dc82fca90e6615fbc09eee,427,640,RGB,JPEG,122.822998046875,53.195003509521484,True,93
559,img_00559.jpg,A bus driving down a city street during the day.,1,1,93177,ab24aa9feaac0e4c54812c814fdb297b,768,768,RGB,JPEG,120.07275390625,66.34111785888672,True,93
560,img_00560.jpg,A bus driving down a city street during the day.,1,2,129999,43ff959974e27655a6a19f2360694d85,1024,1024,RGB,JPEG,109.557861328125,49.91341781616211,True,93
561,img_00561.jpg,A bus driving down a city street during the day.,1,3,184512,9fb47af4b0a976b6921d3b1ff75867b2,1024,1024,RGB,JPEG,128.197265625,70.86465454101562,True,93
562,img_00562.jpg,A bus driving down a city street during the day.,1,4,16892,fa45f75ffe2f8508eba40b42cbef3de8,270,270,RGB,JPEG,121.337158203125,65.00916290283203,True,93
563,img_00563.jpg,A bus driving down a city street during the day.,1,5,26678,1fae9782c402fc96b94031b2e13ef8c6,436,436,RGB,JPEG,93.1484375,57.4227294921875,True,93
564,img_00564.jpg,The toy motorcycle sitting up like it is parked.,0,0,40085,1eca0abec0c19efeee10fc4943ee1817,640,427,RGB,JPEG,104.29443359375,64.35737609863281,True,94
565,img_00565.jpg,The toy motorcycle sitting up like it is parked.,1,1,65235,f2acdbf0732eb90723b0234c49a5df13,768,768,RGB,JPEG,116.819580078125,53.00758743286133,True,94
566,img_00566.jpg,The toy motorcycle sitting up like it is parked.,1,2,117280,48dbf00d308a5728162a3661512ac695,1024,1024,RGB,JPEG,107.71533203125,46.97854232788086,True,94
567,img_00567.jpg,The toy motorcycle sitting up like it is parked.,1,3,87233,7e244b864699443faadb728e8b7d6c7e,1024,1024,RGB,JPEG,159.066162109375,84.34066009521484,True,94
568,img_00568.jpg,The toy motorcycle sitting up like it is parked.,1,4,16461,bc0aa23c918b6aeb12c07cf0e3717c4e,270,270,RGB,JPEG,115.568115234375,62.7951545715332,True,94
569,img_00569.jpg,The toy motorcycle sitting up like it is parked.,1,5,20126,33be98c95ebc4b4bdb28bfb8bfbfd7f9,436,436,RGB,JPEG,110.209716796875,56.638912200927734,True,94
570,img_00570.jpg,A group of women that are standing near each other.,0,0,50227,ff821799085b1734da81b21313931aa2,640,434,RGB,JPEG,130.427734375,64.3229751586914,True,95
571,img_00571.jpg,A group of women that are standing near each other.,1,1,52218,932760eae5e584db561d6483757fa75b,768,768,RGB,JPEG,109.015625,48.61835861206055,True,95
572,img_00572.jpg,A group of women that are standing near each other.,1,2,90128,3e9370297b2e37a95ea42e7630fda654,1024,1024,RGB,JPEG,123.719970703125,42.07756423950195,True,95
573,img_00573.jpg,A group of women that are standing near each other.,1,3,130195,ada8a5475988d57dad572b3f8b491630,1024,1024,RGB,JPEG,143.7236328125,87.96843719482422,True,95
574,img_00574.jpg,A group of women that are standing near each other.,1,4,17650,5be9794e3c2eac018b4be2f1fa3ec48e,270,270,RGB,JPEG,120.49267578125,53.985382080078125,True,95
575,img_00575.jpg,A group of women that are standing near each other.,1,5,25216,01e3a1b71a535470052c01fbf26526ab,436,436,RGB,JPEG,81.53271484375,38.56651306152344,True,95
576,img_00576.jpg,A herd of white sheep standing on top of a green field.,0,0,58495,315efd99da38c8cb912a9fcb3007ba42,640,480,RGB,JPEG,113.821533203125,38.39970779418945,True,96
577,img_00577.jpg,A herd of white sheep standing on top of a green field.,1,1,94634,4dfc915b4304017eee529c399b659381,768,768,RGB,JPEG,114.5419921875,72.78372192382812,True,96
578,img_00578.jpg,A herd of white sheep standing on top of a green field.,1,2,98081,3979ba5fc313355a33f2fdba78975b81,1024,1024,RGB,JPEG,121.541748046875,42.667442321777344,True,96
579,img_00579.jpg,A herd of white sheep standing on top of a green field.,1,3,183717,8307d9ff380e079da0f937ece9ec2f83,1024,1024,RGB,JPEG,156.701416015625,63.50717544555664,True,96
580,img_00580.jpg,A herd of white sheep standing on top of a green field.,1,4,17022,a2e314485270a9f2128e55589583eb95,270,270,RGB,JPEG,133.15869140625,70.62521362304688,True,96
581,img_00581.jpg,A herd of white sheep standing on top of a green field.,1,5,23661,600a98ce59d4acc1574180d055ebc45a,436,436,RGB,JPEG,120.916259765625,52.42658233642578,True,96
582,img_00582.jpg,A lot of birds flying around on a beach.,0,0,48846,63d8f52ad9688920a404bce7ac473d0e,640,480,RGB,JPEG,140.393798828125,27.715709686279297,True,97
583,img_00583.jpg,A lot of birds flying around on a beach.,1,1,123470,71900ad16d6d88d1ff3ddec96ba8ba5b,768,768,RGB,JPEG,146.561767578125,41.67170333862305,True,97
584,img_00584.jpg,A lot of birds flying around on a beach.,1,2,102032,2f1b7b7b9887b24955be00b7bfa9397b,1024,1024,RGB,JPEG,146.976318359375,31.786176681518555,True,97
585,img_00585.jpg,A lot of birds flying around on a beach.,1,3,118137,49df98af9054e802283e5181b6515615,1024,1024,RGB,JPEG,169.75927734375,33.96893310546875,True,97
586,img_00586.jpg,A lot of birds flying around on a beach.,1,4,19318,eabd1bb629bb73a3d28c319c1a422dd3,270,270,RGB,JPEG,133.5234375,67.54595184326172,True,97
587,img_00587.jpg,A lot of birds flying around on a beach.,1,5,23641,f42c30f55dd0e082ecb6697be7151116,436,436,RGB,JPEG,142.048095703125,58.48505401611328,True,97
588,img_00588.jpg,A white toilet sitting on top of a bathroom floor.,0,0,25399,278df48d8a1d853f7f4e152a077074f1,480,640,RGB,JPEG,125.017578125,46.608551025390625,True,98
589,img_00589.jpg,A white toilet sitting on top of a bathroom floor.,1,1,64278,2035a2695951eebf7991c0241418b426,768,768,RGB,JPEG,125.084716796875,49.91884231567383,True,98
590,img_00590.jpg,A white toilet sitting on top of a bathroom floor.,1,2,62835,b7b3f67f075ca9a535133d65c67edd3d,1024,1024,RGB,JPEG,150.922119140625,45.811737060546875,True,98
591,img_00591.jpg,A white toilet sitting on top of a bathroom floor.,1,3,64446,293b67755786d3d2d0b20b5985c90fa6,1024,1024,RGB,JPEG,154.681640625,68.13716888427734,True,98
592,img_00592.jpg,A white toilet sitting on top of a bathroom floor.,1,4,10595,7867ab4a81bef4d290c202304db2b71d,270,270,RGB,JPEG,137.3623046875,53.85712432861328,True,98
593,img_00593.jpg,A white toilet sitting on top of a bathroom floor.,1,5,17984,109904bcf1c8fda17d3cdc6f9ec4fa36,436,436,RGB,JPEG,160.745849609375,47.24625778198242,True,98
594,img_00594.jpg,A view of cars and trucks parked along side a street. ,0,0,64074,ae9febbb194fd64c4af83415134fe7e5,640,480,RGB,JPEG,132.41748046875,48.4793815612793,True,99
595,img_00595.jpg,A view of cars and trucks parked along side a street. ,1,1,105357,aef5e8b50f4841e5775c914df1bda0d4,768,768,RGB,JPEG,129.243896484375,64.79034423828125,True,99
596,img_00596.jpg,A view of cars and trucks parked along side a street. ,1,2,109354,50a2e1e1ff0e60b78eeeccfc03309ca8,1024,1024,RGB,JPEG,117.12158203125,52.308902740478516,True,99
597,img_00597.jpg,A view of cars and trucks parked along side a street. ,1,3,253297,a486b27b77914ca0cc381c382765b85e,1024,1024,RGB,JPEG,123.770751953125,56.543941497802734,True,99
598,img_00598.jpg,A view of cars and trucks parked along side a street. ,1,4,18901,daa65e1de75742193a7731e57e0e29db,270,270,RGB,JPEG,105.341552734375,60.61206817626953,True,99
599,img_00599.jpg,A view of cars and trucks parked along side a street. ,1,5,25809,c3c6832d6559b61b246545d3835a3370,436,436,RGB,JPEG,110.818115234375,48.17005920410156,True,99
600,img_00600.jpg,A pair of shoes sits on a bench next to a door. ,0,0,60429,56f5be648687caf1863aea6e630f3247,640,427,RGB,JPEG,97.730224609375,54.66973114013672,True,100
601,img_00601.jpg,A pair of shoes sits on a bench next to a door. ,1,1,81984,d90fb584b4ff3180e682245abdc0553f,768,768,RGB,JPEG,134.935791015625,44.667781829833984,True,100
602,img_00602.jpg,A pair of shoes sits on a bench next to a door. ,1,2,109399,3044f3bd05f58663e17c050e37ac78ec,1024,1024,RGB,JPEG,123.76806640625,40.543025970458984,True,100
603,img_00603.jpg,A pair of shoes sits on a bench next to a door. ,1,3,199383,c8c1242d90dd5ad7b61696f744b0ba66,1024,1024,RGB,JPEG,139.322265625,64.54214477539062,True,100
604,img_00604.jpg,A pair of shoes sits on a bench next to a door. ,1,4,13341,279ada8ea635510b66f9261f4033d71b,270,270,RGB,JPEG,67.921875,54.7866096496582,True,100
605,img_00605.jpg,A pair of shoes sits on a bench next to a door. ,1,5,20071,b6ee992d53bbce175f3c784635082699,436,436,RGB,JPEG,68.975830078125,37.407962799072266,True,100
606,img_00606.jpg,A bird that is sitting on a branch.,0,0,47780,0f4360e7b3b1a28438522c1ac69b50c0,640,427,RGB,JPEG,123.591796875,49.69801712036133,True,101
607,img_00607.jpg,A bird that is sitting on a branch.,1,1,67856,6ba144e8f1466b21f62cd29be356a8c8,768,768,RGB,JPEG,121.122314453125,43.056800842285156,True,101
608,img_00608.jpg,A bird that is sitting on a branch.,1,2,72909,210287b97210e1892ad3b54deac29673,1024,1024,RGB,JPEG,140.295166015625,53.084449768066406,True,101
609,img_00609.jpg,A bird that is sitting on a branch.,1,3,82072,d6a2c2b8f5b624bf77797ba1bc152b9b,1024,1024,RGB,JPEG,145.664306640625,49.6636962890625,True,101
610,img_00610.jpg,A bird that is sitting on a branch.,1,4,21381,751d485a8c1daf67b5b983e53e7e6cc4,270,270,RGB,JPEG,95.480712890625,51.276641845703125,True,101
611,img_00611.jpg,A bird that is sitting on a branch.,1,5,22014,de5f13009c39ae2896dce540011c9583,436,436,RGB,JPEG,106.78466796875,67.46733856201172,True,101
612,img_00612.jpg,A man walking around with his dog and sheep.,0,0,33515,ca0362bf053f9f3e1efd5e91c93301a0,640,412,RGB,JPEG,27.66162109375,31.26964569091797,True,102
613,img_00613.jpg,A man walking around with his dog and sheep.,1,1,80027,de05a63efe8b1be584dab2892ab23c1d,768,768,RGB,JPEG,114.693359375,39.791378021240234,True,102
614,img_00614.jpg,A man walking around with his dog and sheep.,1,2,95764,0bd0fc0747a682772aa025f13d3eaebe,1024,1024,RGB,JPEG,112.677734375,39.663307189941406,True,102
615,img_00615.jpg,A man walking around with his dog and sheep.,1,3,177209,66bcc286dd9a9748b1ae5a1dc6694cf9,1024,1024,RGB,JPEG,153.228271484375,66.07450103759766,True,102
616,img_00616.jpg,A man walking around with his dog and sheep.,1,4,17193,904ef13eb6921d36ecc2bcaa61539429,270,270,RGB,JPEG,127.80859375,61.051246643066406,True,102
617,img_00617.jpg,A man walking around with his dog and sheep.,1,5,31980,2f749c2260c21e3cabfdf94600bbd49a,436,436,RGB,JPEG,91.68212890625,46.81410217285156,True,102
618,img_00618.jpg,A towel rack in a bathroom topped with two stuffed animals.,0,0,23073,7c993d2a9316e0c8865c2c515939912b,500,375,RGB,JPEG,116.1865234375,33.152610778808594,True,103
619,img_00619.jpg,A towel rack in a bathroom topped with two stuffed animals.,1,1,70908,5a43f2d0a7c78121bf13986b895ba147,768,768,RGB,JPEG,119.617919921875,46.46260452270508,True,103
620,img_00620.jpg,A towel rack in a bathroom topped with two stuffed animals.,1,2,82863,dc9631b9e3503ddd9c0fe837df40f782,1024,1024,RGB,JPEG,153.625,41.31634521484375,True,103
621,img_00621.jpg,A towel rack in a bathroom topped with two stuffed animals.,1,3,116704,07ebd872788071d8b584bdd2f47e9b7a,1024,1024,RGB,JPEG,192.752685546875,41.70583724975586,True,103
622,img_00622.jpg,A towel rack in a bathroom topped with two stuffed animals.,1,4,16310,a0af01de32dcefa4fa386fd707cca12e,270,270,RGB,JPEG,156.241943359375,52.64164352416992,True,103
623,img_00623.jpg,A towel rack in a bathroom topped with two stuffed animals.,1,5,20422,dfdf0f899de358211fab99c854e1559a,436,436,RGB,JPEG,149.216796875,43.1447639465332,True,103
624,img_00624.jpg,A white bowl filled with veggies and two lemon wedgies.,0,0,42428,9e38709532cedd973279b63d79bb0348,640,432,RGB,JPEG,136.762939453125,61.74700927734375,True,104
625,img_00625.jpg,A white bowl filled with veggies and two lemon wedgies.,1,1,85465,6a7411acbe328fb5d644b4694113a310,768,768,RGB,JPEG,119.062744140625,68.96721649169922,True,104
626,img_00626.jpg,A white bowl filled with veggies and two lemon wedgies.,1,2,85154,e04f4a4fb593a7dcb5bed5fa7e537039,1024,1024,RGB,JPEG,151.137451171875,49.41718292236328,True,104
627,img_00627.jpg,A white bowl filled with veggies and two lemon wedgies.,1,3,165201,160b2cc101e7ef2d4383b980a1936cba,1024,1024,RGB,JPEG,169.804443359375,68.8013916015625,True,104
628,img_00628.jpg,A white bowl filled with veggies and two lemon wedgies.,1,4,18985,3a21d5c00e0757f691edbfb9f5ac5d4d,270,270,RGB,JPEG,113.10107421875,59.39651107788086,True,104
629,img_00629.jpg,A white bowl filled with veggies and two lemon wedgies.,1,5,28272,43a3799f02f600fa1fcfd2495a522973,436,436,RGB,JPEG,144.279052734375,57.035667419433594,True,104
630,img_00630.jpg,A sign directs people towards four waiting lanes ahead.,0,0,50074,5c590af56fc85edce79ff8248c6479a7,427,640,RGB,JPEG,96.890625,64.12967681884766,True,105
631,img_00631.jpg,A sign directs people towards four waiting lanes ahead.,1,1,93242,7708692bf3433a92fe13c20446fcf488,768,768,RGB,JPEG,125.80615234375,55.578914642333984,True,105
632,img_00632.jpg,A sign directs people towards four waiting lanes ahead.,1,2,86756,69815ea5377244ae565ab7e2643a1e5a,1024,1024,RGB,JPEG,136.615966796875,35.19548797607422,True,105
633,img_00633.jpg,A sign directs people towards four waiting lanes ahead.,1,3,150458,02fd35a63f201ccaae0d1e5a8e097d57,1024,1024,RGB,JPEG,157.45703125,58.3192138671875,True,105
634,img_00634.jpg,A sign directs people towards four waiting lanes ahead.,1,4,18489,387ee5dc6a59bbba7241083a4039fddb,270,270,RGB,JPEG,124.380615234375,72.09510803222656,True,105
635,img_00635.jpg,A sign directs people towards four waiting lanes ahead.,1,5,19981,8fb175d10d33b69960214737e2487492,436,436,RGB,JPEG,175.4287109375,58.271854400634766,True,105
636,img_00636.jpg,A newly married emo hipster couple sitting on a bench.,0,0,69155,8ce5c8a1c9be3ee2bd206726f2eb871a,640,425,RGB,JPEG,115.765380859375,67.85934448242188,True,106
637,img_00637.jpg,A newly married emo hipster couple sitting on a bench.,1,1,92259,8f6632ee876b1b0b08df2f2098545d3a,768,768,RGB,JPEG,113.410400390625,51.78750228881836,True,106
638,img_00638.jpg,A newly married emo hipster couple sitting on a bench.,1,2,129227,82994e97d1db6d94292f13e9ffafe9df,1024,1024,RGB,JPEG,116.600341796875,44.94330978393555,True,106
639,img_00639.jpg,A newly married emo hipster couple sitting on a bench.,1,3,133191,fab05602a54af3e01024de09b0a56800,1024,1024,RGB,JPEG,129.244140625,86.6978988647461,True,106
640,img_00640.jpg,A newly married emo hipster couple sitting on a bench.,1,4,17693,1012ce3ccafa28b134cdf700ae2d6db7,270,270,RGB,JPEG,84.2451171875,66.3124008178711,True,106
641,img_00641.jpg,A newly married emo hipster couple sitting on a bench.,1,5,19567,023581c1b2546bbb7f22381ccfde99c5,436,436,RGB,JPEG,75.003662109375,41.522403717041016,True,106
642,img_00642.jpg,A white and black bird perched on a wooden fence rail.,0,0,37937,72585b4a45c5d68fdf63783697d6ec13,640,424,RGB,JPEG,106.8974609375,64.48751068115234,True,107
643,img_00643.jpg,A white and black bird perched on a wooden fence rail.,1,1,65690,e942cc5b4f76f143c76bfaedc58a80f4,768,768,RGB,JPEG,113.7841796875,34.86299514770508,True,107
644,img_00644.jpg,A white and black bird perched on a wooden fence rail.,1,2,80769,817b804abda46954f3bf24c8dcf2c85e,1024,1024,RGB,JPEG,115.09814453125,33.929752349853516,True,107
645,img_00645.jpg,A white and black bird perched on a wooden fence rail.,1,3,93869,85346fff7a3c19c1d4c22193c793540a,1024,1024,RGB,JPEG,117.785888671875,33.86991500854492,True,107
646,img_00646.jpg,A white and black bird perched on a wooden fence rail.,1,4,11888,8f4885fb2760b2ae978fe125293ac4c0,270,270,RGB,JPEG,117.94677734375,52.51186752319336,True,107
647,img_00647.jpg,A white and black bird perched on a wooden fence rail.,1,5,16723,2ccca7e10419aa7aa49cd377602ab0ef,436,436,RGB,JPEG,139.328125,43.634090423583984,True,107
648,img_00648.jpg,A city street with no traffic line with traffic lights.,0,0,51183,50ca0121e0d3985989810da0b87969bc,640,428,RGB,JPEG,92.742431640625,73.2979507446289,True,108
649,img_00649.jpg,A city street with no traffic line with traffic lights.,1,1,122669,c6065ba6bd3261cec8f3c05ba614aad2,768,768,RGB,JPEG,114.929931640625,54.03641891479492,True,108
650,img_00650.jpg,A city street with no traffic line with traffic lights.,1,2,127768,bee0b35f8a64bbf38751be295a623a5d,1024,1024,RGB,JPEG,109.31005859375,41.76962661743164,True,108
651,img_00651.jpg,A city street with no traffic line with traffic lights.,1,3,191433,5c2433a4416090312f9aacbc49a286d5,1024,1024,RGB,JPEG,122.543212890625,67.35154724121094,True,108
652,img_00652.jpg,A city street with no traffic line with traffic lights.,1,4,20482,4f60267fb966dd298af526e4bed890f0,270,270,RGB,JPEG,111.8544921875,60.46877670288086,True,108
653,img_00653.jpg,A city street with no traffic line with traffic lights.,1,5,29948,9c9a7987fd159934ad0b2b05a89d4ebe,436,436,RGB,JPEG,117.375,46.90749740600586,True,108
654,img_00654.jpg,A white toilet in a bathroom with a digital arm rest.,0,0,41021,b74a4723bc120a283e65c2becbe0dcd0,480,640,RGB,JPEG,137.800048828125,55.13323211669922,True,109
655,img_00655.jpg,A white toilet in a bathroom with a digital arm rest.,1,1,50588,0411690ba1626abd467a6b0681b3b853,768,768,RGB,JPEG,120.968505859375,50.75458908081055,True,109
656,img_00656.jpg,A white toilet in a bathroom with a digital arm rest.,1,2,51064,0cf3f193409f1574e57716528a59c7fe,1024,1024,RGB,JPEG,160.70654296875,39.86387634277344,True,109
657,img_00657.jpg,A white toilet in a bathroom with a digital arm rest.,1,3,73979,b0f31b167cb183598add9232f76c829a,1024,1024,RGB,JPEG,143.951904296875,72.75404357910156,True,109
658,img_00658.jpg,A white toilet in a bathroom with a digital arm rest.,1,4,9925,a816f37875f67096daa431787eb462ca,270,270,RGB,JPEG,164.382080078125,59.642215728759766,True,109
659,img_00659.jpg,A white toilet in a bathroom with a digital arm rest.,1,5,18662,985386909663bd87f0c06f597714c77b,436,436,RGB,JPEG,144.938720703125,59.52355194091797,True,109
660,img_00660.jpg,A very large airplane sitting on a runway.,0,0,34794,c4b4d60c42ed7ab81510929842417a8f,640,459,RGB,JPEG,147.601318359375,66.07940673828125,True,110
661,img_00661.jpg,A very large airplane sitting on a runway.,1,1,59839,baad0c764d485a3e0e2eceac8abcf694,768,768,RGB,JPEG,114.463623046875,45.97986602783203,True,110
662,img_00662.jpg,A very large airplane sitting on a runway.,1,2,87461,f3b7c3a6d421a7a2639c7413b9c8e9df,1024,1024,RGB,JPEG,140.614013671875,39.69605255126953,True,110
663,img_00663.jpg,A very large airplane sitting on a runway.,1,3,61906,4734ccd14e522f6fc2fdf5c9f8e7e0e2,1024,1024,RGB,JPEG,167.76513671875,34.60155487060547,True,110
664,img_00664.jpg,A very large airplane sitting on a runway.,1,4,14542,77eda1c3d862211f24fcbc83b56020db,270,270,RGB,JPEG,111.701416015625,58.516109466552734,True,110
665,img_00665.jpg,A very large airplane sitting on a runway.,1,5,26093,6cd9668aee405f1fdc6cd045853e332c,436,436,RGB,JPEG,114.390380859375,57.600215911865234,True,110
666,img_00666.jpg,A photo of an old building with focus on the clock tower.,0,0,51299,28d5d5adb3d52ac3a0dc08b0f8b29200,461,640,RGB,JPEG,115.274169921875,78.6246337890625,True,111
667,img_00667.jpg,A photo of an old building with focus on the clock tower.,1,1,107229,d64ef4fed13753fd23ad62fb9fd9163d,768,768,RGB,JPEG,132.340576171875,69.33685302734375,True,111
668,img_00668.jpg,A photo of an old building with focus on the clock tower.,1,2,107504,efad26433a13db8a119831d83116fee0,1024,1024,RGB,JPEG,117.1826171875,47.985172271728516,True,111
669,img_00669.jpg,A photo of an old building with focus on the clock tower.,1,3,268922,765d9b4079f44b72ce46760ff8a35db1,1024,1024,RGB,JPEG,115.822265625,61.73914337158203,True,111
670,img_00670.jpg,A photo of an old building with focus on the clock tower.,1,4,17739,c8d9ae1a237ccd446ceb4b225238492a,270,270,RGB,JPEG,103.442626953125,60.987308502197266,True,111
671,img_00671.jpg,A photo of an old building with focus on the clock tower.,1,5,30887,1fc84ab151123601ee0c7f15ce02abf2,436,436,RGB,JPEG,100.419921875,67.02284240722656,True,111
672,img_00672.jpg,A white stove with two metal pots on its back burners. ,0,0,33239,2de2aa348ad8587a29c627152f5786bc,500,375,RGB,JPEG,86.3349609375,49.58561706542969,True,112
673,img_00673.jpg,A white stove with two metal pots on its back burners. ,1,1,77649,11e80ff481be22d01e77279197bc6186,768,768,RGB,JPEG,133.65185546875,65.00511169433594,True,112
674,img_00674.jpg,A white stove with two metal pots on its back burners. ,1,2,85174,c443f87b323c0ca21aa31d7cf3bf90f4,1024,1024,RGB,JPEG,156.797119140625,46.7593994140625,True,112
675,img_00675.jpg,A white stove with two metal pots on its back burners. ,1,3,79456,3faaeff3428976bb590745e6bab6d53e,1024,1024,RGB,JPEG,166.4033203125,67.83179473876953,True,112
676,img_00676.jpg,A white stove with two metal pots on its back burners. ,1,4,14182,a9ad9e2d57876811e7c9736a28cbe3a7,270,270,RGB,JPEG,169.11328125,54.57410430908203,True,112
677,img_00677.jpg,A white stove with two metal pots on its back burners. ,1,5,18378,928d8105ce6ee0e4f8e73f0f9a04c3af,436,436,RGB,JPEG,183.80712890625,47.274444580078125,True,112
678,img_00678.jpg,Two people are riding a small motorcycle off-road.,0,0,63975,7d5df12383f76d717f4e343537e83c70,640,427,RGB,JPEG,160.079833984375,52.49039077758789,True,113
679,img_00679.jpg,Two people are riding a small motorcycle off-road.,1,1,106599,7d1237d19a009fb0d4bf421d610e949d,768,768,RGB,JPEG,112.307373046875,54.11689376831055,True,113
680,img_00680.jpg,Two people are riding a small motorcycle off-road.,1,2,117855,4d6fb7edbaf44e599a1ee15fe06d284c,1024,1024,RGB,JPEG,110.909912109375,42.85873031616211,True,113
681,img_00681.jpg,Two people are riding a small motorcycle off-road.,1,3,171639,58fcde5f6f52ec6808209fac7f6490e5,1024,1024,RGB,JPEG,127.35986328125,69.02661895751953,True,113
682,img_00682.jpg,Two people are riding a small motorcycle off-road.,1,4,18809,d5ced4e7bba2ffe00aa1e0ac6b95e90d,270,270,RGB,JPEG,150.6904296875,63.90896987915039,True,113
683,img_00683.jpg,Two people are riding a small motorcycle off-road.,1,5,32768,1736ef4e7fbffe11e051e87059b47d28,436,436,RGB,JPEG,137.57177734375,50.48199462890625,True,113
684,img_00684.jpg,a man sits on a motor cycle next to a gas pump,0,0,51473,220bc233176c72452b088b5859ae2093,480,640,RGB,JPEG,86.201904296875,61.15990447998047,True,114
685,img_00685.jpg,a man sits on a motor cycle next to a gas pump,1,1,89968,48e1d9f81441bb45d50cef416e413a79,768,768,RGB,JPEG,114.943603515625,70.67972564697266,True,114
686,img_00686.jpg,a man sits on a motor cycle next to a gas pump,1,2,118066,65d28538557a4df49708b4c584275117,1024,1024,RGB,JPEG,102.250732421875,57.86408996582031,True,114
687,img_00687.jpg,a man sits on a motor cycle next to a gas pump,1,3,181320,e91f152d4524fbcf2e718e3da054baca,1024,1024,RGB,JPEG,126.0615234375,74.25759887695312,True,114
688,img_00688.jpg,a man sits on a motor cycle next to a gas pump,1,4,19190,a8d1a6393afb693e542e93cb036c6734,270,270,RGB,JPEG,94.478515625,72.18755340576172,True,114
689,img_00689.jpg,a man sits on a motor cycle next to a gas pump,1,5,26296,48b2c00314fb2ab19f7e041c10d3bb97,436,436,RGB,JPEG,125.650634765625,67.90253448486328,True,114
690,img_00690.jpg,a giraffe is standing in a grassy field ,0,0,64426,8a00ecb0c954e5764fedaaa8ff749b7f,640,484,RGB,JPEG,139.183349609375,35.29513931274414,True,115
691,img_00691.jpg,a giraffe is standing in a grassy field ,1,1,63812,5ab10a5ad5cb919053cfa12ac1e62a3c,768,768,RGB,JPEG,115.149169921875,44.018741607666016,True,115
692,img_00692.jpg,a giraffe is standing in a grassy field ,1,2,85233,2e281012e1081dff0196ee4d7de2d71c,1024,1024,RGB,JPEG,118.63818359375,30.92076301574707,True,115
693,img_00693.jpg,a giraffe is standing in a grassy field ,1,3,143247,1e797ebc518dff5f8257aea3648b25ec,1024,1024,RGB,JPEG,180.99560546875,45.885440826416016,True,115
694,img_00694.jpg,a giraffe is standing in a grassy field ,1,4,17620,8af422044b7a661f3ebc9526d1b516bc,270,270,RGB,JPEG,170.842529296875,37.8699951171875,True,115
695,img_00695.jpg,a giraffe is standing in a grassy field ,1,5,20211,0a2f65b4e0acb18a5fb7f5a5b84f3961,436,436,RGB,JPEG,151.8896484375,32.8587532043457,True,115
696,img_00696.jpg,A black and a white woman standing under an umbrella,0,0,56413,241c2d0747162c0e53ed7224b1f47536,427,640,RGB,JPEG,132.5439453125,68.73104858398438,True,116
697,img_00697.jpg,A black and a white woman standing under an umbrella,1,1,61785,efcaf282d99e9c80e25d81516cd37553,768,768,RGB,JPEG,109.16064453125,52.54718017578125,True,116
698,img_00698.jpg,A black and a white woman standing under an umbrella,1,2,88234,b3cf6bea9af89b9e8d48485f06993996,1024,1024,RGB,JPEG,116.446533203125,61.660037994384766,True,116
699,img_00699.jpg,A black and a white woman standing under an umbrella,1,3,104743,9af5718bdd1599951070dd6ee47d45d8,1024,1024,RGB,JPEG,118.417724609375,92.92997741699219,True,116
700,img_00700.jpg,A black and a white woman standing under an umbrella,1,4,17198,308f8c754a8c6d32cda7c097c740a94a,270,270,RGB,JPEG,124.068603515625,70.22843170166016,True,116
701,img_00701.jpg,A black and a white woman standing under an umbrella,1,5,21038,20cc47cd5805bc62398d31cfeef40ba4,436,436,RGB,JPEG,100.635009765625,57.160743713378906,True,116
702,img_00702.jpg,The jet is flying high in sky threw the sun,0,0,20184,1c7ef31d852ef1f40339b1106ce19c1a,640,498,RGB,JPEG,134.114013671875,22.74837875366211,True,117
703,img_00703.jpg,The jet is flying high in sky threw the sun,1,1,44186,e56fd263ce4b6f101d51a452ef5e70b1,768,768,RGB,JPEG,134.273681640625,53.49773025512695,True,117
704,img_00704.jpg,The jet is flying high in sky threw the sun,1,2,76996,b7d4130ebfc9c132977334de2325bcdb,1024,1024,RGB,JPEG,136.77783203125,48.19683074951172,True,117
705,img_00705.jpg,The jet is flying high in sky threw the sun,1,3,45633,fa61291ce7f339b9f47a3ef640a8da21,1024,1024,RGB,JPEG,175.7001953125,48.21022415161133,True,117
706,img_00706.jpg,The jet is flying high in sky threw the sun,1,4,13058,f5137e1a3480dad843eb23b9549fcd67,270,270,RGB,JPEG,100.30419921875,61.82844924926758,True,117
707,img_00707.jpg,The jet is flying high in sky threw the sun,1,5,19225,263530f53ef0537d20dd59de3ca02083,436,436,RGB,JPEG,99.322265625,55.63434600830078,True,117
708,img_00708.jpg,A couple of red trains parked in a train station.,0,0,37498,12e38e5d6b295cc0ade4fa0c468acd2f,640,360,RGB,JPEG,96.328369140625,63.67080307006836,True,118
709,img_00709.jpg,A couple of red trains parked in a train station.,1,1,111748,e90d9b08fd3d2c89d67fb8df924ce6b7,768,768,RGB,JPEG,114.696533203125,55.04841232299805,True,118
710,img_00710.jpg,A couple of red trains parked in a train station.,1,2,156809,f0a39c0fcffa8f17516848d20c0ef72a,1024,1024,RGB,JPEG,107.593017578125,48.66937255859375,True,118
711,img_00711.jpg,A couple of red trains parked in a train station.,1,3,166845,5b6c8d9ed03426a55f4041b45d85ea4c,1024,1024,RGB,JPEG,84.516845703125,78.0031967163086,True,118
712,img_00712.jpg,A couple of red trains parked in a train station.,1,4,16919,3bc64c2081137fb593194b14983acfdc,270,270,RGB,JPEG,98.18310546875,48.96629333496094,True,118
713,img_00713.jpg,A couple of red trains parked in a train station.,1,5,31522,6745b1df3b84eb8a5a5cafeab7eb8c05,436,436,RGB,JPEG,76.438720703125,53.839454650878906,True,118
714,img_00714.jpg,Black and white photo of a clocktower and a bird.,0,0,44907,3ec041f277535fcc0c0edb38fcc6e228,426,640,RGB,JPEG,113.708984375,43.13809585571289,True,119
715,img_00715.jpg,Black and white photo of a clocktower and a bird.,1,1,49160,e8bd02af14c118e215baab098c75b4c8,768,768,RGB,JPEG,122.70703125,47.09137725830078,True,119
716,img_00716.jpg,Black and white photo of a clocktower and a bird.,1,2,100824,24a2192dbf3d92b943b2697190231098,1024,1024,RGB,JPEG,142.083984375,51.301231384277344,True,119
717,img_00717.jpg,Black and white photo of a clocktower and a bird.,1,3,41213,476be284a3a876b098d0d252ca99e004,1024,1024,RGB,JPEG,185.293212890625,69.85002136230469,True,119
718,img_00718.jpg,Black and white photo of a clocktower and a bird.,1,4,15323,bfef1665eaf7ccd55fa6e8db0c06b1d1,270,270,RGB,JPEG,92.0517578125,68.79657745361328,True,119
719,img_00719.jpg,Black and white photo of a clocktower and a bird.,1,5,16572,4a0649c48b5c3dfcc989fa586aaac7e2,436,436,RGB,JPEG,142.3994140625,92.64879608154297,True,119
720,img_00720.jpg,A train travels through a rural area as it blows smoke,0,0,70530,f0a9c91cf22df79f4cd12647efa58c81,640,427,RGB,JPEG,122.615234375,60.12065124511719,True,120
721,img_00721.jpg,A train travels through a rural area as it blows smoke,1,1,70999,603598028d58f3b5e072dbe96dcc2a4f,768,768,RGB,JPEG,117.406494140625,50.53715896606445,True,120
722,img_00722.jpg,A train travels through a rural area as it blows smoke,1,2,134546,86e143922fc5201794cfb074745d3282,1024,1024,RGB,JPEG,122.4111328125,44.473899841308594,True,120
723,img_00723.jpg,A train travels through a rural area as it blows smoke,1,3,221867,2ccbde4d8966ea71810529c8a1f1621b,1024,1024,RGB,JPEG,145.966796875,45.457942962646484,True,120
724,img_00724.jpg,A train travels through a rural area as it blows smoke,1,4,14897,b44a6a7fdf79fc2031bb531155975ba8,270,270,RGB,JPEG,105.52099609375,53.84992980957031,True,120
725,img_00725.jpg,A train travels through a rural area as it blows smoke,1,5,31050,ae11016e452ee37220f4630c456292ab,436,436,RGB,JPEG,92.18212890625,59.216922760009766,True,120
726,img_00726.jpg,a bath room with its door open and light on,0,0,37842,6e9e2fc80e56a8642bd744f57e77b3b7,640,427,RGB,JPEG,153.982666015625,35.287803649902344,True,121
727,img_00727.jpg,a bath room with its door open and light on,1,1,64057,e0ff0b6bea8c184e89af2d0463c67c14,768,768,RGB,JPEG,140.603515625,42.321693420410156,True,121
728,img_00728.jpg,a bath room with its door open and light on,1,2,66323,373b5007c0a1920d16b4724cd15cb12f,1024,1024,RGB,JPEG,140.074462890625,33.21847915649414,True,121
729,img_00729.jpg,a bath room with its door open and light on,1,3,63862,dc69c71f13e11c99aa08e29b5bc1ba6f,1024,1024,RGB,JPEG,123.241943359375,85.289794921875,True,121
730,img_00730.jpg,a bath room with its door open and light on,1,4,17294,f56c2553b7115d20aa98533b7cc36dfe,270,270,RGB,JPEG,98.687255859375,59.78418731689453,True,121
731,img_00731.jpg,a bath room with its door open and light on,1,5,15805,cd10740bff930d877bab2fcc564afc8a,436,436,RGB,JPEG,85.8408203125,46.70304870605469,True,121
732,img_00732.jpg,Large white airplane with blue tail sitting on a runway. ,0,0,49875,bfcbdfd47ba6e96cffa0b3b0e1ae628f,640,478,RGB,JPEG,113.34375,66.84768676757812,True,122
733,img_00733.jpg,Large white airplane with blue tail sitting on a runway. ,1,1,50222,df872dcbafb6fd8c0a32328ee6556525,768,768,RGB,JPEG,114.623779296875,38.52632522583008,True,122
734,img_00734.jpg,Large white airplane with blue tail sitting on a runway. ,1,2,57624,1e8eeed0b980618a3218c6d5b89168a0,1024,1024,RGB,JPEG,137.7568359375,26.401893615722656,True,122
735,img_00735.jpg,Large white airplane with blue tail sitting on a runway. ,1,3,98663,8d612c82d5159989742fbb3c2beb2922,1024,1024,RGB,JPEG,154.8642578125,46.65890884399414,True,122
736,img_00736.jpg,Large white airplane with blue tail sitting on a runway. ,1,4,11916,f83fa302cd0fe9d60f92d5481eb67981,270,270,RGB,JPEG,119.435791015625,52.158870697021484,True,122
737,img_00737.jpg,Large white airplane with blue tail sitting on a runway. ,1,5,21527,3fa9ee9707a36d02e2dfe51e10dcaa19,436,436,RGB,JPEG,132.85546875,33.49681854248047,True,122
738,img_00738.jpg,The sign is in clear view by the traffic lights. ,0,0,38446,c964183afc1892e0f5cfa38eb6b26d41,500,375,RGB,JPEG,144.2802734375,65.72624969482422,True,123
739,img_00739.jpg,The sign is in clear view by the traffic lights. ,1,1,108897,53fb79d60b0017951f51f86017693577,768,768,RGB,JPEG,130.509033203125,67.68572235107422,True,123
740,img_00740.jpg,The sign is in clear view by the traffic lights. ,1,2,131911,b2dd264a75f5f59fa92d14c5831e9746,1024,1024,RGB,JPEG,121.753173828125,57.765052795410156,True,123
741,img_00741.jpg,The sign is in clear view by the traffic lights. ,1,3,117546,9e0d24139ec6ae3724eddd114c886358,1024,1024,RGB,JPEG,130.10888671875,74.2339859008789,True,123
742,img_00742.jpg,The sign is in clear view by the traffic lights. ,1,4,16783,d4041308a18c1bbaf7b131b083c57262,270,270,RGB,JPEG,110.055908203125,59.19448471069336,True,123
743,img_00743.jpg,The sign is in clear view by the traffic lights. ,1,5,13458,dc6b91e74cc50e9aee74b7eca974949d,436,436,RGB,JPEG,51.611328125,27.47861099243164,True,123
744,img_00744.jpg,A group of men standing near parked motorcycles,0,0,29863,da4203884ecb662bed243e8c10208487,640,201,RGB,JPEG,119.048583984375,84.39593505859375,True,124
745,img_00745.jpg,A group of men standing near parked motorcycles,1,1,76844,92995c734d7da6698ef0f165b5433093,768,768,RGB,JPEG,114.45458984375,47.161956787109375,True,124
746,img_00746.jpg,A group of men standing near parked motorcycles,1,2,154472,34c48956e64140c27c5e797e184c0e67,1024,1024,RGB,JPEG,91.2470703125,47.573394775390625,True,124
747,img_00747.jpg,A group of men standing near parked motorcycles,1,3,229828,188444b34c80dbc21a9d3fbcec6a6c66,1024,1024,RGB,JPEG,128.539306640625,66.21271514892578,True,124
748,img_00748.jpg,A group of men standing near parked motorcycles,1,4,22142,6ad7fbc38b855008c1ef74c25c51060b,270,270,RGB,JPEG,93.5146484375,48.31623077392578,True,124
749,img_00749.jpg,A group of men standing near parked motorcycles,1,5,23382,9b15b0ab7bfc99d0dc2d4f30dcd87f05,436,436,RGB,JPEG,118.92724609375,82.21434020996094,True,124
750,img_00750.jpg,some cars on a wet street buildings and traffic lights,0,0,35519,bcf53be68cf931525bb42ca2f7960d48,500,332,RGB,JPEG,51.583984375,41.673831939697266,True,125
751,img_00751.jpg,some cars on a wet street buildings and traffic lights,1,1,118347,fc110aedab159938520b51d07a93769c,768,768,RGB,JPEG,116.7607421875,62.421104431152344,True,125
752,img_00752.jpg,some cars on a wet street buildings and traffic lights,1,2,144884,d0c020142e7eddffbb9f703131eaf05c,1024,1024,RGB,JPEG,96.28662109375,48.7322998046875,True,125
753,img_00753.jpg,some cars on a wet street buildings and traffic lights,1,3,143486,0200bdfb4a0b86dddb0a53e2109abaf6,1024,1024,RGB,JPEG,102.5322265625,80.20303344726562,True,125
754,img_00754.jpg,some cars on a wet street buildings and traffic lights,1,4,19590,ff3564d656872ab8ba61f776ee938e0d,270,270,RGB,JPEG,107.14453125,58.86038589477539,True,125
755,img_00755.jpg,some cars on a wet street buildings and traffic lights,1,5,29231,a34633f7687fd629c294b6e3fbf2ad91,436,436,RGB,JPEG,91.00439453125,59.57843780517578,True,125
756,img_00756.jpg,A mirror and soap dispenser in a bathroom.,0,0,16679,39c955c8ca51ba8b317469d73733677e,375,500,RGB,JPEG,118.161376953125,58.48200225830078,True,126
757,img_00757.jpg,A mirror and soap dispenser in a bathroom.,1,1,59775,84e605733fa220b10f4d24c4bdea1581,768,768,RGB,JPEG,137.5703125,37.40329360961914,True,126
758,img_00758.jpg,A mirror and soap dispenser in a bathroom.,1,2,60292,fb456851371c0b524d440db5c336542a,1024,1024,RGB,JPEG,149.935791015625,37.348304748535156,True,126
759,img_00759.jpg,A mirror and soap dispenser in a bathroom.,1,3,56893,a91be65c30b069908d915df695ce643b,1024,1024,RGB,JPEG,186.41796875,42.527626037597656,True,126
760,img_00760.jpg,A mirror and soap dispenser in a bathroom.,1,4,17257,852b170f7f710aeb234075fa6eba9598,270,270,RGB,JPEG,125.222412109375,59.729957580566406,True,126
761,img_00761.jpg,A mirror and soap dispenser in a bathroom.,1,5,19802,79d715383398bd8503b626e9ef0b4dc5,436,436,RGB,JPEG,172.214111328125,45.5104866027832,True,126
762,img_00762.jpg,A bathroom with a white toilet next to a shower.,0,0,50797,d804c4192baba7dbf4d2632425c9a5b7,640,437,RGB,JPEG,82.990966796875,45.834388732910156,True,127
763,img_00763.jpg,A bathroom with a white toilet next to a shower.,1,1,44609,82ebaff8dcfde2e2eebf2c6023c02922,768,768,RGB,JPEG,122.686767578125,55.92210388183594,True,127
764,img_00764.jpg,A bathroom with a white toilet next to a shower.,1,2,86709,6ff2d1818c129ea0c174b7123c7fecea,1024,1024,RGB,JPEG,149.798095703125,31.560009002685547,True,127
765,img_00765.jpg,A bathroom with a white toilet next to a shower.,1,3,75647,fbcce0a16e25246572349827a4b0983e,1024,1024,RGB,JPEG,171.709716796875,44.51757049560547,True,127
766,img_00766.jpg,A bathroom with a white toilet next to a shower.,1,4,15741,d8bbcf73deb603dd30e5ae39ca3dc368,270,270,RGB,JPEG,135.4541015625,52.20771026611328,True,127
767,img_00767.jpg,A bathroom with a white toilet next to a shower.,1,5,17992,f77710f12c8cdae96eb6dc457db3b11b,436,436,RGB,JPEG,160.468994140625,34.787933349609375,True,127
768,img_00768.jpg,a man on a motorcycle that is in some grass,0,0,85550,01c6ef52e604ba4501d2a556e5ebcf8e,480,640,RGB,JPEG,120.04248046875,50.23044967651367,True,128
769,img_00769.jpg,a man on a motorcycle that is in some grass,1,1,107855,c1d3f38024da91d14802710f6063b7c6,768,768,RGB,JPEG,116.740478515625,57.75971984863281,True,128
770,img_00770.jpg,a man on a motorcycle that is in some grass,1,2,136252,ec3a0bef7b5d55cb7fb9ed25bf21bcc9,1024,1024,RGB,JPEG,106.03857421875,38.10595703125,True,128
771,img_00771.jpg,a man on a motorcycle that is in some grass,1,3,222635,c7df92c8568ea6857e96e8a4bc13140c,1024,1024,RGB,JPEG,131.921630859375,62.5265007019043,True,128
772,img_00772.jpg,a man on a motorcycle that is in some grass,1,4,19997,54df634967748d0a483ad94be1651ea8,270,270,RGB,JPEG,147.856201171875,81.83198547363281,True,128
773,img_00773.jpg,a man on a motorcycle that is in some grass,1,5,23760,ba4b826812ae6e8e2077361799ff70e9,436,436,RGB,JPEG,81.04931640625,45.914283752441406,True,128
774,img_00774.jpg,A lone giraffe stands in the middle of a grassy field.,0,0,121814,1100c5eeab1bea13867c1720c18425f8,480,640,RGB,JPEG,134.980224609375,42.96876525878906,True,129
775,img_00775.jpg,A lone giraffe stands in the middle of a grassy field.,1,1,86061,611b058e2515a7fee4d2d32ad1b6c94a,768,768,RGB,JPEG,111.82470703125,47.495811462402344,True,129
776,img_00776.jpg,A lone giraffe stands in the middle of a grassy field.,1,2,110245,1f18677872ce4715d27eab016d364110,1024,1024,RGB,JPEG,126.515380859375,32.76646423339844,True,129
777,img_00777.jpg,A lone giraffe stands in the middle of a grassy field.,1,3,158937,87b77f1e6a7f033df07f8bb14cbda808,1024,1024,RGB,JPEG,166.869140625,40.864444732666016,True,129
778,img_00778.jpg,A lone giraffe stands in the middle of a grassy field.,1,4,11068,07dd099eb9724ab625f43a272ff9d8a2,270,270,RGB,JPEG,129.353515625,64.0374984741211,True,129
779,img_00779.jpg,A lone giraffe stands in the middle of a grassy field.,1,5,17765,34fba878bf2997ef17a13e392fe910f8,436,436,RGB,JPEG,166.78076171875,42.80459976196289,True,129
780,img_00780.jpg,A small white car with a small white dog riding in it.,0,0,41085,720bfd9f0e12622416d090bf362a5f07,640,417,RGB,JPEG,53.013916015625,52.591304779052734,True,130
781,img_00781.jpg,A small white car with a small white dog riding in it.,1,1,59563,804ba6aeba63f81e4b3f1bb7ec745630,768,768,RGB,JPEG,135.00439453125,70.01458740234375,True,130
782,img_00782.jpg,A small white car with a small white dog riding in it.,1,2,99733,b03e396d2ea975a6ff65f9b4971fad00,1024,1024,RGB,JPEG,138.525390625,40.01593780517578,True,130
783,img_00783.jpg,A small white car with a small white dog riding in it.,1,3,112610,ffb9c1ee12d9d16680f93d13829644c9,1024,1024,RGB,JPEG,145.022216796875,59.79598617553711,True,130
784,img_00784.jpg,A small white car with a small white dog riding in it.,1,4,14642,8f73ba5f230418c35e8a323c6c26ff0c,270,270,RGB,JPEG,113.73779296875,71.59502410888672,True,130
785,img_00785.jpg,A small white car with a small white dog riding in it.,1,5,9795,52f24cc9c42075c7de68d362d8fe1e60,436,436,RGB,JPEG,196.461669921875,23.78578758239746,True,130
786,img_00786.jpg,Commuter rail trains on tracks in large urban area.,0,0,45780,85897138bdf3ea63cc5a482eb734452c,640,281,RGB,JPEG,102.021728515625,46.0510368347168,True,131
787,img_00787.jpg,Commuter rail trains on tracks in large urban area.,1,1,147168,86eb149e86b23ebfa38b1f9b5062208b,768,768,RGB,JPEG,114.08251953125,40.014427185058594,True,131
788,img_00788.jpg,Commuter rail trains on tracks in large urban area.,1,2,180884,9e23c5d02e70b5a2dab82eee26a00627,1024,1024,RGB,JPEG,98.235107421875,38.064056396484375,True,131
789,img_00789.jpg,Commuter rail trains on tracks in large urban area.,1,3,218223,bdd781c40f8e8e9516767daa15ca6023,1024,1024,RGB,JPEG,127.3095703125,55.625526428222656,True,131
790,img_00790.jpg,Commuter rail trains on tracks in large urban area.,1,4,20936,aba47e642fc6118f9dfd29cfe6b531b3,270,270,RGB,JPEG,97.39404296875,44.296146392822266,True,131
791,img_00791.jpg,Commuter rail trains on tracks in large urban area.,1,5,32227,ce02e9055b1a387f482ef02dc0014a3f,436,436,RGB,JPEG,124.573974609375,62.407413482666016,True,131
792,img_00792.jpg,An open toilet with a sign posted on it.,0,0,32407,d2a6e06c9f13f8de582f6c5c33c0d574,480,640,RGB,JPEG,106.574462890625,48.064083099365234,True,132
793,img_00793.jpg,An open toilet with a sign posted on it.,1,1,80576,efed496bab2b584275cd36bcef50c829,768,768,RGB,JPEG,115.57958984375,33.48752212524414,True,132
794,img_00794.jpg,An open toilet with a sign posted on it.,1,2,63654,031cacc42e4209dde9adfa5fc22d348c,1024,1024,RGB,JPEG,128.79736328125,31.910663604736328,True,132
795,img_00795.jpg,An open toilet with a sign posted on it.,1,3,80407,605c819a2c72e43485ab470978717073,1024,1024,RGB,JPEG,163.439208984375,58.115234375,True,132
796,img_00796.jpg,An open toilet with a sign posted on it.,1,4,24130,d9b6340cb6d17d0ec8a388b68b2f4271,270,270,RGB,JPEG,128.0302734375,57.37507629394531,True,132
797,img_00797.jpg,An open toilet with a sign posted on it.,1,5,25017,4442910688facf7ba39753215975fcae,436,436,RGB,JPEG,99.17724609375,53.389862060546875,True,132
798,img_00798.jpg,A transit bus making a turn into a garage of some sort.,0,0,57071,efbefc3fb82b59b17c4b59fa5c17b8ad,640,425,RGB,JPEG,115.09716796875,65.02377319335938,True,133
799,img_00799.jpg,A transit bus making a turn into a garage of some sort.,1,1,105808,df590cae99e1ba876dfa562ee1d8667f,768,768,RGB,JPEG,124.066650390625,56.363990783691406,True,133
800,img_00800.jpg,A transit bus making a turn into a garage of some sort.,1,2,130156,b537d5f7f8d27c1b5291222541bea845,1024,1024,RGB,JPEG,140.421142578125,34.85456085205078,True,133
801,img_00801.jpg,A transit bus making a turn into a garage of some sort.,1,3,130005,a24c716c02ea5acd5f2398ae13ef1eda,1024,1024,RGB,JPEG,113.4765625,75.36827850341797,True,133
802,img_00802.jpg,A transit bus making a turn into a garage of some sort.,1,4,16072,00f07b53b6f75550046e400b3d19a09f,270,270,RGB,JPEG,106.308349609375,65.12100219726562,True,133
803,img_00803.jpg,A transit bus making a turn into a garage of some sort.,1,5,30677,f6a29009e4979de92f91d5e60ae83c33,436,436,RGB,JPEG,93.40673828125,55.43015670776367,True,133
804,img_00804.jpg,A wooden kitchen table and bench on wooden floor.,0,0,34961,49b3f7f03f86aad04240fdd08bbb7be4,640,384,RGB,JPEG,122.210205078125,60.00421142578125,True,134
805,img_00805.jpg,A wooden kitchen table and bench on wooden floor.,1,1,68935,eb1925fdec0969b268eeed8c661da6a4,768,768,RGB,JPEG,126.25,52.88603591918945,True,134
806,img_00806.jpg,A wooden kitchen table and bench on wooden floor.,1,2,95361,98558cfe635f5c9d52d6bb8b5e04442c,1024,1024,RGB,JPEG,128.64990234375,46.017433166503906,True,134
807,img_00807.jpg,A wooden kitchen table and bench on wooden floor.,1,3,138164,01d4c7b02ebfe910306d8538ce7647ef,1024,1024,RGB,JPEG,136.037109375,52.84547805786133,True,134
808,img_00808.jpg,A wooden kitchen table and bench on wooden floor.,1,4,18497,e6149268f48488f7f601789373620fe2,270,270,RGB,JPEG,123.12646484375,55.51066970825195,True,134
809,img_00809.jpg,A wooden kitchen table and bench on wooden floor.,1,5,23145,f8b66f382c350c25567493bf15130318,436,436,RGB,JPEG,141.36083984375,56.32924270629883,True,134
810,img_00810.jpg,The wing of an airplane flying above a beach.,0,0,34592,8161da3c629da67b20993552fe9ecea8,640,427,RGB,JPEG,149.628173828125,41.95280075073242,True,135
811,img_00811.jpg,The wing of an airplane flying above a beach.,1,1,95618,7256be3500f5c14fe862a8a6040b374a,768,768,RGB,JPEG,125.37890625,56.42486572265625,True,135
812,img_00812.jpg,The wing of an airplane flying above a beach.,1,2,68656,5ba9bfd9c4f35bfa4dc61cece6d78fd2,1024,1024,RGB,JPEG,141.251708984375,45.52099609375,True,135
813,img_00813.jpg,The wing of an airplane flying above a beach.,1,3,83107,da883dd2f8417db1b47678347a8f9654,1024,1024,RGB,JPEG,133.455078125,56.463748931884766,True,135
814,img_00814.jpg,The wing of an airplane flying above a beach.,1,4,16628,515c8707eb69f451ca9369845c796a52,270,270,RGB,JPEG,122.10595703125,64.32198333740234,True,135
815,img_00815.jpg,The wing of an airplane flying above a beach.,1,5,18726,2566b13e6bb7b16b552c96e5f2cd2307,436,436,RGB,JPEG,143.869873046875,58.9696159362793,True,135
816,img_00816.jpg,View of a train coming in on the far side tracks,0,0,97832,11d3e554b0e3906c7b4e5e296a389f7f,640,640,RGB,JPEG,111.321044921875,94.29447937011719,True,136
817,img_00817.jpg,View of a train coming in on the far side tracks,1,1,135764,9995b14dbb20bcf24a17798d215a8d53,768,768,RGB,JPEG,112.619384765625,47.687984466552734,True,136
818,img_00818.jpg,View of a train coming in on the far side tracks,1,2,151541,78a45125d0f7936655110c0e186793c3,1024,1024,RGB,JPEG,100.03466796875,38.2352294921875,True,136
819,img_00819.jpg,View of a train coming in on the far side tracks,1,3,259552,a3364660cec570613ae5ecc35eccf411,1024,1024,RGB,JPEG,118.978515625,72.44452667236328,True,136
820,img_00820.jpg,View of a train coming in on the far side tracks,1,4,20356,e25e0a5c495374f247d58604807c2d5a,270,270,RGB,JPEG,103.050048828125,48.396480560302734,True,136
821,img_00821.jpg,View of a train coming in on the far side tracks,1,5,19507,1f03ce5b89fcdac9a7a81968d52f3982,436,436,RGB,JPEG,92.5244140625,88.14351654052734,True,136
822,img_00822.jpg,A curvy road line with tall buildings and post.,0,0,48669,c264b8b244e6a017b1c1739e536e3cb5,640,361,RGB,JPEG,134.78125,58.93624496459961,True,137
823,img_00823.jpg,A curvy road line with tall buildings and post.,1,1,124645,1b24d93c6f7dc7d3c0801c2550b33c4b,768,768,RGB,JPEG,137.08251953125,56.53972244262695,True,137
824,img_00824.jpg,A curvy road line with tall buildings and post.,1,2,173133,84620bf6b249cf81cd023bbb2e25654f,1024,1024,RGB,JPEG,108.26220703125,38.01091384887695,True,137
825,img_00825.jpg,A curvy road line with tall buildings and post.,1,3,209644,9474cbfb97aa6786e6f53af7a6af3f3e,1024,1024,RGB,JPEG,130.862548828125,59.37517166137695,True,137
826,img_00826.jpg,A curvy road line with tall buildings and post.,1,4,19335,abe2e972895907b9fdb50a25d037c6cb,270,270,RGB,JPEG,136.149169921875,50.228759765625,True,137
827,img_00827.jpg,A curvy road line with tall buildings and post.,1,5,23826,e057ef3dc3b72fa274497672b8f308df,436,436,RGB,JPEG,118.642333984375,69.52192687988281,True,137
828,img_00828.jpg,a full frontal view of a giraffe and an ostrich behind,0,0,75735,6c5ea8ebca77ff20ec8d4b19f648a272,640,480,RGB,JPEG,123.038330078125,58.82733917236328,True,138
829,img_00829.jpg,a full frontal view of a giraffe and an ostrich behind,1,1,59554,94d1c4d3864df0532ff4ffb6acab07c1,768,768,RGB,JPEG,112.2666015625,39.69559097290039,True,138
830,img_00830.jpg,a full frontal view of a giraffe and an ostrich behind,1,2,117247,c40c050b587126e018c582c9654f023c,1024,1024,RGB,JPEG,106.37890625,41.807132720947266,True,138
831,img_00831.jpg,a full frontal view of a giraffe and an ostrich behind,1,3,112765,593baab33d3e8ae5cd2b59577a555a10,1024,1024,RGB,JPEG,156.803955078125,57.03819274902344,True,138
832,img_00832.jpg,a full frontal view of a giraffe and an ostrich behind,1,4,18825,8c2a08e8263546929f9b28cf0c1035d9,270,270,RGB,JPEG,159.267333984375,51.262657165527344,True,138
833,img_00833.jpg,a full frontal view of a giraffe and an ostrich behind,1,5,19828,95492d81b916ff82edc0659a325ad1b7,436,436,RGB,JPEG,91.138427734375,72.77574157714844,True,138
834,img_00834.jpg,A large white city bus stopped at a bus stop.,0,0,49057,0b17a51fff1aa08da6777e28419d0eb0,640,512,RGB,JPEG,129.844482421875,79.57343292236328,True,139
835,img_00835.jpg,A large white city bus stopped at a bus stop.,1,1,108186,a4d32aa0b225379880acaeb7e7168809,768,768,RGB,JPEG,106.546142578125,68.39299011230469,True,139
836,img_00836.jpg,A large white city bus stopped at a bus stop.,1,2,131994,6a6be5e9e20b7b8caf3d49aca8c52aac,1024,1024,RGB,JPEG,131.107421875,55.46249008178711,True,139
837,img_00837.jpg,A large white city bus stopped at a bus stop.,1,3,182916,cbe2aee96eb70b1fa598affdf2bb2497,1024,1024,RGB,JPEG,113.71923828125,61.760650634765625,True,139
838,img_00838.jpg,A large white city bus stopped at a bus stop.,1,4,19462,9e5a6a18e2e3faeb5fbdd2694eff4e9e,270,270,RGB,JPEG,103.001953125,55.15745544433594,True,139
839,img_00839.jpg,A large white city bus stopped at a bus stop.,1,5,31028,97a4160a7f520732927b077a81b3db2b,436,436,RGB,JPEG,127.16943359375,69.4305419921875,True,139
840,img_00840.jpg,"A bathroom with purple walls, and a white sink, toilet, and cabinet.",0,0,29538,7a4db14da02b888f661a5a66578e596f,480,640,RGB,JPEG,96.088623046875,68.7926254272461,True,140
841,img_00841.jpg,"A bathroom with purple walls, and a white sink, toilet, and cabinet.",1,1,59254,a52d3747e7f3a7a76d5f49b574f42f8e,768,768,RGB,JPEG,130.115966796875,49.62245178222656,True,140
842,img_00842.jpg,"A bathroom with purple walls, and a white sink, toilet, and cabinet.",1,2,82338,18cd0843ae64e858d3354b3c3bca7b59,1024,1024,RGB,JPEG,124.322998046875,55.7005500793457,True,140
843,img_00843.jpg,"A bathroom with purple walls, and a white sink, toilet, and cabinet.",1,3,113906,4efe2a083a9f6643a01a8b383548c461,1024,1024,RGB,JPEG,118.188720703125,65.69194030761719,True,140
844,img_00844.jpg,"A bathroom with purple walls, and a white sink, toilet, and cabinet.",1,4,15995,c39e2163de73ef9f9a98e21b91c2149e,270,270,RGB,JPEG,127.8359375,55.12022018432617,True,140
845,img_00845.jpg,"A bathroom with purple walls, and a white sink, toilet, and cabinet.",1,5,20979,c773bced11e4a281539874131453d370,436,436,RGB,JPEG,130.157470703125,56.074344635009766,True,140
846,img_00846.jpg,Graffiti stains the surface of a green and white sign.,0,0,54534,0bcde7005a92e98df0df7611ba9e6a93,640,427,RGB,JPEG,73.605224609375,47.752044677734375,True,141
847,img_00847.jpg,Graffiti stains the surface of a green and white sign.,1,1,103361,12de21ca0bca832e82598d92cf0e5cf7,768,768,RGB,JPEG,123.8173828125,71.77274322509766,True,141
848,img_00848.jpg,Graffiti stains the surface of a green and white sign.,1,2,136250,ef81373fe0e02c9987ef9ec83f2c867b,1024,1024,RGB,JPEG,126.49267578125,46.476356506347656,True,141
849,img_00849.jpg,Graffiti stains the surface of a green and white sign.,1,3,198893,326e37c83b68a6a815e54f1c90924db4,1024,1024,RGB,JPEG,143.99462890625,82.12371826171875,True,141
850,img_00850.jpg,Graffiti stains the surface of a green and white sign.,1,4,24703,a5c51bfc8ec02bde003582559e6f7914,270,270,RGB,JPEG,118.930419921875,56.555667877197266,True,141
851,img_00851.jpg,Graffiti stains the surface of a green and white sign.,1,5,25669,4dfbed20e5ddb2d18a908fd3da0f9e66,436,436,RGB,JPEG,89.8134765625,59.01213836669922,True,141
852,img_00852.jpg,A small private plane that is coming in for a landing.,0,0,16955,11a87e45a777a0fe88287ea5abd45c77,640,480,RGB,JPEG,96.223388671875,16.308298110961914,True,142
853,img_00853.jpg,A small private plane that is coming in for a landing.,1,1,41442,8a070fc1bec618f9b35a319b0ae5845c,768,768,RGB,JPEG,130.346435546875,36.99061965942383,True,142
854,img_00854.jpg,A small private plane that is coming in for a landing.,1,2,64388,090318e232f24054501df14d59eccfd0,1024,1024,RGB,JPEG,137.0302734375,38.2567138671875,True,142
855,img_00855.jpg,A small private plane that is coming in for a landing.,1,3,70221,3b1125966a33f5ae3a3ff8435064044f,1024,1024,RGB,JPEG,151.76123046875,34.920406341552734,True,142
856,img_00856.jpg,A small private plane that is coming in for a landing.,1,4,15192,85d91ff844b1f8896de556290d711477,270,270,RGB,JPEG,125.978759765625,61.06501388549805,True,142
857,img_00857.jpg,A small private plane that is coming in for a landing.,1,5,12651,b84b522ea8c0a6a7aa623c71f78e260f,436,436,RGB,JPEG,123.096435546875,68.55510711669922,True,142
858,img_00858.jpg,A herd of sheep grazing on a pile of hay in a field.,0,0,69222,6acdc8a748c874d1cbd9491e674aa3d1,640,480,RGB,JPEG,145.745361328125,66.46399688720703,True,143
859,img_00859.jpg,A herd of sheep grazing on a pile of hay in a field.,1,1,120558,2916808a26e7dea5d42ab3ddec18087b,768,768,RGB,JPEG,114.7158203125,50.49913787841797,True,143
860,img_00860.jpg,A herd of sheep grazing on a pile of hay in a field.,1,2,141225,b3081f267692972e76b4914415ebaea3,1024,1024,RGB,JPEG,118.980712890625,30.377376556396484,True,143
861,img_00861.jpg,A herd of sheep grazing on a pile of hay in a field.,1,3,374627,8de94e6d94cb1bdb6366779dc33552b6,1024,1024,RGB,JPEG,161.715576171875,48.88843536376953,True,143
862,img_00862.jpg,A herd of sheep grazing on a pile of hay in a field.,1,4,17774,e6a79c30385169593cd80b43bc37bddc,270,270,RGB,JPEG,100.799560546875,56.75395202636719,True,143
863,img_00863.jpg,A herd of sheep grazing on a pile of hay in a field.,1,5,24835,4d79a94d2b5a14bb4ef5267c941473a4,436,436,RGB,JPEG,148.03515625,58.14430618286133,True,143
864,img_00864.jpg,A patch of grass with lots of bikes parked on it.,0,0,81461,3ea7df9447187453f622836958d30d7d,640,480,RGB,JPEG,144.71484375,74.91781616210938,True,144
865,img_00865.jpg,A patch of grass with lots of bikes parked on it.,1,1,149231,515496eee5bbc4b4b9837c1b81e008f2,768,768,RGB,JPEG,110.853759765625,33.01371765136719,True,144
866,img_00866.jpg,A patch of grass with lots of bikes parked on it.,1,2,209288,b01fa37fd5062ab1e2394a9f26f74bfd,1024,1024,RGB,JPEG,82.90380859375,32.35831832885742,True,144
867,img_00867.jpg,A patch of grass with lots of bikes parked on it.,1,3,448714,4a723b947354b75f533aa2cd233cf9b4,1024,1024,RGB,JPEG,134.390869140625,40.84642028808594,True,144
868,img_00868.jpg,A patch of grass with lots of bikes parked on it.,1,4,24377,42133b0f9b9ebf96f64862e2dd0d931f,270,270,RGB,JPEG,88.967529296875,33.472007751464844,True,144
869,img_00869.jpg,A patch of grass with lots of bikes parked on it.,1,5,42549,45f7ff28f3c2281c552eb04dbd3d49e4,436,436,RGB,JPEG,102.3583984375,39.44492721557617,True,144
870,img_00870.jpg,A herd of sheep crossing a bridge over a river.,0,0,58189,24c5682dca127a32486ccb4402eb9816,640,414,RGB,JPEG,94.3623046875,49.27642822265625,True,145
871,img_00871.jpg,A herd of sheep crossing a bridge over a river.,1,1,97465,47a9bfbad1132a22145abcb68a5f6b36,768,768,RGB,JPEG,118.023681640625,42.18244934082031,True,145
872,img_00872.jpg,A herd of sheep crossing a bridge over a river.,1,2,188588,78201a43a77f922c524567242c03ab7d,1024,1024,RGB,JPEG,99.30615234375,38.68186950683594,True,145
873,img_00873.jpg,A herd of sheep crossing a bridge over a river.,1,3,343253,1de76bd293e16c0d674d087284cb6d2a,1024,1024,RGB,JPEG,115.44140625,51.83848190307617,True,145
874,img_00874.jpg,A herd of sheep crossing a bridge over a river.,1,4,21736,683ebedd5c9d60e6e7a5f57a84d23518,270,270,RGB,JPEG,86.369384765625,53.219322204589844,True,145
875,img_00875.jpg,A herd of sheep crossing a bridge over a river.,1,5,26194,6d3f37da67bd53bbfd613fa7bde63f3e,436,436,RGB,JPEG,112.203369140625,53.9940299987793,True,145
876,img_00876.jpg,a motorcycle is parked on the side of the street,0,0,51765,ecf9286e219465f26bef87f8d72f3ef9,478,640,RGB,JPEG,61.246826171875,43.3912239074707,True,146
877,img_00877.jpg,a motorcycle is parked on the side of the street,1,1,123307,b2b9d1982a3f33ecd61f29b792ef8a0c,768,768,RGB,JPEG,119.150634765625,60.453216552734375,True,146
878,img_00878.jpg,a motorcycle is parked on the side of the street,1,2,156073,a3c8e0ca0ef1a113377d95676035c836,1024,1024,RGB,JPEG,100.973388671875,43.14398956298828,True,146
879,img_00879.jpg,a motorcycle is parked on the side of the street,1,3,197661,17c3845bb3b8d2ecc5eb86c6241723d3,1024,1024,RGB,JPEG,137.98046875,72.30863952636719,True,146
880,img_00880.jpg,a motorcycle is parked on the side of the street,1,4,23949,11c40e84874a65c67645df1b1c04a95e,270,270,RGB,JPEG,115.398681640625,57.34426498413086,True,146
881,img_00881.jpg,a motorcycle is parked on the side of the street,1,5,28424,447675f50bddb78ffa8aa5d3dc48c140,436,436,RGB,JPEG,94.523681640625,50.59353256225586,True,146
882,img_00882.jpg,A Street sign standing next to a palm tree.,0,0,91456,74b5b4ded177e6f1ffdac0dcfadc9bae,640,424,RGB,JPEG,89.6875,44.370277404785156,True,147
883,img_00883.jpg,A Street sign standing next to a palm tree.,1,1,135614,83ff6ae13aadd9be2f6720a4e8ecdf78,768,768,RGB,JPEG,117.84716796875,61.704437255859375,True,147
884,img_00884.jpg,A Street sign standing next to a palm tree.,1,2,103179,1341611e5ca7026d1003d2a82e789079,1024,1024,RGB,JPEG,141.13720703125,51.56272888183594,True,147
885,img_00885.jpg,A Street sign standing next to a palm tree.,1,3,145507,50f2fe0b9a790a070d81b962d6faff50,1024,1024,RGB,JPEG,138.03271484375,36.80942916870117,True,147
886,img_00886.jpg,A Street sign standing next to a palm tree.,1,4,16100,8b39976e23d071bca6ce63b19af523eb,270,270,RGB,JPEG,123.658935546875,70.89928436279297,True,147
887,img_00887.jpg,A Street sign standing next to a palm tree.,1,5,24276,26d07183e63ab301151654498f2265ac,436,436,RGB,JPEG,139.579833984375,43.07013702392578,True,147
888,img_00888.jpg,A giraffe is standing erect on a dirt path and grass and trees are in the background.,0,0,53888,957db0291e544141821b537cf73dca9f,409,640,RGB,JPEG,116.1005859375,28.031293869018555,True,148
889,img_00889.jpg,A giraffe is standing erect on a dirt path and grass and trees are in the background.,1,1,112633,ea84820e71f636e95c94424492ab41e8,768,768,RGB,JPEG,104.3642578125,46.21014404296875,True,148
890,img_00890.jpg,A giraffe is standing erect on a dirt path and grass and trees are in the background.,1,2,117807,014823c154d71be48b0d0c7b5935497b,1024,1024,RGB,JPEG,121.843017578125,43.548946380615234,True,148
891,img_00891.jpg,A giraffe is standing erect on a dirt path and grass and trees are in the background.,1,3,162555,35c2839ec40aaff67eb13dd2482d0038,1024,1024,RGB,JPEG,151.942138671875,41.06216812133789,True,148
892,img_00892.jpg,A giraffe is standing erect on a dirt path and grass and trees are in the background.,1,4,16253,d0f44a9eef2461797622e50d12205f73,270,270,RGB,JPEG,114.035888671875,54.52629470825195,True,148
893,img_00893.jpg,A giraffe is standing erect on a dirt path and grass and trees are in the background.,1,5,35200,af6b262fb2b9fe964a6ef3d0c1ec2d95,436,436,RGB,JPEG,124.67333984375,56.44719696044922,True,148
894,img_00894.jpg,"A trolley drives down Main Street in Memphis, Tennessee.",0,0,57020,1651e588d6586953c637b88e05557f60,428,640,RGB,JPEG,125.43994140625,62.44080352783203,True,149
895,img_00895.jpg,"A trolley drives down Main Street in Memphis, Tennessee.",1,1,117961,dde86790067307275188aca3a4083785,768,768,RGB,JPEG,135.394775390625,58.55434036254883,True,149
896,img_00896.jpg,"A trolley drives down Main Street in Memphis, Tennessee.",1,2,171683,94a92b77af2ec9cefcb3a274e20ea555,1024,1024,RGB,JPEG,114.00732421875,42.0496826171875,True,149
897,img_00897.jpg,"A trolley drives down Main Street in Memphis, Tennessee.",1,3,198955,59eb9d83b07d5f985b74e7d323343ccd,1024,1024,RGB,JPEG,124.66796875,74.75428009033203,True,149
898,img_00898.jpg,"A trolley drives down Main Street in Memphis, Tennessee.",1,4,20171,6fe855d41ba2314b2c16c3c26c14b625,270,270,RGB,JPEG,113.144775390625,44.22304153442383,True,149
899,img_00899.jpg,"A trolley drives down Main Street in Memphis, Tennessee.",1,5,27288,f63420ddca02a6959a343e9dc84ef92a,436,436,RGB,JPEG,80.80615234375,52.661720275878906,True,149
900,img_00900.jpg,"A bathroom showing sink, toilet and shower ",0,0,23341,afe59dd9e250a7f16b6f142226e77927,450,338,RGB,JPEG,83.17626953125,51.04726028442383,True,150
901,img_00901.jpg,"A bathroom showing sink, toilet and shower ",1,1,53298,74c9fc850031b889866134b119eff860,768,768,RGB,JPEG,133.620361328125,52.950225830078125,True,150
902,img_00902.jpg,"A bathroom showing sink, toilet and shower ",1,2,90256,817cbeb43dad3b322114c97af1ba2faa,1024,1024,RGB,JPEG,135.430419921875,49.23833084106445,True,150
903,img_00903.jpg,"A bathroom showing sink, toilet and shower ",1,3,77485,be0dfb57c2978ddd23b5f44b2e6353d0,1024,1024,RGB,JPEG,159.721435546875,44.90372848510742,True,150
904,img_00904.jpg,"A bathroom showing sink, toilet and shower ",1,4,18285,51bd47a82704877e390bdb7f1fea54ba,270,270,RGB,JPEG,143.652099609375,55.39619064331055,True,150
905,img_00905.jpg,"A bathroom showing sink, toilet and shower ",1,5,22089,56e56853f6d8fe3e4aa7ac7c51d8ba9f,436,436,RGB,JPEG,124.376220703125,47.42074203491211,True,150
906,img_00906.jpg,A couple walking down a path by the waters edge.,0,0,87983,3b6fa954394bbd06de06a9f0481007b0,640,480,RGB,JPEG,111.895751953125,47.510765075683594,True,151
907,img_00907.jpg,A couple walking down a path by the waters edge.,1,1,115902,a1c611ea4c9ce345a279de16d1897334,768,768,RGB,JPEG,107.04248046875,81.30762481689453,True,151
908,img_00908.jpg,A couple walking down a path by the waters edge.,1,2,106268,6225e319d6bea33bae0c8980d34cee97,1024,1024,RGB,JPEG,109.642578125,39.23044967651367,True,151
909,img_00909.jpg,A couple walking down a path by the waters edge.,1,3,191401,8572cc92487b7afff206867dfb0eaa98,1024,1024,RGB,JPEG,159.78759765625,59.038795471191406,True,151
910,img_00910.jpg,A couple walking down a path by the waters edge.,1,4,13309,2236a83742f45d677f4b72014afa6176,270,270,RGB,JPEG,117.02099609375,56.71395492553711,True,151
911,img_00911.jpg,A couple walking down a path by the waters edge.,1,5,28543,d6258ef576c9fd66aa90db377ed60321,436,436,RGB,JPEG,103.2724609375,44.41600799560547,True,151
912,img_00912.jpg,A man standing next to a parked motorcycle.,0,0,56131,5897a64df55cbf486de1bc2af7c94889,480,640,RGB,JPEG,92.78857421875,69.72429656982422,True,152
913,img_00913.jpg,A man standing next to a parked motorcycle.,1,1,93576,a1ec4b3e16aea023db21e7a8e4c8ce03,768,768,RGB,JPEG,117.19677734375,66.34236145019531,True,152
914,img_00914.jpg,A man standing next to a parked motorcycle.,1,2,118389,d7eefdbe85da1638b4284f62225b557c,1024,1024,RGB,JPEG,108.724853515625,50.54083251953125,True,152
915,img_00915.jpg,A man standing next to a parked motorcycle.,1,3,186297,ca81e1b07abc88d643f5b83c0edef9ba,1024,1024,RGB,JPEG,142.423828125,91.22512817382812,True,152
916,img_00916.jpg,A man standing next to a parked motorcycle.,1,4,18150,fe6ded9726a776213c6952b324595329,270,270,RGB,JPEG,81.36279296875,57.42390441894531,True,152
917,img_00917.jpg,A man standing next to a parked motorcycle.,1,5,19839,2cbb98f4cdf0d34d9296a8f9ae3dd07e,436,436,RGB,JPEG,59.6640625,52.022769927978516,True,152
918,img_00918.jpg,Train cars on railroad tracks with graffiti on the side.  ,0,0,51273,204ddb7acd64ceaf4d4397c999d5f7a0,640,393,RGB,JPEG,132.19482421875,82.3271484375,True,153
919,img_00919.jpg,Train cars on railroad tracks with graffiti on the side.  ,1,1,142679,2526fd2e464939edd9165c4095fdf4fe,768,768,RGB,JPEG,99.9638671875,53.600765228271484,True,153
920,img_00920.jpg,Train cars on railroad tracks with graffiti on the side.  ,1,2,182774,ae53c5b65b55129a8e150081d880b80c,1024,1024,RGB,JPEG,124.767333984375,43.59370422363281,True,153
921,img_00921.jpg,Train cars on railroad tracks with graffiti on the side.  ,1,3,191884,deea16cb405c12a32ac8bbd830c3bc5b,1024,1024,RGB,JPEG,128.48583984375,70.3455581665039,True,153
922,img_00922.jpg,Train cars on railroad tracks with graffiti on the side.  ,1,4,21412,74ebcddc02e3470104dff173e3d4b0ec,270,270,RGB,JPEG,94.13623046875,59.027854919433594,True,153
923,img_00923.jpg,Train cars on railroad tracks with graffiti on the side.  ,1,5,34431,ab02bdce6ca7cbfba7f3a4964c28dd65,436,436,RGB,JPEG,129.638427734375,53.48365783691406,True,153
924,img_00924.jpg,A large jetliner parked an airport near a passenger loading terminal.,0,0,36524,3530dfd1a2ef4d814ec093f1308d8b0f,640,480,RGB,JPEG,125.613525390625,62.90105438232422,True,154
925,img_00925.jpg,A large jetliner parked an airport near a passenger loading terminal.,1,1,71820,13555d04b84af33666c15e2332814ec6,768,768,RGB,JPEG,124.81005859375,41.225406646728516,True,154
926,img_00926.jpg,A large jetliner parked an airport near a passenger loading terminal.,1,2,92161,45a563c7f19993877a25f4f5930ce7cb,1024,1024,RGB,JPEG,131.04443359375,32.99213409423828,True,154
927,img_00927.jpg,A large jetliner parked an airport near a passenger loading terminal.,1,3,132604,e1c7bb76b426e8de08bd182cc844fbc2,1024,1024,RGB,JPEG,142.997802734375,46.193233489990234,True,154
928,img_00928.jpg,A large jetliner parked an airport near a passenger loading terminal.,1,4,16531,e0330fd92936f5c6f7aeb43e2119053f,270,270,RGB,JPEG,123.557373046875,56.36842727661133,True,154
929,img_00929.jpg,A large jetliner parked an airport near a passenger loading terminal.,1,5,25698,2242dbafb51a7ac5c1f92b1ace507664,436,436,RGB,JPEG,102.573486328125,59.82536697387695,True,154
930,img_00930.jpg,A street post with a one way sign and street name sign along with holiday decorations.,0,0,36404,47abacb0e44522006b3eaa9d0ec6dcd6,480,640,RGB,JPEG,147.035888671875,69.86123657226562,True,155
931,img_00931.jpg,A street post with a one way sign and street name sign along with holiday decorations.,1,1,108441,8e5f3a3a0423add6b97de71e0dbb4058,768,768,RGB,JPEG,118.7333984375,48.69560241699219,True,155
932,img_00932.jpg,A street post with a one way sign and street name sign along with holiday decorations.,1,2,142880,e7d2fb25e2f1162969ddccf69fd77a1c,1024,1024,RGB,JPEG,118.052490234375,51.41532516479492,True,155
933,img_00933.jpg,A street post with a one way sign and street name sign along with holiday decorations.,1,3,106714,39c1be38786941a4e8d8a55f097c10fc,1024,1024,RGB,JPEG,123.0986328125,66.7755126953125,True,155
934,img_00934.jpg,A street post with a one way sign and street name sign along with holiday decorations.,1,4,20838,c649707a1973eef3aad018320cc2e509,270,270,RGB,JPEG,113.892578125,69.48975372314453,True,155
935,img_00935.jpg,A street post with a one way sign and street name sign along with holiday decorations.,1,5,29325,903c0d5405c1385b2401319f7f480357,436,436,RGB,JPEG,62.63623046875,38.78002166748047,True,155
936,img_00936.jpg,A couple of people standing in a large kitchen.,0,0,44915,407da6a090247dbdb25731e322b7cf1d,640,427,RGB,JPEG,77.56396484375,62.29943084716797,True,156
937,img_00937.jpg,A couple of people standing in a large kitchen.,1,1,66624,992266348b365cd4737bd99c91ec5222,768,768,RGB,JPEG,135.1240234375,59.05860137939453,True,156
938,img_00938.jpg,A couple of people standing in a large kitchen.,1,2,95459,07bfa90bc8f1d647ed2f80b7ff49a45b,1024,1024,RGB,JPEG,131.054931640625,48.725040435791016,True,156
939,img_00939.jpg,A couple of people standing in a large kitchen.,1,3,150350,76feb1260c69d900b9f21dd9c1826a2e,1024,1024,RGB,JPEG,129.947021484375,56.768768310546875,True,156
940,img_00940.jpg,A couple of people standing in a large kitchen.,1,4,17864,b5c2390d9d986382c1b2c03003a95c24,270,270,RGB,JPEG,122.49951171875,72.37458038330078,True,156
941,img_00941.jpg,A couple of people standing in a large kitchen.,1,5,22244,24b05c1a7f8c36ce4703c8cc61a86ac0,436,436,RGB,JPEG,97.782470703125,46.064064025878906,True,156
942,img_00942.jpg,a man rides a motor cycle across a field,0,0,45275,d7197603e123bec1ee6406dc46d41a3a,640,427,RGB,JPEG,108.33251953125,45.9472770690918,True,157
943,img_00943.jpg,a man rides a motor cycle across a field,1,1,81540,a6b2255e8ef0abc7643dc8471021a12b,768,768,RGB,JPEG,114.77783203125,40.00931167602539,True,157
944,img_00944.jpg,a man rides a motor cycle across a field,1,2,122015,ce7c254be131bca004a0c0e8adb2f275,1024,1024,RGB,JPEG,129.219970703125,37.366825103759766,True,157
945,img_00945.jpg,a man rides a motor cycle across a field,1,3,136775,b3b0be223d2a8814439295fa89a5b114,1024,1024,RGB,JPEG,133.753662109375,73.98235321044922,True,157
946,img_00946.jpg,a man rides a motor cycle across a field,1,4,17917,7af4f2da0d2d2c144825aea4f21b7bae,270,270,RGB,JPEG,117.688232421875,65.13685607910156,True,157
947,img_00947.jpg,a man rides a motor cycle across a field,1,5,12598,cae9f094078b52d66fc7b33c0d928093,436,436,RGB,JPEG,141.1416015625,76.85309600830078,True,157
948,img_00948.jpg,A red motorcycle parked next to a beach near the ocean.,0,0,61930,590af38743c6ec7ec979b1365be8e78e,640,427,RGB,JPEG,153.906005859375,45.829559326171875,True,158
949,img_00949.jpg,A red motorcycle parked next to a beach near the ocean.,1,1,65436,1e1902f29022d2b8e6859b6a788d224b,768,768,RGB,JPEG,135.32666015625,48.37434768676758,True,158
950,img_00950.jpg,A red motorcycle parked next to a beach near the ocean.,1,2,177781,4463361db56310642c3542ba46c71f70,1024,1024,RGB,JPEG,115.47705078125,52.1763801574707,True,158
951,img_00951.jpg,A red motorcycle parked next to a beach near the ocean.,1,3,127756,7c6f7a78a4fcc768dda44911cf297181,1024,1024,RGB,JPEG,176.607666015625,65.94725036621094,True,158
952,img_00952.jpg,A red motorcycle parked next to a beach near the ocean.,1,4,16933,5fb574dce2c50747dd6ed3999b7d8998,270,270,RGB,JPEG,135.49951171875,73.42090606689453,True,158
953,img_00953.jpg,A red motorcycle parked next to a beach near the ocean.,1,5,18925,83b92750035e23c77e061b896248a726,436,436,RGB,JPEG,161.655517578125,65.3519515991211,True,158
954,img_00954.jpg,Three men sitting on motorcycles on a sidewalk.,0,0,76862,acaf69118c33fdb2d59faa7e7318c19f,640,427,RGB,JPEG,87.975341796875,60.57449722290039,True,159
955,img_00955.jpg,Three men sitting on motorcycles on a sidewalk.,1,1,97116,857106cb7846c00ffc28c1328b4c09cd,768,768,RGB,JPEG,108.56591796875,66.86212921142578,True,159
956,img_00956.jpg,Three men sitting on motorcycles on a sidewalk.,1,2,129427,d930df498560078b7a2b97c3c1490374,1024,1024,RGB,JPEG,89.119873046875,41.22872543334961,True,159
957,img_00957.jpg,Three men sitting on motorcycles on a sidewalk.,1,3,181682,5eec1cede77ee1025547309431a04da1,1024,1024,RGB,JPEG,111.084228515625,78.5711669921875,True,159
958,img_00958.jpg,Three men sitting on motorcycles on a sidewalk.,1,4,20868,dbbce44f0cdc4251de11af3b750dad34,270,270,RGB,JPEG,107.529296875,53.542118072509766,True,159
959,img_00959.jpg,Three men sitting on motorcycles on a sidewalk.,1,5,28495,014175242021741508ae3413d2b3ae98,436,436,RGB,JPEG,119.42333984375,61.616722106933594,True,159
960,img_00960.jpg,The man is sitting on the bench on the side of the building. ,0,0,48411,68677773edebd2c97824419b5aae837b,640,474,RGB,JPEG,103.345458984375,65.32373046875,True,160
961,img_00961.jpg,The man is sitting on the bench on the side of the building. ,1,1,94253,7b26f8ef5b06ba4f9175b78947adfc10,768,768,RGB,JPEG,133.120849609375,60.896202087402344,True,160
962,img_00962.jpg,The man is sitting on the bench on the side of the building. ,1,2,146829,e8d2b02da1c4c59b56cf12c5e6ceb7d0,1024,1024,RGB,JPEG,117.29736328125,40.59360122680664,True,160
963,img_00963.jpg,The man is sitting on the bench on the side of the building. ,1,3,143970,c03a6f8d240cb9ae9019313ae7875e3c,1024,1024,RGB,JPEG,139.76025390625,85.55979919433594,True,160
964,img_00964.jpg,The man is sitting on the bench on the side of the building. ,1,4,17710,1522a0496367c2b432c882398486de0f,270,270,RGB,JPEG,103.159423828125,60.54940414428711,True,160
965,img_00965.jpg,The man is sitting on the bench on the side of the building. ,1,5,20954,9bb9599152d89f01382ab4281137c313,436,436,RGB,JPEG,145.32177734375,63.98392105102539,True,160
966,img_00966.jpg,A picture of a broken down stop sign.,0,0,88533,fcc9a8741a0f572b98246a6db0b8ae5e,480,640,RGB,JPEG,107.32861328125,54.424591064453125,True,161
967,img_00967.jpg,A picture of a broken down stop sign.,1,1,68916,2e8b346fea4fca49312dac426a8025a5,768,768,RGB,JPEG,114.030029296875,64.4936752319336,True,161
968,img_00968.jpg,A picture of a broken down stop sign.,1,2,98378,3a481f496651a9e0c10d1b85c8de4a09,1024,1024,RGB,JPEG,115.0390625,33.94233322143555,True,161
969,img_00969.jpg,A picture of a broken down stop sign.,1,3,73205,b4dc522616f3e1516759b497fe981187,1024,1024,RGB,JPEG,150.55078125,48.9839973449707,True,161
970,img_00970.jpg,A picture of a broken down stop sign.,1,4,21738,c1c5ddcec9a6b9f87a99615bed5c0681,270,270,RGB,JPEG,91.213623046875,35.191253662109375,True,161
971,img_00971.jpg,A picture of a broken down stop sign.,1,5,26255,a0855cdb62525146bb5b0e1addc94e4e,436,436,RGB,JPEG,99.9365234375,58.46322250366211,True,161
972,img_00972.jpg,Two cats getting into a sink in a bathroom ,0,0,35520,fb8d45fa4fc06237c7e1f1cfc47c79c1,640,480,RGB,JPEG,113.987548828125,76.08455657958984,True,162
973,img_00973.jpg,Two cats getting into a sink in a bathroom ,1,1,62143,bfa4e9750c0286ff5235f905ed91cfb2,768,768,RGB,JPEG,115.296630859375,54.04129409790039,True,162
974,img_00974.jpg,Two cats getting into a sink in a bathroom ,1,2,135225,65789e4e5ad972e3553211390e32ff56,1024,1024,RGB,JPEG,163.744140625,37.43722152709961,True,162
975,img_00975.jpg,Two cats getting into a sink in a bathroom ,1,3,95121,eeb3bed3a86cb3077b1be88450de3836,1024,1024,RGB,JPEG,164.464599609375,68.14778137207031,True,162
976,img_00976.jpg,Two cats getting into a sink in a bathroom ,1,4,14432,4f29694db92c03408a19f203cec37e44,270,270,RGB,JPEG,128.82177734375,55.63204574584961,True,162
977,img_00977.jpg,Two cats getting into a sink in a bathroom ,1,5,19882,d5c07d34efb91f6beacdc960386ba6f5,436,436,RGB,JPEG,103.84130859375,61.02484130859375,True,162
978,img_00978.jpg,An old green fire hydrant sits on a grassy curb. ,0,0,79263,50b7bc9a66fa808422d4add884d3c3b5,427,640,RGB,JPEG,84.47998046875,50.763919830322266,True,163
979,img_00979.jpg,An old green fire hydrant sits on a grassy curb. ,1,1,112943,d9973852aa8e05acb8ff29f3b6033ead,768,768,RGB,JPEG,112.335205078125,33.10001754760742,True,163
980,img_00980.jpg,An old green fire hydrant sits on a grassy curb. ,1,2,147314,2f3c203d5f66f3ffe22d6a924ec8cfbe,1024,1024,RGB,JPEG,118.10205078125,40.00583267211914,True,163
981,img_00981.jpg,An old green fire hydrant sits on a grassy curb. ,1,3,225620,23f56e06aa5bbdcd4d21f064296645f2,1024,1024,RGB,JPEG,157.611572265625,65.96156311035156,True,163
982,img_00982.jpg,An old green fire hydrant sits on a grassy curb. ,1,4,15512,e2fd599e3b4c4c66c365b13a18302842,270,270,RGB,JPEG,67.99853515625,44.251529693603516,True,163
983,img_00983.jpg,An old green fire hydrant sits on a grassy curb. ,1,5,26189,a0974cc5419444d02da6f9532a3eb93c,436,436,RGB,JPEG,99.912353515625,40.751747131347656,True,163
984,img_00984.jpg,A white street sign sitting on the corner on top of a pole.,0,0,45298,28be663ab37c089499efcee28e89c292,612,612,RGB,JPEG,96.49365234375,43.75434112548828,True,164
985,img_00985.jpg,A white street sign sitting on the corner on top of a pole.,1,1,97188,e0ac2bb115a19501ea90efa6fb85b9dd,768,768,RGB,JPEG,123.6611328125,52.50718307495117,True,164
986,img_00986.jpg,A white street sign sitting on the corner on top of a pole.,1,2,88071,4a8157833cbdc429f320b12f9a6afe21,1024,1024,RGB,JPEG,128.851318359375,30.139692306518555,True,164
987,img_00987.jpg,A white street sign sitting on the corner on top of a pole.,1,3,42542,0ce67a5178b9231973ac69c8deb5ea4c,1024,1024,RGB,JPEG,174.513671875,33.13291931152344,True,164
988,img_00988.jpg,A white street sign sitting on the corner on top of a pole.,1,4,18268,61abe361acb0d39ae39add4f645dbc3c,270,270,RGB,JPEG,118.83544921875,72.31558990478516,True,164
989,img_00989.jpg,A white street sign sitting on the corner on top of a pole.,1,5,24705,5da5da7c8f1d89803500032fecb64ed9,436,436,RGB,JPEG,106.982666015625,54.5753288269043,True,164
990,img_00990.jpg,A train is moving along the tracks beside a house.,0,0,89886,bba2ba835748ff453dafc8fc4d9266d9,640,415,RGB,JPEG,167.25146484375,53.91577911376953,True,165
991,img_00991.jpg,A train is moving along the tracks beside a house.,1,1,117253,5fc25a0654f06d7c68d4a67a3eb09c59,768,768,RGB,JPEG,118.22705078125,41.08413314819336,True,165
992,img_00992.jpg,A train is moving along the tracks beside a house.,1,2,127853,7155abe0f84d5a364017dba3f23821c8,1024,1024,RGB,JPEG,118.195556640625,47.3430290222168,True,165
993,img_00993.jpg,A train is moving along the tracks beside a house.,1,3,242156,19544565aafe3d32065a400acb1586fb,1024,1024,RGB,JPEG,125.8828125,71.74322509765625,True,165
994,img_00994.jpg,A train is moving along the tracks beside a house.,1,4,21865,06fed0af877916e25ad22b9cffadc4a7,270,270,RGB,JPEG,136.109619140625,43.603755950927734,True,165
995,img_00995.jpg,A train is moving along the tracks beside a house.,1,5,23678,50825c97ec0ca84a010665654d2835ab,436,436,RGB,JPEG,146.795166015625,55.392303466796875,True,165
996,img_00996.jpg,A yellow and white train traveling past a train station.,0,0,82107,258b51cfbb4639b4e9948730983e24f8,640,428,RGB,JPEG,119.17236328125,76.44163513183594,True,166
997,img_00997.jpg,A yellow and white train traveling past a train station.,1,1,106605,37f5b84e9e8d351985250cc039b9ddf7,768,768,RGB,JPEG,133.2158203125,58.436790466308594,True,166
998,img_00998.jpg,A yellow and white train traveling past a train station.,1,2,135466,bdd3c34c7c92a3fb0a067bbec2725d5f,1024,1024,RGB,JPEG,113.591064453125,55.61722946166992,True,166
999,img_00999.jpg,A yellow and white train traveling past a train station.,1,3,149674,f278b3a46f5c72da10916ce6edef5405,1024,1024,RGB,JPEG,107.669189453125,87.14183807373047,True,166
1000,img_01000.jpg,A yellow and white train traveling past a train station.,1,4,24274,4152dba469de2cd0cab087033813b11c,270,270,RGB,JPEG,119.05224609375,57.14885711669922,True,166
1001,img_01001.jpg,A yellow and white train traveling past a train station.,1,5,26935,de69ded581aceb66850f7412f520a3aa,436,436,RGB,JPEG,106.623779296875,75.71586608886719,True,166
1002,img_01002.jpg,a sign showing birds are not allowed in the area,0,0,36779,74ae9648085133a0f95fe05ed886d3c5,500,375,RGB,JPEG,134.091552734375,77.02417755126953,True,167
1003,img_01003.jpg,a sign showing birds are not allowed in the area,1,1,106873,8964ea05320157ea5b9cebb1d7b4acfd,768,768,RGB,JPEG,115.549072265625,49.309120178222656,True,167
1004,img_01004.jpg,a sign showing birds are not allowed in the area,1,2,81221,d76f803373cfc6c15fe1db069a8b60f0,1024,1024,RGB,JPEG,126.303955078125,46.6617317199707,True,167
1005,img_01005.jpg,a sign showing birds are not allowed in the area,1,3,169844,77b445f1d01060eede3909bb29d43c19,1024,1024,RGB,JPEG,128.08251953125,71.95343780517578,True,167
1006,img_01006.jpg,a sign showing birds are not allowed in the area,1,4,18834,8f7266b5416c00fca2631c45a1191de9,270,270,RGB,JPEG,133.80615234375,54.92105484008789,True,167
1007,img_01007.jpg,a sign showing birds are not allowed in the area,1,5,30766,c7ba6fe0fbc9cc8d8279fe6e4c55104d,436,436,RGB,JPEG,90.137451171875,48.850067138671875,True,167
1008,img_01008.jpg,A black and white photo of a pair of shoes on a bench.,0,0,44881,fbb4ff79a912603217d8a57cb1a1d273,640,412,RGB,JPEG,154.43408203125,63.38821029663086,True,168
1009,img_01009.jpg,A black and white photo of a pair of shoes on a bench.,1,1,96536,98601011b86dd505c02681cbe5bcdf6a,768,768,RGB,JPEG,127.57958984375,74.92922973632812,True,168
1010,img_01010.jpg,A black and white photo of a pair of shoes on a bench.,1,2,91314,cc2e1a9edbbfbfe7f6d06b22db5d6f60,1024,1024,RGB,JPEG,103.71435546875,60.62827682495117,True,168
1011,img_01011.jpg,A black and white photo of a pair of shoes on a bench.,1,3,66938,e07cf6aa089b281f2edc20947d75552d,1024,1024,RGB,JPEG,124.988037109375,75.5550537109375,True,168
1012,img_01012.jpg,A black and white photo of a pair of shoes on a bench.,1,4,15111,83f41a7d8d9c6a11ecceb4dae3ef50d8,270,270,RGB,JPEG,67.754150390625,56.146244049072266,True,168
1013,img_01013.jpg,A black and white photo of a pair of shoes on a bench.,1,5,26161,880ce488219f3c58b998f2413e44246f,436,436,RGB,JPEG,107.59716796875,74.25173950195312,True,168
1014,img_01014.jpg,A living room filled with brown furniture and a flat screen TV..,0,0,37384,935200cd9f33954d173c24052871fc2b,640,480,RGB,JPEG,136.5771484375,60.17991638183594,True,169
1015,img_01015.jpg,A living room filled with brown furniture and a flat screen TV..,1,1,76321,48ec89d056323adbec188856516a0687,768,768,RGB,JPEG,134.944091796875,52.950225830078125,True,169
1016,img_01016.jpg,A living room filled with brown furniture and a flat screen TV..,1,2,87113,7f5dc6f379b53effe264cb5d1caf9fb3,1024,1024,RGB,JPEG,108.427001953125,46.37454605102539,True,169
1017,img_01017.jpg,A living room filled with brown furniture and a flat screen TV..,1,3,112620,c20686991c46ede19afac5b3b81e4d81,1024,1024,RGB,JPEG,137.86376953125,64.48258209228516,True,169
1018,img_01018.jpg,A living room filled with brown furniture and a flat screen TV..,1,4,19724,6379d71be10f087da19b462645b69b06,270,270,RGB,JPEG,98.74853515625,53.34322738647461,True,169
1019,img_01019.jpg,A living room filled with brown furniture and a flat screen TV..,1,5,24512,2322f95f569db9d66be43f0add6325d5,436,436,RGB,JPEG,101.922119140625,75.39517211914062,True,169
1020,img_01020.jpg,A yellow city bus traveling down a busy street.,0,0,56379,db17131e414355ad847808c32fa65dad,640,427,RGB,JPEG,121.424560546875,67.2374496459961,True,170
1021,img_01021.jpg,A yellow city bus traveling down a busy street.,1,1,106524,2121cd1d948b85796645de7ce2a20fd8,768,768,RGB,JPEG,108.889404296875,53.39621353149414,True,170
1022,img_01022.jpg,A yellow city bus traveling down a busy street.,1,2,176328,7e8b660bd9b05fb5e99bcfa3f9eab896,1024,1024,RGB,JPEG,99.88671875,42.73518753051758,True,170
1023,img_01023.jpg,A yellow city bus traveling down a busy street.,1,3,179801,d109f20e54fc04ed2b3a435ecffc576a,1024,1024,RGB,JPEG,132.52783203125,57.25495910644531,True,170
1024,img_01024.jpg,A yellow city bus traveling down a busy street.,1,4,19218,936d430617c2cdffb5baf9ccb5e1e295,270,270,RGB,JPEG,90.87158203125,52.944854736328125,True,170
1025,img_01025.jpg,A yellow city bus traveling down a busy street.,1,5,34824,fc6626b0b9fea333ac848723acc8ff71,436,436,RGB,JPEG,87.7890625,50.11170196533203,True,170
1026,img_01026.jpg,"Doorway view to a bathroom with a sink, cabinets and a toilet.",0,0,30152,56223ddd02a176d7eed383c90ba62eaf,480,640,RGB,JPEG,111.14990234375,65.57815551757812,True,171
1027,img_01027.jpg,"Doorway view to a bathroom with a sink, cabinets and a toilet.",1,1,44477,79bb654fc66aa042aab1bf4bbb36c17a,768,768,RGB,JPEG,132.18408203125,46.36515426635742,True,171
1028,img_01028.jpg,"Doorway view to a bathroom with a sink, cabinets and a toilet.",1,2,71936,8a61be273779bc2a9f02f0b3787fa6f1,1024,1024,RGB,JPEG,138.14404296875,35.67743682861328,True,171
1029,img_01029.jpg,"Doorway view to a bathroom with a sink, cabinets and a toilet.",1,3,65543,1a987b1b88ecd72b772a90ae9521a7d6,1024,1024,RGB,JPEG,157.992431640625,39.487022399902344,True,171
1030,img_01030.jpg,"Doorway view to a bathroom with a sink, cabinets and a toilet.",1,4,16073,8aba8e828cc8dd0960b486a2c9bbe3b3,270,270,RGB,JPEG,109.307861328125,52.76271057128906,True,171
1031,img_01031.jpg,"Doorway view to a bathroom with a sink, cabinets and a toilet.",1,5,20678,8c73b1cb37d0fc0e4e1d76ead593eb87,436,436,RGB,JPEG,113.9541015625,41.297813415527344,True,171
1032,img_01032.jpg,A young giraffe peers inquisitively at the photographer.,0,0,86995,d43c895db70b47273e31b185f541a9a6,427,640,RGB,JPEG,149.965087890625,46.13827896118164,True,172
1033,img_01033.jpg,A young giraffe peers inquisitively at the photographer.,1,1,83697,4f6bfaee22c10bafebf4149b57bd7819,768,768,RGB,JPEG,130.870361328125,53.92470169067383,True,172
1034,img_01034.jpg,A young giraffe peers inquisitively at the photographer.,1,2,91172,06d089214bfa4ed659f863147934e462,1024,1024,RGB,JPEG,121.6845703125,33.24631881713867,True,172
1035,img_01035.jpg,A young giraffe peers inquisitively at the photographer.,1,3,98547,755152b0af305f677c4a2780d5968512,1024,1024,RGB,JPEG,171.533447265625,72.10675048828125,True,172
1036,img_01036.jpg,A young giraffe peers inquisitively at the photographer.,1,4,13437,ee9538fb52a547761fb03f8c347199e9,270,270,RGB,JPEG,133.005126953125,61.80533218383789,True,172
1037,img_01037.jpg,A young giraffe peers inquisitively at the photographer.,1,5,15088,7929d610e7d0054533572e497804af87,436,436,RGB,JPEG,29.45068359375,54.696659088134766,True,172
1038,img_01038.jpg,A large cat sitting on a wooden bench next to a building.,0,0,75399,089a011cc18c431957a17a55e41f8713,480,640,RGB,JPEG,117.169677734375,64.1688461303711,True,173
1039,img_01039.jpg,A large cat sitting on a wooden bench next to a building.,1,1,103169,12e86a391b326fe815958692fde4c34d,768,768,RGB,JPEG,119.124267578125,57.90803909301758,True,173
1040,img_01040.jpg,A large cat sitting on a wooden bench next to a building.,1,2,98985,b8dad40892e624703234a747b617d7c7,1024,1024,RGB,JPEG,102.2421875,49.83205795288086,True,173
1041,img_01041.jpg,A large cat sitting on a wooden bench next to a building.,1,3,115590,8e2db323f1d42a38b0c95499a6ec1fdd,1024,1024,RGB,JPEG,141.236572265625,62.65314865112305,True,173
1042,img_01042.jpg,A large cat sitting on a wooden bench next to a building.,1,4,18267,e8e380cc3cdea9ce74839db5b7b6f8c1,270,270,RGB,JPEG,96.916015625,59.90701675415039,True,173
1043,img_01043.jpg,A large cat sitting on a wooden bench next to a building.,1,5,22856,2cbcc233a5be9e42ff30e0bded5eafd5,436,436,RGB,JPEG,113.63037109375,60.238468170166016,True,173
1044,img_01044.jpg,A square white sink beneath an elegant mirror,0,0,26934,abfd39cf096e24403b6b21375dcf6522,480,640,RGB,JPEG,125.196533203125,52.90011978149414,True,174
1045,img_01045.jpg,A square white sink beneath an elegant mirror,1,1,70369,5093549e6d09aa6f997b00b3c6d04707,768,768,RGB,JPEG,112.59375,72.29689025878906,True,174
1046,img_01046.jpg,A square white sink beneath an elegant mirror,1,2,66406,c810aecf2c6b64002d2066e5bcc44b22,1024,1024,RGB,JPEG,159.344482421875,36.99664306640625,True,174
1047,img_01047.jpg,A square white sink beneath an elegant mirror,1,3,81825,9a1b77e5fb4b079ca9fa99722fb4fd87,1024,1024,RGB,JPEG,175.39306640625,54.774356842041016,True,174
1048,img_01048.jpg,A square white sink beneath an elegant mirror,1,4,11625,483c44c0b8567db34ebc804c0bd807fe,270,270,RGB,JPEG,138.22021484375,60.68305206298828,True,174
1049,img_01049.jpg,A square white sink beneath an elegant mirror,1,5,20992,c32e93edc9ce4d7032e2d9d273a71405,436,436,RGB,JPEG,69.376708984375,62.63587951660156,True,174
1050,img_01050.jpg,The double decker bus is heading south through the mountainous region of California.,0,0,71883,462203c109c09ba19f1b71ce6e196bc0,640,400,RGB,JPEG,124.263427734375,51.77163314819336,True,175
1051,img_01051.jpg,The double decker bus is heading south through the mountainous region of California.,1,1,101708,6edff12fda3b7bb9beef0d1a8c607634,768,768,RGB,JPEG,105.475830078125,43.24605178833008,True,175
1052,img_01052.jpg,The double decker bus is heading south through the mountainous region of California.,1,2,132693,98b2b5d346c89bbe1d9b00f5738d8326,1024,1024,RGB,JPEG,138.15576171875,45.32875061035156,True,175
1053,img_01053.jpg,The double decker bus is heading south through the mountainous region of California.,1,3,272705,86708b77eebcad36357cf9b11ede1264,1024,1024,RGB,JPEG,128.2890625,51.909751892089844,True,175
1054,img_01054.jpg,The double decker bus is heading south through the mountainous region of California.,1,4,16130,af5b56ad90229e8e5265ab0c75eb322d,270,270,RGB,JPEG,119.667236328125,58.374210357666016,True,175
1055,img_01055.jpg,The double decker bus is heading south through the mountainous region of California.,1,5,33316,a90e443e651217b6929324cdcf9cc459,436,436,RGB,JPEG,124.63037109375,47.91994094848633,True,175
1056,img_01056.jpg,Several giraffes walking through a dry grass landscape by a hill,0,0,89457,a143b90006911f7d08a90f97e2989044,640,428,RGB,JPEG,127.304931640625,33.01375961303711,True,176
1057,img_01057.jpg,Several giraffes walking through a dry grass landscape by a hill,1,1,66564,60d517b01ccda6db9317d6e007d18445,768,768,RGB,JPEG,130.218505859375,30.7315731048584,True,176
1058,img_01058.jpg,Several giraffes walking through a dry grass landscape by a hill,1,2,113402,4808ec304f6be5a287391e83ff534157,1024,1024,RGB,JPEG,139.2001953125,35.87250900268555,True,176
1059,img_01059.jpg,Several giraffes walking through a dry grass landscape by a hill,1,3,181429,a3c0ec072d6d4f6dc08e40988d999d87,1024,1024,RGB,JPEG,143.75390625,45.983402252197266,True,176
1060,img_01060.jpg,Several giraffes walking through a dry grass landscape by a hill,1,4,16187,0b3fe01aacd75c29d44589a225827c5e,270,270,RGB,JPEG,140.9970703125,61.219627380371094,True,176
1061,img_01061.jpg,Several giraffes walking through a dry grass landscape by a hill,1,5,25926,37db0764fa182b484c53c20be5e3f768,436,436,RGB,JPEG,149.180908203125,59.16886901855469,True,176
1062,img_01062.jpg,"A toilet in front of a window, and next to the shower are shown",0,0,28067,926ccf325bdb04fc26209ccc46be2c26,640,480,RGB,JPEG,103.025390625,51.11592483520508,True,177
1063,img_01063.jpg,"A toilet in front of a window, and next to the shower are shown",1,1,61038,3659f5e3dbd8954e7e32ab2a86a360f2,768,768,RGB,JPEG,140.4384765625,48.277103424072266,True,177
1064,img_01064.jpg,"A toilet in front of a window, and next to the shower are shown",1,2,67854,820e0645098680eaf997490866a91a8c,1024,1024,RGB,JPEG,131.068115234375,41.03274917602539,True,177
1065,img_01065.jpg,"A toilet in front of a window, and next to the shower are shown",1,3,96066,c8e9e6234703c077466448e5cfe735eb,1024,1024,RGB,JPEG,133.005126953125,54.58042526245117,True,177
1066,img_01066.jpg,"A toilet in front of a window, and next to the shower are shown",1,4,17627,30664d38c4d4ee3183ae0fbd77aaef27,270,270,RGB,JPEG,139.677978515625,51.82078170776367,True,177
1067,img_01067.jpg,"A toilet in front of a window, and next to the shower are shown",1,5,24464,1933b97d46ed2fe4b2172589177cfeff,436,436,RGB,JPEG,109.044189453125,49.9161262512207,True,177
1068,img_01068.jpg,A motorcycle parked in the middle of a roadway.,0,0,65985,b7a984d77b43bdb2fa66ed65656f7a3f,640,480,RGB,JPEG,121.701416015625,57.09234619140625,True,178
1069,img_01069.jpg,A motorcycle parked in the middle of a roadway.,1,1,102876,fd5ec5c1a5321998f639ac826c9582e4,768,768,RGB,JPEG,121.267333984375,55.86005783081055,True,178
1070,img_01070.jpg,A motorcycle parked in the middle of a roadway.,1,2,128021,7be09a12f66cb8485a2cda469a4455a5,1024,1024,RGB,JPEG,94.85302734375,48.40874099731445,True,178
1071,img_01071.jpg,A motorcycle parked in the middle of a roadway.,1,3,115762,58ce9faa9252ba4951d0eedeb9b97022,1024,1024,RGB,JPEG,124.8291015625,54.40886306762695,True,178
1072,img_01072.jpg,A motorcycle parked in the middle of a roadway.,1,4,16199,e07c22fbef9566d6f716c71566c6c0ce,270,270,RGB,JPEG,84.40966796875,53.303829193115234,True,178
1073,img_01073.jpg,A motorcycle parked in the middle of a roadway.,1,5,30800,74385468f69fb94365cc296fd55c22d4,436,436,RGB,JPEG,93.729248046875,51.90467071533203,True,178
1074,img_01074.jpg,A man sitting in a chair under an umbrella.,0,0,45196,4aae350306d01f3c5b23eda4cccf0966,500,384,RGB,JPEG,93.82470703125,65.0794448852539,True,179
1075,img_01075.jpg,A man sitting in a chair under an umbrella.,1,1,36884,6bc697f411cd0ee29a8918a78205917c,768,768,RGB,JPEG,121.546875,38.86598205566406,True,179
1076,img_01076.jpg,A man sitting in a chair under an umbrella.,1,2,80801,a31a63ff29c0fe86aa33a674d0db4af2,1024,1024,RGB,JPEG,109.138671875,41.18230056762695,True,179
1077,img_01077.jpg,A man sitting in a chair under an umbrella.,1,3,117828,d80ce770515571a3795b91ddc18ee8f2,1024,1024,RGB,JPEG,142.30810546875,73.5383529663086,True,179
1078,img_01078.jpg,A man sitting in a chair under an umbrella.,1,4,19678,e61991dce7586dffb0e7153c4984a319,270,270,RGB,JPEG,130.981689453125,61.18830490112305,True,179
1079,img_01079.jpg,A man sitting in a chair under an umbrella.,1,5,21954,d0e60347a2ca80b4785066c99ddaf7a0,436,436,RGB,JPEG,137.6875,59.11503219604492,True,179
1080,img_01080.jpg,"Bathroom with white pedestal sink, bathtub and shower, and commode.",0,0,44746,5f71adc16565302900005975227e6cc8,640,480,RGB,JPEG,148.130859375,47.27031707763672,True,180
1081,img_01081.jpg,"Bathroom with white pedestal sink, bathtub and shower, and commode.",1,1,44472,4f7ab74f8f94d6004ad0d1b4a4af6cac,768,768,RGB,JPEG,141.976318359375,35.325103759765625,True,180
1082,img_01082.jpg,"Bathroom with white pedestal sink, bathtub and shower, and commode.",1,2,70069,ad22647e5891b8a402f15469924a3e54,1024,1024,RGB,JPEG,164.95947265625,26.864248275756836,True,180
1083,img_01083.jpg,"Bathroom with white pedestal sink, bathtub and shower, and commode.",1,3,59407,64551b2d3fe417b17449d8375facd029,1024,1024,RGB,JPEG,157.357177734375,59.70115661621094,True,180
1084,img_01084.jpg,"Bathroom with white pedestal sink, bathtub and shower, and commode.",1,4,15659,233044688f46c54acc1fa431ee851e02,270,270,RGB,JPEG,176.30859375,40.98622512817383,True,180
1085,img_01085.jpg,"Bathroom with white pedestal sink, bathtub and shower, and commode.",1,5,27639,f68cece69165025110e027eb87dd20a1,436,436,RGB,JPEG,139.7978515625,54.32990646362305,True,180
1086,img_01086.jpg,a dark living room with some light from the long windows and lights on the mantle ,0,0,20623,1bcac71cf2adf79984c36adef6c73e1e,494,367,RGB,JPEG,90.443603515625,67.8006820678711,True,181
1087,img_01087.jpg,a dark living room with some light from the long windows and lights on the mantle ,1,1,99158,33f79ec6eaeb2c1456f3055857572424,768,768,RGB,JPEG,110.138671875,74.5268325805664,True,181
1088,img_01088.jpg,a dark living room with some light from the long windows and lights on the mantle ,1,2,116584,e73db7a98e3eb966f47fc53cfe9da055,1024,1024,RGB,JPEG,81.19140625,56.87626647949219,True,181
1089,img_01089.jpg,a dark living room with some light from the long windows and lights on the mantle ,1,3,121999,c73d2d7426b171350c2fb04efe049aec,1024,1024,RGB,JPEG,44.84619140625,56.633934020996094,True,181
1090,img_01090.jpg,a dark living room with some light from the long windows and lights on the mantle ,1,4,16205,b795582673deb856ecca55a1523f161c,270,270,RGB,JPEG,76.1396484375,55.51906967163086,True,181
1091,img_01091.jpg,a dark living room with some light from the long windows and lights on the mantle ,1,5,15984,b8530c662ac3652578538744da25251e,436,436,RGB,JPEG,50.548095703125,32.993534088134766,True,181
1092,img_01092.jpg,A long white passenger train traveling through lush green countryside.,0,0,64416,b20c4f8cfeab9a289aae3a6cb4f37d09,640,427,RGB,JPEG,134.0458984375,56.738285064697266,True,182
1093,img_01093.jpg,A long white passenger train traveling through lush green countryside.,1,1,127692,2d08efaf60ab129466fb9b5a56aebb1c,768,768,RGB,JPEG,107.64111328125,40.49790954589844,True,182
1094,img_01094.jpg,A long white passenger train traveling through lush green countryside.,1,2,175894,6a3e7a41cbf50064b5e417070a86ff86,1024,1024,RGB,JPEG,111.59033203125,32.23366928100586,True,182
1095,img_01095.jpg,A long white passenger train traveling through lush green countryside.,1,3,254223,e1493302d95fd18c42b0274346141d97,1024,1024,RGB,JPEG,128.96875,50.599483489990234,True,182
1096,img_01096.jpg,A long white passenger train traveling through lush green countryside.,1,4,15807,0900fd69b1754934ebbd2c184a84400c,270,270,RGB,JPEG,95.0703125,52.42170715332031,True,182
1097,img_01097.jpg,A long white passenger train traveling through lush green countryside.,1,5,32772,6bc3c686e40c73b20c0e0fb2634ffdaa,436,436,RGB,JPEG,115.8740234375,60.63972854614258,True,182
1098,img_01098.jpg,Three light sheep are grazing on grass in a ring and a dark sheep is eating by himself.,0,0,67777,e8d08e5271da7811d59c636383102141,640,426,RGB,JPEG,75.138916015625,36.337833404541016,True,183
1099,img_01099.jpg,Three light sheep are grazing on grass in a ring and a dark sheep is eating by himself.,1,1,108402,398ef8f60ba750584de0509fd2436e13,768,768,RGB,JPEG,124.71728515625,37.39166259765625,True,183
1100,img_01100.jpg,Three light sheep are grazing on grass in a ring and a dark sheep is eating by himself.,1,2,110775,78d6791887835605c914734cbcfd0b32,1024,1024,RGB,JPEG,108.916015625,37.40392303466797,True,183
1101,img_01101.jpg,Three light sheep are grazing on grass in a ring and a dark sheep is eating by himself.,1,3,172666,9cbffb529052352fbe401f967bf354e8,1024,1024,RGB,JPEG,151.83056640625,44.379249572753906,True,183
1102,img_01102.jpg,Three light sheep are grazing on grass in a ring and a dark sheep is eating by himself.,1,4,14897,d3e6d08a315cf51fb9add9a85a94e73e,270,270,RGB,JPEG,196.28955078125,65.55763244628906,True,183
1103,img_01103.jpg,Three light sheep are grazing on grass in a ring and a dark sheep is eating by himself.,1,5,33225,d8d89dbd4d847a0062bfa104b1ef11e9,436,436,RGB,JPEG,82.265625,49.91786575317383,True,183
1104,img_01104.jpg,A bathroom counter lined with lots of metal sinks.,0,0,27720,8d52b616bc2415001929f173dba2255e,500,400,RGB,JPEG,129.908447265625,85.52059936523438,True,184
1105,img_01105.jpg,A bathroom counter lined with lots of metal sinks.,1,1,82098,480935f0291ba2dc6c18d4713e707e6a,768,768,RGB,JPEG,136.767333984375,42.576656341552734,True,184
1106,img_01106.jpg,A bathroom counter lined with lots of metal sinks.,1,2,96746,f759efdf8b4b77d0fa6470a407fdb3cb,1024,1024,RGB,JPEG,118.20361328125,50.02681350708008,True,184
1107,img_01107.jpg,A bathroom counter lined with lots of metal sinks.,1,3,99216,be9b2a2f156844cb57d14225320dd132,1024,1024,RGB,JPEG,154.4794921875,61.8641471862793,True,184
1108,img_01108.jpg,A bathroom counter lined with lots of metal sinks.,1,4,20274,1629a433e840ede53e2b67ec0230c169,270,270,RGB,JPEG,127.649658203125,61.73579788208008,True,184
1109,img_01109.jpg,A bathroom counter lined with lots of metal sinks.,1,5,24604,289bc7638dd4d2cd0d13cb3e6f0e201d,436,436,RGB,JPEG,107.025390625,65.16877746582031,True,184
1110,img_01110.jpg,A kitchen counter top sitting next to a stove top oven.,0,0,38199,9c37331dc614e7e0fb01c912612ebd1d,640,427,RGB,JPEG,99.9755859375,43.306488037109375,True,185
1111,img_01111.jpg,A kitchen counter top sitting next to a stove top oven.,1,1,98020,c034831811fea8cf7a19849e082f24d6,768,768,RGB,JPEG,123.95556640625,64.54776763916016,True,185
1112,img_01112.jpg,A kitchen counter top sitting next to a stove top oven.,1,2,86095,2cc3b9008913794c833c277524209d1e,1024,1024,RGB,JPEG,147.61328125,49.5505256652832,True,185
1113,img_01113.jpg,A kitchen counter top sitting next to a stove top oven.,1,3,88779,d40c9cd83df4f5ef60a32525d9ab1d35,1024,1024,RGB,JPEG,130.29443359375,69.74308776855469,True,185
1114,img_01114.jpg,A kitchen counter top sitting next to a stove top oven.,1,4,19822,f2d7d429713b75a0d3dbcc22a0edfde6,270,270,RGB,JPEG,114.076904296875,63.54688262939453,True,185
1115,img_01115.jpg,A kitchen counter top sitting next to a stove top oven.,1,5,22439,b2c7477711af0c3c08516bb868dba185,436,436,RGB,JPEG,109.408935546875,64.74578094482422,True,185
1116,img_01116.jpg,A bright red fire hydrant near a stop sign.,0,0,96276,7a0c5336138b58434caf692a8d970ead,640,480,RGB,JPEG,103.044677734375,54.238006591796875,True,186
1117,img_01117.jpg,A bright red fire hydrant near a stop sign.,1,1,76260,f5b36f1884ae3051a316194ff8bcb2e5,768,768,RGB,JPEG,128.98486328125,51.443965911865234,True,186
1118,img_01118.jpg,A bright red fire hydrant near a stop sign.,1,2,112711,36b8f71bbb8ef5c0360f664aed0234df,1024,1024,RGB,JPEG,132.272216796875,52.19777297973633,True,186
1119,img_01119.jpg,A bright red fire hydrant near a stop sign.,1,3,252528,61d62b9fcd5cdd748159950438092575,1024,1024,RGB,JPEG,121.307861328125,62.91914367675781,True,186
1120,img_01120.jpg,A bright red fire hydrant near a stop sign.,1,4,17702,94dc3b6eeafeca727a442b50dd65d17f,270,270,RGB,JPEG,88.081787109375,47.150856018066406,True,186
1121,img_01121.jpg,A bright red fire hydrant near a stop sign.,1,5,27263,5bb7aaac5015cf5afb94d8a9ee3aac6a,436,436,RGB,JPEG,114.8427734375,40.543701171875,True,186
1122,img_01122.jpg,Lone giraffe standing in shade of tree in outdoor natural area.,0,0,87197,7de5f4f43bee71a948d842108fd4bcfe,427,640,RGB,JPEG,120.3515625,62.61772918701172,True,187
1123,img_01123.jpg,Lone giraffe standing in shade of tree in outdoor natural area.,1,1,141664,38d035f4d06b4d5bd4e48b74400e953f,768,768,RGB,JPEG,121.406494140625,45.88715744018555,True,187
1124,img_01124.jpg,Lone giraffe standing in shade of tree in outdoor natural area.,1,2,146970,3867d7d543dfa2e47547013f1c6e41ac,1024,1024,RGB,JPEG,117.330078125,41.36468505859375,True,187
1125,img_01125.jpg,Lone giraffe standing in shade of tree in outdoor natural area.,1,3,187776,b73e09058f708ef9a627573875edbad5,1024,1024,RGB,JPEG,154.20849609375,62.64319610595703,True,187
1126,img_01126.jpg,Lone giraffe standing in shade of tree in outdoor natural area.,1,4,15353,153bd065d7782a457bc37c45daa79d47,270,270,RGB,JPEG,64.23388671875,45.05877685546875,True,187
1127,img_01127.jpg,Lone giraffe standing in shade of tree in outdoor natural area.,1,5,38649,f31e343c1889541fbf51e9a55c64292f,436,436,RGB,JPEG,86.31201171875,52.295188903808594,True,187
1128,img_01128.jpg,A blue and silver fire hydrant sitting on a field of dirt.,0,0,59275,8eb0299eeee6c46114658a4d2798a812,640,469,RGB,JPEG,61.47265625,51.02214431762695,True,188
1129,img_01129.jpg,A blue and silver fire hydrant sitting on a field of dirt.,1,1,73429,df75d10007c58e7f8aac39275acb9d2e,768,768,RGB,JPEG,125.698974609375,38.04023742675781,True,188
1130,img_01130.jpg,A blue and silver fire hydrant sitting on a field of dirt.,1,2,148351,8a609849f7ca15b05b2b2633fd09a5de,1024,1024,RGB,JPEG,111.9033203125,25.63396453857422,True,188
1131,img_01131.jpg,A blue and silver fire hydrant sitting on a field of dirt.,1,3,147456,520aa3ae9e8011773f7a0d04707e1042,1024,1024,RGB,JPEG,139.09423828125,55.98878479003906,True,188
1132,img_01132.jpg,A blue and silver fire hydrant sitting on a field of dirt.,1,4,15070,22049d2192192f9f5fdb04fd9dfd77f7,270,270,RGB,JPEG,138.3271484375,72.82794189453125,True,188
1133,img_01133.jpg,A blue and silver fire hydrant sitting on a field of dirt.,1,5,26262,87e877dcfa1e92af29e96a396a20c299,436,436,RGB,JPEG,118.570556640625,49.5451545715332,True,188
1134,img_01134.jpg,A motorcycle parked next to a  car in a  parking lot.,0,0,85404,163085212307f1f1544a257ce922ec7b,376,640,RGB,JPEG,117.826904296875,62.01622772216797,True,189
1135,img_01135.jpg,A motorcycle parked next to a  car in a  parking lot.,1,1,82077,7745cc09b5fefb34991a0e5ee5d62abc,768,768,RGB,JPEG,122.3095703125,43.2276611328125,True,189
1136,img_01136.jpg,A motorcycle parked next to a  car in a  parking lot.,1,2,123002,b5f1b138b8420e97bf01c60c4cb590c5,1024,1024,RGB,JPEG,109.097412109375,50.4577522277832,True,189
1137,img_01137.jpg,A motorcycle parked next to a  car in a  parking lot.,1,3,232912,c89eb387b43fa9ccb3284b554d63a4f8,1024,1024,RGB,JPEG,126.4423828125,72.16938018798828,True,189
1138,img_01138.jpg,A motorcycle parked next to a  car in a  parking lot.,1,4,20496,329f4d313bd48d31f0ee4d7864cbb597,270,270,RGB,JPEG,93.1982421875,60.663002014160156,True,189
1139,img_01139.jpg,A motorcycle parked next to a  car in a  parking lot.,1,5,21429,c1883d2534fe03aaf546e39be423f908,436,436,RGB,JPEG,62.90087890625,37.100440979003906,True,189
1140,img_01140.jpg,A damaged sign that says STATE LAW YIELD TO PEDESTRIANS WITHIN CROSSWALK.,0,0,67438,0ffb03c58b9cfb5c5e59203a775c857f,640,425,RGB,JPEG,110.189453125,61.9195442199707,True,190
1141,img_01141.jpg,A damaged sign that says STATE LAW YIELD TO PEDESTRIANS WITHIN CROSSWALK.,1,1,88389,c34de2504b29ba59112b690c6fc63f06,768,768,RGB,JPEG,112.47265625,49.99154281616211,True,190
1142,img_01142.jpg,A damaged sign that says STATE LAW YIELD TO PEDESTRIANS WITHIN CROSSWALK.,1,2,161350,eaf76a65ca3764397fe973e00019ebc3,1024,1024,RGB,JPEG,110.948974609375,44.89068603515625,True,190
1143,img_01143.jpg,A damaged sign that says STATE LAW YIELD TO PEDESTRIANS WITHIN CROSSWALK.,1,3,189458,6c9396909f25c0a50920f94dcb0f9707,1024,1024,RGB,JPEG,131.069580078125,74.89833068847656,True,190
1144,img_01144.jpg,A damaged sign that says STATE LAW YIELD TO PEDESTRIANS WITHIN CROSSWALK.,1,4,21394,fcbeab853f3c3f9387b23394410745d9,270,270,RGB,JPEG,112.744384765625,59.039913177490234,True,190
1145,img_01145.jpg,A damaged sign that says STATE LAW YIELD TO PEDESTRIANS WITHIN CROSSWALK.,1,5,30080,4ca2e9fe8b54e4ca64577ab7697a2e83,436,436,RGB,JPEG,111.682861328125,53.9577751159668,True,190
1146,img_01146.jpg,A man and woman riding a motor scooter.,0,0,66450,43bbe8ed2f7020da7c85ab6acd26e818,640,427,RGB,JPEG,90.175537109375,58.82244873046875,True,191
1147,img_01147.jpg,A man and woman riding a motor scooter.,1,1,87586,6abab5aede7ba60a516069673d379c5b,768,768,RGB,JPEG,117.5732421875,60.0365104675293,True,191
1148,img_01148.jpg,A man and woman riding a motor scooter.,1,2,107478,52f599438d290741e89c720ee1d12b89,1024,1024,RGB,JPEG,107.998779296875,51.11722183227539,True,191
1149,img_01149.jpg,A man and woman riding a motor scooter.,1,3,146460,76e0e785af62dc665971aef7d5554d9a,1024,1024,RGB,JPEG,119.8740234375,70.59288787841797,True,191
1150,img_01150.jpg,A man and woman riding a motor scooter.,1,4,18769,bf591492ed51670b31a7bd263c70ad26,270,270,RGB,JPEG,180.772216796875,61.26847457885742,True,191
1151,img_01151.jpg,A man and woman riding a motor scooter.,1,5,23438,79f8eecbad44773ad62d546efcca20c6,436,436,RGB,JPEG,151.3017578125,55.983707427978516,True,191
1152,img_01152.jpg,A train car riding the railroad in a city.,0,0,56061,0d76175deb49fda031bf5849757b250a,640,406,RGB,JPEG,153.35693359375,71.93688201904297,True,192
1153,img_01153.jpg,A train car riding the railroad in a city.,1,1,125672,beecefa1d0c86459fdc8e0fb27908941,768,768,RGB,JPEG,112.197998046875,53.996910095214844,True,192
1154,img_01154.jpg,A train car riding the railroad in a city.,1,2,143620,e164a21efe237e8a4b8ad80f727456f2,1024,1024,RGB,JPEG,92.1708984375,43.09865188598633,True,192
1155,img_01155.jpg,A train car riding the railroad in a city.,1,3,216486,f438ff0f20a20d0d849ae13abe55f9cc,1024,1024,RGB,JPEG,129.2080078125,65.57525634765625,True,192
1156,img_01156.jpg,A train car riding the railroad in a city.,1,4,20288,e7cfb396ebec0524dfb622bda859e76d,270,270,RGB,JPEG,97.900390625,48.21173095703125,True,192
1157,img_01157.jpg,A train car riding the railroad in a city.,1,5,35936,fb12613ba1651e6bab3cbf3f2718320f,436,436,RGB,JPEG,97.1171875,46.79050064086914,True,192
1158,img_01158.jpg,A white toilet sitting underneath a window next to a sink.,0,0,42659,e743946164fb976b7c748f0c88f528b1,640,427,RGB,JPEG,135.835205078125,62.05538558959961,True,193
1159,img_01159.jpg,A white toilet sitting underneath a window next to a sink.,1,1,62623,b2c1798961ad5435ce0ead0424251034,768,768,RGB,JPEG,119.876708984375,56.00312423706055,True,193
1160,img_01160.jpg,A white toilet sitting underneath a window next to a sink.,1,2,70884,2af054bc3beaeb11428e1ce477d54fdc,1024,1024,RGB,JPEG,147.08203125,39.898494720458984,True,193
1161,img_01161.jpg,A white toilet sitting underneath a window next to a sink.,1,3,54001,15dee7f7d2545f2f9baff0acc6452927,1024,1024,RGB,JPEG,143.20751953125,70.01676940917969,True,193
1162,img_01162.jpg,A white toilet sitting underneath a window next to a sink.,1,4,15529,a61ebed328e27fa65c217c8552228b01,270,270,RGB,JPEG,119.390869140625,63.41917037963867,True,193
1163,img_01163.jpg,A white toilet sitting underneath a window next to a sink.,1,5,23997,7467612af494f5965a0dff3bc3c9dda1,436,436,RGB,JPEG,128.89990234375,51.89445877075195,True,193
1164,img_01164.jpg,A green bus driving down a street next to a traffic light.,0,0,56063,66a9f25abd8baa2b8f03cc76cade05b1,640,427,RGB,JPEG,131.003173828125,58.453758239746094,True,194
1165,img_01165.jpg,A green bus driving down a street next to a traffic light.,1,1,103982,469cf496094538c236603953232d1bb7,768,768,RGB,JPEG,127.26806640625,55.80873489379883,True,194
1166,img_01166.jpg,A green bus driving down a street next to a traffic light.,1,2,164140,44ae6f7d188defd855ecf5e470b16ed2,1024,1024,RGB,JPEG,117.91064453125,49.66218566894531,True,194
1167,img_01167.jpg,A green bus driving down a street next to a traffic light.,1,3,169004,54a22db356d767bf33cd8280270105b1,1024,1024,RGB,JPEG,134.520751953125,66.96318817138672,True,194
1168,img_01168.jpg,A green bus driving down a street next to a traffic light.,1,4,19893,e4c9eae86d8583ae7a3cf0450236e260,270,270,RGB,JPEG,102.245361328125,58.871864318847656,True,194
1169,img_01169.jpg,A green bus driving down a street next to a traffic light.,1,5,28410,6e7bd94435091925f0772585044525ca,436,436,RGB,JPEG,113.29833984375,65.1608657836914,True,194
1170,img_01170.jpg,A middle aged man standing next to a parked motorcycle,0,0,76750,a844325b6d6060ac2d72056ac2fa062d,640,473,RGB,JPEG,78.951904296875,54.75727081298828,True,195
1171,img_01171.jpg,A middle aged man standing next to a parked motorcycle,1,1,100994,13a6b73d350ba664271cda64eba06b90,768,768,RGB,JPEG,105.85205078125,64.30445861816406,True,195
1172,img_01172.jpg,A middle aged man standing next to a parked motorcycle,1,2,100904,022a895e63bf993d5172611eec4c3aab,1024,1024,RGB,JPEG,96.236328125,52.05824661254883,True,195
1173,img_01173.jpg,A middle aged man standing next to a parked motorcycle,1,3,136389,e29b35c20241d7a032b3f04859c46b23,1024,1024,RGB,JPEG,141.005859375,77.34337615966797,True,195
1174,img_01174.jpg,A middle aged man standing next to a parked motorcycle,1,4,18848,a61abfad1ba2a484031e8163b020c6ac,270,270,RGB,JPEG,104.796630859375,65.9211654663086,True,195
1175,img_01175.jpg,A middle aged man standing next to a parked motorcycle,1,5,28905,f94cf83fcf63288c02ea6e30d31e7cad,436,436,RGB,JPEG,81.70751953125,49.975563049316406,True,195
1176,img_01176.jpg,Two tail ends of American Airlines airplanes at an airport. ,0,0,30836,9e9587baf38b28a836d7ae5af9c51936,478,640,RGB,JPEG,163.641845703125,71.92221069335938,True,196
1177,img_01177.jpg,Two tail ends of American Airlines airplanes at an airport. ,1,1,65804,6072e81724681930b6541991b58b76b7,768,768,RGB,JPEG,134.50048828125,44.849815368652344,True,196
1178,img_01178.jpg,Two tail ends of American Airlines airplanes at an airport. ,1,2,94364,0fe7ca4f3ab7696e7bde587da9515afe,1024,1024,RGB,JPEG,126.69189453125,45.76974105834961,True,196
1179,img_01179.jpg,Two tail ends of American Airlines airplanes at an airport. ,1,3,98424,3ed9771e1f10a58c63d47bce6df939cd,1024,1024,RGB,JPEG,175.63525390625,59.570648193359375,True,196
1180,img_01180.jpg,Two tail ends of American Airlines airplanes at an airport. ,1,4,18534,077c51034207808f5daa839604fb6f20,270,270,RGB,JPEG,107.978759765625,60.88002395629883,True,196
1181,img_01181.jpg,Two tail ends of American Airlines airplanes at an airport. ,1,5,19769,3e10eb9d248f0cc293497eb803dd1e52,436,436,RGB,JPEG,110.204833984375,71.27584838867188,True,196
1182,img_01182.jpg,A kitchen counter topped with a dish tray filled with dishes.,0,0,50761,b2b46482a1b049679f263809f7d91ed1,640,427,RGB,JPEG,94.967529296875,43.116477966308594,True,197
1183,img_01183.jpg,A kitchen counter topped with a dish tray filled with dishes.,1,1,85086,14b10ca3bf8dcd284863de446ec6489e,768,768,RGB,JPEG,129.050048828125,58.544368743896484,True,197
1184,img_01184.jpg,A kitchen counter topped with a dish tray filled with dishes.,1,2,128352,29bdc42337760b1a95929d54c4af1478,1024,1024,RGB,JPEG,127.78857421875,55.78645324707031,True,197
1185,img_01185.jpg,A kitchen counter topped with a dish tray filled with dishes.,1,3,78287,fb1eb5be2bd19c345eacb6480f59e4b8,1024,1024,RGB,JPEG,177.7060546875,74.492431640625,True,197
1186,img_01186.jpg,A kitchen counter topped with a dish tray filled with dishes.,1,4,20614,0781dafcf21c8ed8465e407f8bd342f8,270,270,RGB,JPEG,138.05029296875,59.00962448120117,True,197
1187,img_01187.jpg,A kitchen counter topped with a dish tray filled with dishes.,1,5,29321,d2078a4279870577883a43616a0d9283,436,436,RGB,JPEG,108.67529296875,68.03567504882812,True,197
1188,img_01188.jpg,A close up of a giraffes head and face,0,0,34187,e5a341ed51af3607f876d3624fa42b72,640,427,RGB,JPEG,109.077392578125,64.26844024658203,True,198
1189,img_01189.jpg,A close up of a giraffes head and face,1,1,100975,0b3ae5b2b97c48deb6e7e2eb8d92d029,768,768,RGB,JPEG,111.53271484375,66.33414459228516,True,198
1190,img_01190.jpg,A close up of a giraffes head and face,1,2,131065,37800993582c2aeb6d1377725ce4064f,1024,1024,RGB,JPEG,124.13623046875,57.03845977783203,True,198
1191,img_01191.jpg,A close up of a giraffes head and face,1,3,115421,251b3e226175319767c712053ac22f09,1024,1024,RGB,JPEG,168.48095703125,56.74790954589844,True,198
1192,img_01192.jpg,A close up of a giraffes head and face,1,4,15344,2bc070af4d996e8075424dc1ddb4e632,270,270,RGB,JPEG,142.816650390625,71.48843383789062,True,198
1193,img_01193.jpg,A close up of a giraffes head and face,1,5,30824,2240b18e8c54fb2f8c0ed0a759191127,436,436,RGB,JPEG,121.362060546875,50.94232177734375,True,198
1194,img_01194.jpg,"A back pack by itself next to a backpack with beer, fruit and snacks.",0,0,59700,c41e7a319b72305bf2746ef89d8de6c8,491,640,RGB,JPEG,67.16748046875,62.67237854003906,True,199
1195,img_01195.jpg,"A back pack by itself next to a backpack with beer, fruit and snacks.",1,1,98131,195f924de66e817d539b329844ab4189,768,768,RGB,JPEG,117.981689453125,43.89440155029297,True,199
1196,img_01196.jpg,"A back pack by itself next to a backpack with beer, fruit and snacks.",1,2,108638,b482e59dc114460081ef8a0df8a89a50,1024,1024,RGB,JPEG,98.509521484375,45.416603088378906,True,199
1197,img_01197.jpg,"A back pack by itself next to a backpack with beer, fruit and snacks.",1,3,142955,e6b59e166c02fb68fc6d3a45bc53fe20,1024,1024,RGB,JPEG,107.171142578125,74.09321594238281,True,199
1198,img_01198.jpg,"A back pack by itself next to a backpack with beer, fruit and snacks.",1,4,20101,474edb584cd597782af44daec457fb54,270,270,RGB,JPEG,160.371826171875,69.6493911743164,True,199
1199,img_01199.jpg,"A back pack by itself next to a backpack with beer, fruit and snacks.",1,5,18198,1f3661e1ce0aa8198c747a6b9a5202c3,436,436,RGB,JPEG,98.534912109375,40.36044692993164,True,199
1200,img_01200.jpg,A piece of cake on a plate on a table.,0,0,35707,f85a96c2e6165ad51b6fd6761fd9e7fe,640,426,RGB,JPEG,105.69677734375,57.61821365356445,True,200
1201,img_01201.jpg,A piece of cake on a plate on a table.,1,1,62062,f2b3753e585848cdc92dfe7f15451e26,768,768,RGB,JPEG,141.300537109375,57.771888732910156,True,200
1202,img_01202.jpg,A piece of cake on a plate on a table.,1,2,93195,904f8ede539e7cd34cf905388742e13f,1024,1024,RGB,JPEG,122.327880859375,55.88542556762695,True,200
1203,img_01203.jpg,A piece of cake on a plate on a table.,1,3,101829,5f9e9d43080daa73a09197e029e74b37,1024,1024,RGB,JPEG,155.41552734375,75.11345672607422,True,200
1204,img_01204.jpg,A piece of cake on a plate on a table.,1,4,21199,64c07e02a84935e3b6ef45efeaa4cc0b,270,270,RGB,JPEG,132.689697265625,56.400264739990234,True,200
1205,img_01205.jpg,A piece of cake on a plate on a table.,1,5,25618,1309dd08bd7d9a51e8a2d7d9e2d91567,436,436,RGB,JPEG,115.794189453125,60.616783142089844,True,200
1206,img_01206.jpg,A desktop computer in a kitchen with a lamp next to it.,0,0,37681,40d4c843cd0b57172cdf43ff8b755f3a,426,640,RGB,JPEG,117.457275390625,58.660972595214844,True,201
1207,img_01207.jpg,A desktop computer in a kitchen with a lamp next to it.,1,1,69838,2df6460f72e9915416f2a03f2cb1924f,768,768,RGB,JPEG,120.05908203125,61.37157440185547,True,201
1208,img_01208.jpg,A desktop computer in a kitchen with a lamp next to it.,1,2,69403,4de2e0289b1a2b4fd2e6888dca079283,1024,1024,RGB,JPEG,122.83935546875,45.81206130981445,True,201
1209,img_01209.jpg,A desktop computer in a kitchen with a lamp next to it.,1,3,68595,09d33d13d52a4eb19e33898938c365c6,1024,1024,RGB,JPEG,124.814208984375,80.0348129272461,True,201
1210,img_01210.jpg,A desktop computer in a kitchen with a lamp next to it.,1,4,17807,5010381aca6927a11ccd062e5d32f6a3,270,270,RGB,JPEG,101.998291015625,62.39729690551758,True,201
1211,img_01211.jpg,A desktop computer in a kitchen with a lamp next to it.,1,5,27675,90cd769b018f6abb8e4e412cac7b9755,436,436,RGB,JPEG,78.255859375,60.892757415771484,True,201
1212,img_01212.jpg,A women holding up a very large pair of scissors .,0,0,33921,8353077102c7407e39ec7e27c30c3fe6,480,640,RGB,JPEG,123.54345703125,38.580589294433594,True,202
1213,img_01213.jpg,A women holding up a very large pair of scissors .,1,1,57695,f965517531a1ae41229e17326e6a60c6,768,768,RGB,JPEG,138.30712890625,61.88838195800781,True,202
1214,img_01214.jpg,A women holding up a very large pair of scissors .,1,2,55425,537a36f38b1cb11f55d85f7254f78422,1024,1024,RGB,JPEG,121.726318359375,57.84203338623047,True,202
1215,img_01215.jpg,A women holding up a very large pair of scissors .,1,3,190351,da713ac683b0ff1d37c4f0b7f6856364,1024,1024,RGB,JPEG,133.588623046875,60.18556594848633,True,202
1216,img_01216.jpg,A women holding up a very large pair of scissors .,1,4,14938,2fee0adfaa74a95064b9e53c7859de13,270,270,RGB,JPEG,144.39599609375,69.35515594482422,True,202
1217,img_01217.jpg,A women holding up a very large pair of scissors .,1,5,23726,5724e2344ba838f614c23e95d06f0029,436,436,RGB,JPEG,101.9462890625,51.30128479003906,True,202
1218,img_01218.jpg,A wall mounted oven inside of a kitchen with a large entrance.,0,0,22646,aa61edb0471ec7c6b01753fd278e0773,494,327,RGB,JPEG,167.44775390625,43.78079605102539,True,203
1219,img_01219.jpg,A wall mounted oven inside of a kitchen with a large entrance.,1,1,70335,e17217fbcc8fdfcc1d36cca67330f529,768,768,RGB,JPEG,118.977294921875,43.29134750366211,True,203
1220,img_01220.jpg,A wall mounted oven inside of a kitchen with a large entrance.,1,2,98465,8f90afbda054e3564b09e9aec8aa532d,1024,1024,RGB,JPEG,136.996826171875,45.161460876464844,True,203
1221,img_01221.jpg,A wall mounted oven inside of a kitchen with a large entrance.,1,3,97513,81fa806bd98694ffe2105fc466d3c744,1024,1024,RGB,JPEG,140.443603515625,64.50397491455078,True,203
1222,img_01222.jpg,A wall mounted oven inside of a kitchen with a large entrance.,1,4,17197,80ea414d625fb45e9dbff12b3825b205,270,270,RGB,JPEG,123.785400390625,56.17860794067383,True,203
1223,img_01223.jpg,A wall mounted oven inside of a kitchen with a large entrance.,1,5,21901,cafb5d7e38a6718e79e1197a7a4cfc79,436,436,RGB,JPEG,111.1337890625,47.90202331542969,True,203
1224,img_01224.jpg,this stop sign has many stickers on it,0,0,62245,6e9ca3b61022e29e3287e755c6351af2,640,482,RGB,JPEG,105.382568359375,53.20044708251953,True,204
1225,img_01225.jpg,this stop sign has many stickers on it,1,1,65524,496fd4813096e9f64935e56a0c9211d9,768,768,RGB,JPEG,126.724853515625,65.49371337890625,True,204
1226,img_01226.jpg,this stop sign has many stickers on it,1,2,196093,74b5eee9616f49df80383fddce6db496,1024,1024,RGB,JPEG,110.899658203125,36.92274856567383,True,204
1227,img_01227.jpg,this stop sign has many stickers on it,1,3,195267,dc899b583aa3a9e6f1bf6efa15124174,1024,1024,RGB,JPEG,139.1826171875,56.72065353393555,True,204
1228,img_01228.jpg,this stop sign has many stickers on it,1,4,24846,1036f7a5e474c91dae8f30fc80126724,270,270,RGB,JPEG,101.701416015625,48.91801452636719,True,204
1229,img_01229.jpg,this stop sign has many stickers on it,1,5,29256,0116ee783c53e2149c31751b8ef0a9c7,436,436,RGB,JPEG,103.06201171875,51.24223327636719,True,204
1230,img_01230.jpg,A group of zebras next to each other with two giraffes in the distance.,0,0,67884,b006f9655df8e7e54a0cea96980da00c,640,427,RGB,JPEG,107.027587890625,61.766117095947266,True,205
1231,img_01231.jpg,A group of zebras next to each other with two giraffes in the distance.,1,1,136133,9d3f99a8a6ad48bdaad2fa707d6d3eed,768,768,RGB,JPEG,107.434814453125,50.78776550292969,True,205
1232,img_01232.jpg,A group of zebras next to each other with two giraffes in the distance.,1,2,140634,91db752783f8d7e263a5b229fc0eeb9f,1024,1024,RGB,JPEG,131.330322265625,36.81296920776367,True,205
1233,img_01233.jpg,A group of zebras next to each other with two giraffes in the distance.,1,3,215720,74d8087ec2745dcc51356f7cb8fd5aaa,1024,1024,RGB,JPEG,158.826416015625,53.80962371826172,True,205
1234,img_01234.jpg,A group of zebras next to each other with two giraffes in the distance.,1,4,22073,0d3b9de66eea6fb894c11445d6defc4b,270,270,RGB,JPEG,98.790771484375,61.75786590576172,True,205
1235,img_01235.jpg,A group of zebras next to each other with two giraffes in the distance.,1,5,25313,84fd040d3107867a80ae39f625c202cd,436,436,RGB,JPEG,146.381103515625,53.18864440917969,True,205
1236,img_01236.jpg,Bright room with a couch and various different dressers.,0,0,43926,5bc717d9949b1b55b54984d0a5f5c5c2,640,480,RGB,JPEG,83.496826171875,44.77321243286133,True,206
1237,img_01237.jpg,Bright room with a couch and various different dressers.,1,1,88487,dcda2395d36dedb32ad9f08768f6f3cf,768,768,RGB,JPEG,142.072265625,54.50303268432617,True,206
1238,img_01238.jpg,Bright room with a couch and various different dressers.,1,2,90293,5cbf1509b9f64e263f936202f1c0675d,1024,1024,RGB,JPEG,146.505859375,35.22868347167969,True,206
1239,img_01239.jpg,Bright room with a couch and various different dressers.,1,3,123725,c441ef8f9aa9fd8a74559c2ba00a53c6,1024,1024,RGB,JPEG,167.43798828125,55.78900909423828,True,206
1240,img_01240.jpg,Bright room with a couch and various different dressers.,1,4,20865,5c5b477e8689244e5a5560aeb6c1c0bc,270,270,RGB,JPEG,138.76708984375,56.604881286621094,True,206
1241,img_01241.jpg,Bright room with a couch and various different dressers.,1,5,31043,4b6a24f4d268aa1a96c8877e93300041,436,436,RGB,JPEG,121.4189453125,53.36349105834961,True,206
1242,img_01242.jpg,a man is sitting on a bike next to a bus,0,0,33997,e534ef55541593e32f6f3de12c5b5805,500,333,RGB,JPEG,73.33056640625,42.889591217041016,True,207
1243,img_01243.jpg,a man is sitting on a bike next to a bus,1,1,89787,391ed604327b48187905240ee35fdf8c,768,768,RGB,JPEG,119.286376953125,71.31996154785156,True,207
1244,img_01244.jpg,a man is sitting on a bike next to a bus,1,2,145232,0b494a790c560658c483e475dc0ebdc4,1024,1024,RGB,JPEG,118.161865234375,58.05384063720703,True,207
1245,img_01245.jpg,a man is sitting on a bike next to a bus,1,3,184848,60254c1b0cc5471361e8a8dd86bad742,1024,1024,RGB,JPEG,130.831787109375,74.20921325683594,True,207
1246,img_01246.jpg,a man is sitting on a bike next to a bus,1,4,21960,90110a60066cc2e50adffd91426ed121,270,270,RGB,JPEG,162.1357421875,66.51712799072266,True,207
1247,img_01247.jpg,a man is sitting on a bike next to a bus,1,5,30297,6d2d2567ce9395a2eca385a1e634761e,436,436,RGB,JPEG,83.95703125,46.94777297973633,True,207
1248,img_01248.jpg,A motor bike on a road with people seated on the roadside,0,0,84507,1ec0015a0f343016e6b33d99056d0009,640,424,RGB,JPEG,121.31884765625,53.96742630004883,True,208
1249,img_01249.jpg,A motor bike on a road with people seated on the roadside,1,1,78884,4b7df4ddc73e31617e4b48685b25ed32,768,768,RGB,JPEG,125.991455078125,41.12114334106445,True,208
1250,img_01250.jpg,A motor bike on a road with people seated on the roadside,1,2,135622,d74b576dd1a7599fecb7bd059c25ac3c,1024,1024,RGB,JPEG,125.025634765625,49.29693603515625,True,208
1251,img_01251.jpg,A motor bike on a road with people seated on the roadside,1,3,182255,0bd1fe28344753891edb1d93fb03006b,1024,1024,RGB,JPEG,117.788330078125,55.04840850830078,True,208
1252,img_01252.jpg,A motor bike on a road with people seated on the roadside,1,4,18308,80cc4689f07424d48d2391ac4ac97420,270,270,RGB,JPEG,109.324462890625,63.81664276123047,True,208
1253,img_01253.jpg,A motor bike on a road with people seated on the roadside,1,5,27046,b73862926a1f21f2b1c77dccac1c4427,436,436,RGB,JPEG,153.59033203125,52.708152770996094,True,208
1254,img_01254.jpg,A tour bus is parked on the curb waiting,0,0,52694,ae4fe874dd5ea624731fbf57ff35bea7,640,428,RGB,JPEG,137.83251953125,62.96925354003906,True,209
1255,img_01255.jpg,A tour bus is parked on the curb waiting,1,1,101719,cf7ceab93f98b7c0b8f36c20f6aa8d0f,768,768,RGB,JPEG,140.845947265625,61.3122673034668,True,209
1256,img_01256.jpg,A tour bus is parked on the curb waiting,1,2,145681,17d80d1aa656d3ba0dd38cb8b723a6e4,1024,1024,RGB,JPEG,107.0693359375,48.47254180908203,True,209
1257,img_01257.jpg,A tour bus is parked on the curb waiting,1,3,136612,7c62ec456796b7bd36ec6a616c01a947,1024,1024,RGB,JPEG,106.9453125,63.898807525634766,True,209
1258,img_01258.jpg,A tour bus is parked on the curb waiting,1,4,17438,4bfe9507abde6de1d46f804b344db0d4,270,270,RGB,JPEG,98.5185546875,47.909767150878906,True,209
1259,img_01259.jpg,A tour bus is parked on the curb waiting,1,5,24386,aa61cf6b15579f136190287e5cc5e099,436,436,RGB,JPEG,38.453369140625,34.9945068359375,True,209
1260,img_01260.jpg,An indoor train platform and tracks with a passenger train pulled up next to the platform.,0,0,82224,081b4c067634b989d4453a1128ec42af,640,480,RGB,JPEG,89.6474609375,57.154518127441406,True,210
1261,img_01261.jpg,An indoor train platform and tracks with a passenger train pulled up next to the platform.,1,1,119938,4a55fb75ba36b077b1bdb35744d3ceb6,768,768,RGB,JPEG,143.109130859375,61.76105499267578,True,210
1262,img_01262.jpg,An indoor train platform and tracks with a passenger train pulled up next to the platform.,1,2,138360,bd1a1a27b9c73ec700affc0cd1166667,1024,1024,RGB,JPEG,109.340087890625,49.072715759277344,True,210
1263,img_01263.jpg,An indoor train platform and tracks with a passenger train pulled up next to the platform.,1,3,130053,fe23c244763c52d8aefb2fa2fcd09d23,1024,1024,RGB,JPEG,104.0146484375,77.97647094726562,True,210
1264,img_01264.jpg,An indoor train platform and tracks with a passenger train pulled up next to the platform.,1,4,22007,968631cb43e8debbde9a14b518e561ae,270,270,RGB,JPEG,89.419921875,49.857566833496094,True,210
1265,img_01265.jpg,An indoor train platform and tracks with a passenger train pulled up next to the platform.,1,5,28384,2faf40ae39d25c8105446e096251721e,436,436,RGB,JPEG,74.461669921875,45.52346420288086,True,210
1266,img_01266.jpg,A group of birds eating at a bird feeder,0,0,54390,d6127363daacb8284af6a966261b2efc,640,386,RGB,JPEG,98.26123046875,54.221988677978516,True,211
1267,img_01267.jpg,A group of birds eating at a bird feeder,1,1,88706,cdadea30fd71a01ddcd793b8624fcaf9,768,768,RGB,JPEG,117.789306640625,38.43817138671875,True,211
1268,img_01268.jpg,A group of birds eating at a bird feeder,1,2,67891,a0135064716becb6efb761a830e764e7,1024,1024,RGB,JPEG,136.180908203125,38.75941467285156,True,211
1269,img_01269.jpg,A group of birds eating at a bird feeder,1,3,122199,d4b6de06c662018a9af05ac6b03174ae,1024,1024,RGB,JPEG,158.531494140625,74.27169799804688,True,211
1270,img_01270.jpg,A group of birds eating at a bird feeder,1,4,25581,68a8695cf8e35701928e6861997127c3,270,270,RGB,JPEG,176.471435546875,53.435302734375,True,211
1271,img_01271.jpg,A group of birds eating at a bird feeder,1,5,32584,c3a6b4f31cc57d20e3f6844146d0cdce,436,436,RGB,JPEG,73.828857421875,52.00619125366211,True,211
1272,img_01272.jpg,A car and a motorcycle viewed from through a windshield.,0,0,55215,7a3d3f057e2eab515312996b443bc54d,640,403,RGB,JPEG,113.81396484375,70.87911987304688,True,212
1273,img_01273.jpg,A car and a motorcycle viewed from through a windshield.,1,1,89619,85219f5e5c575481fce5e314a8c3f7b0,768,768,RGB,JPEG,110.18798828125,39.47397232055664,True,212
1274,img_01274.jpg,A car and a motorcycle viewed from through a windshield.,1,2,87590,8f373275c6089b658817f58db9b74750,1024,1024,RGB,JPEG,121.54248046875,56.901519775390625,True,212
1275,img_01275.jpg,A car and a motorcycle viewed from through a windshield.,1,3,111407,8deffac6018b83bcf43613cff8a34780,1024,1024,RGB,JPEG,102.673095703125,73.94583892822266,True,212
1276,img_01276.jpg,A car and a motorcycle viewed from through a windshield.,1,4,15434,50a077b7f39cac564aeb4ce41f6ddddd,270,270,RGB,JPEG,103.205322265625,73.89384460449219,True,212
1277,img_01277.jpg,A car and a motorcycle viewed from through a windshield.,1,5,24480,f361f98ff4fecbea6c605f6b5844dcb5,436,436,RGB,JPEG,126.291015625,51.59309768676758,True,212
1278,img_01278.jpg,Four birds are walking on the sand near water.,0,0,41642,3b6303e84477f2af027702c4e1b90f08,640,480,RGB,JPEG,128.4208984375,41.830345153808594,True,213
1279,img_01279.jpg,Four birds are walking on the sand near water.,1,1,55373,bb02a799a2640077bfd03fff7f6ef1d3,768,768,RGB,JPEG,126.07763671875,28.675495147705078,True,213
1280,img_01280.jpg,Four birds are walking on the sand near water.,1,2,46200,bd6bb9d83bacf413fad5352fe83d8fba,1024,1024,RGB,JPEG,153.440185546875,27.166961669921875,True,213
1281,img_01281.jpg,Four birds are walking on the sand near water.,1,3,113453,a95aa78f23b8c699405370aa7d7dc918,1024,1024,RGB,JPEG,161.929931640625,34.07229995727539,True,213
1282,img_01282.jpg,Four birds are walking on the sand near water.,1,4,19251,78aa7fbc076d535c5026edd4edefc9b3,270,270,RGB,JPEG,161.192138671875,57.2525634765625,True,213
1283,img_01283.jpg,Four birds are walking on the sand near water.,1,5,23433,24b6a48b75e679fb24a44d3c989065f1,436,436,RGB,JPEG,180.2900390625,44.53919219970703,True,213
1284,img_01284.jpg,A group of school supplies and various electronics including a laptop computer all laid out in a display.,0,0,47338,02f52dfa88f12602e611751ceb708357,480,640,RGB,JPEG,96.027587890625,58.36586380004883,True,214
1285,img_01285.jpg,A group of school supplies and various electronics including a laptop computer all laid out in a display.,1,1,86532,79cca17323ff38cded8bdb085982f56b,768,768,RGB,JPEG,116.356201171875,53.71611022949219,True,214
1286,img_01286.jpg,A group of school supplies and various electronics including a laptop computer all laid out in a display.,1,2,92743,76b50de379f20ab41d61bbf0e7f0a1fb,1024,1024,RGB,JPEG,145.2548828125,54.856441497802734,True,214
1287,img_01287.jpg,A group of school supplies and various electronics including a laptop computer all laid out in a display.,1,3,97530,fd042fb08260a77318bb2fb82b3e9f0d,1024,1024,RGB,JPEG,179.018310546875,85.58892822265625,True,214
1288,img_01288.jpg,A group of school supplies and various electronics including a laptop computer all laid out in a display.,1,4,22181,995de4a20ca744f320c03531b31baaed,270,270,RGB,JPEG,92.541748046875,51.53050231933594,True,214
1289,img_01289.jpg,A group of school supplies and various electronics including a laptop computer all laid out in a display.,1,5,32880,07aca15c9afd642facffa047179038c0,436,436,RGB,JPEG,139.45361328125,54.72721862792969,True,214
1290,img_01290.jpg,A giraffe standing next to a tree and some rocks.,0,0,50318,751a7345cbe0597f06b80a110ec3308e,500,375,RGB,JPEG,122.934326171875,38.94731903076172,True,215
1291,img_01291.jpg,A giraffe standing next to a tree and some rocks.,1,1,101183,88f684ca338bca291bbe7d2d5b3bb287,768,768,RGB,JPEG,106.67578125,46.015785217285156,True,215
1292,img_01292.jpg,A giraffe standing next to a tree and some rocks.,1,2,148961,533c4ad040ae960247fb5f4d3baa2bb7,1024,1024,RGB,JPEG,112.877197265625,42.949317932128906,True,215
1293,img_01293.jpg,A giraffe standing next to a tree and some rocks.,1,3,259513,c203e8da3ea78eebdc8a8b28dbbc1bc8,1024,1024,RGB,JPEG,149.975341796875,74.69070434570312,True,215
1294,img_01294.jpg,A giraffe standing next to a tree and some rocks.,1,4,12722,d67fcab33fdfb1efb825d9ea3d4a9909,270,270,RGB,JPEG,178.99365234375,44.369754791259766,True,215
1295,img_01295.jpg,A giraffe standing next to a tree and some rocks.,1,5,31167,8c7a1447dac6fdb19217c5529e1d397d,436,436,RGB,JPEG,91.84765625,68.39282989501953,True,215
1296,img_01296.jpg,A mens bathroom with two uneral's and a tv . ,0,0,32505,d0516d00bf369f6db4104969c9b3fc8a,640,480,RGB,JPEG,105.232666015625,47.332916259765625,True,216
1297,img_01297.jpg,A mens bathroom with two uneral's and a tv . ,1,1,58389,06175f8533a1fc82b739fa29ab23cfc7,768,768,RGB,JPEG,104.23486328125,55.081993103027344,True,216
1298,img_01298.jpg,A mens bathroom with two uneral's and a tv . ,1,2,95685,680367baecd8769c3e5b89a46b296f54,1024,1024,RGB,JPEG,129.436279296875,47.35597229003906,True,216
1299,img_01299.jpg,A mens bathroom with two uneral's and a tv . ,1,3,78808,108e71350140478267b04ce6f44db30f,1024,1024,RGB,JPEG,129.160888671875,69.14691162109375,True,216
1300,img_01300.jpg,A mens bathroom with two uneral's and a tv . ,1,4,21695,6202baf181bf9f7fa68b150b3b5ff43c,270,270,RGB,JPEG,112.216796875,64.0287094116211,True,216
1301,img_01301.jpg,A mens bathroom with two uneral's and a tv . ,1,5,25310,7ce5d3aca54455a71d9a1303c1e4c621,436,436,RGB,JPEG,77.181396484375,35.63993835449219,True,216
1302,img_01302.jpg,Two giraffes are standing next to each other by trees.,0,0,59386,6a0faf7d0da32f51b27930cff1279f0c,640,428,RGB,JPEG,94.669189453125,51.85323715209961,True,217
1303,img_01303.jpg,Two giraffes are standing next to each other by trees.,1,1,121368,69f27976df953e456675026051b1688a,768,768,RGB,JPEG,107.727294921875,55.87860870361328,True,217
1304,img_01304.jpg,Two giraffes are standing next to each other by trees.,1,2,142660,705670b6bcf554cbd7251cbacfefc2f7,1024,1024,RGB,JPEG,116.91357421875,44.38585662841797,True,217
1305,img_01305.jpg,Two giraffes are standing next to each other by trees.,1,3,374236,094ca90b9d888ed8037b8fb9d984be41,1024,1024,RGB,JPEG,129.190185546875,55.05642318725586,True,217
1306,img_01306.jpg,Two giraffes are standing next to each other by trees.,1,4,19928,82a33b42e6b040aa317e0b5716ef3aaf,270,270,RGB,JPEG,153.02880859375,46.67237091064453,True,217
1307,img_01307.jpg,Two giraffes are standing next to each other by trees.,1,5,32215,24ba7d17cd5464e5d21915f90fc695ed,436,436,RGB,JPEG,78.4404296875,36.18838882446289,True,217
1308,img_01308.jpg,A plane on a runway at a small airport.,0,0,48590,a124cdd0e25467a960e20605bcf13914,640,395,RGB,JPEG,126.006591796875,73.19607543945312,True,218
1309,img_01309.jpg,A plane on a runway at a small airport.,1,1,74952,67e17a910e1accbbe1787e4b27849a46,768,768,RGB,JPEG,110.224853515625,37.98480224609375,True,218
1310,img_01310.jpg,A plane on a runway at a small airport.,1,2,60835,0d1e6ec35d4d8c1ec9d9bfe86a418003,1024,1024,RGB,JPEG,145.9384765625,41.07501220703125,True,218
1311,img_01311.jpg,A plane on a runway at a small airport.,1,3,80479,c7f9078a384b2f21e07e4b7605808cae,1024,1024,RGB,JPEG,155.8740234375,38.8323860168457,True,218
1312,img_01312.jpg,A plane on a runway at a small airport.,1,4,18000,b6379d0366f7018b73e43a10376c2758,270,270,RGB,JPEG,140.700927734375,52.94558334350586,True,218
1313,img_01313.jpg,A plane on a runway at a small airport.,1,5,25709,e785c7fdf7ed1dd751494c19740b787c,436,436,RGB,JPEG,94.816162109375,65.8195571899414,True,218
1314,img_01314.jpg,A dog that is on the back of a motorcycle.,0,0,86089,07ba8fdeabbb719713a1b3dc009db5c4,640,445,RGB,JPEG,97.790771484375,60.61934280395508,True,219
1315,img_01315.jpg,A dog that is on the back of a motorcycle.,1,1,87102,0e24711f68f5dbf0f28d3d0163a53dfb,768,768,RGB,JPEG,111.5615234375,53.13594436645508,True,219
1316,img_01316.jpg,A dog that is on the back of a motorcycle.,1,2,111431,4a91d03ec3a44101bee3aee0820c1b59,1024,1024,RGB,JPEG,122.00634765625,45.47578430175781,True,219
1317,img_01317.jpg,A dog that is on the back of a motorcycle.,1,3,142547,be5c98ae9be2d41516a66fe279b4f679,1024,1024,RGB,JPEG,151.22998046875,74.34020233154297,True,219
1318,img_01318.jpg,A dog that is on the back of a motorcycle.,1,4,16916,b45ef53ceea0380a5b4cb2c2d66f5d12,270,270,RGB,JPEG,137.3896484375,67.8945083618164,True,219
1319,img_01319.jpg,A dog that is on the back of a motorcycle.,1,5,26037,8397df16ba9fa5c3596041317571cf97,436,436,RGB,JPEG,87.01708984375,54.081817626953125,True,219
1320,img_01320.jpg,Two people are kissing as they sit on a bench.,0,0,142418,7a01d1d8759a0966c38913e0f9be5472,640,640,RGB,JPEG,83.60498046875,66.22657775878906,True,220
1321,img_01321.jpg,Two people are kissing as they sit on a bench.,1,1,88910,f3f23a4fa5fd1c611b8fd4ab02c51f3b,768,768,RGB,JPEG,113.745361328125,54.855228424072266,True,220
1322,img_01322.jpg,Two people are kissing as they sit on a bench.,1,2,174387,52320d6fb5c258df7afafe9c5470e96f,1024,1024,RGB,JPEG,125.695068359375,45.74155044555664,True,220
1323,img_01323.jpg,Two people are kissing as they sit on a bench.,1,3,148099,2924041a63d5b7fcfe6aa6779dd40477,1024,1024,RGB,JPEG,90.5712890625,65.43060302734375,True,220
1324,img_01324.jpg,Two people are kissing as they sit on a bench.,1,4,20813,f541af7a022a119fe13c1d44af39c1fc,270,270,RGB,JPEG,109.269287109375,42.88090896606445,True,220
1325,img_01325.jpg,Two people are kissing as they sit on a bench.,1,5,21028,7f0ab5c041f3d3acd270731c25a56128,436,436,RGB,JPEG,90.03369140625,60.088645935058594,True,220
1326,img_01326.jpg,A school bus that is stopped and letting children off the bus.,0,0,52308,e2fc2bdcba49c0157a13b827a868ad42,640,426,RGB,JPEG,126.111083984375,52.152565002441406,True,221
1327,img_01327.jpg,A school bus that is stopped and letting children off the bus.,1,1,134958,bd60a2d3d68b62985ee0f6c6a839917d,768,768,RGB,JPEG,128.334716796875,62.799373626708984,True,221
1328,img_01328.jpg,A school bus that is stopped and letting children off the bus.,1,2,145752,20736d67123a15d73912c84864b351d3,1024,1024,RGB,JPEG,105.88427734375,50.056053161621094,True,221
1329,img_01329.jpg,A school bus that is stopped and letting children off the bus.,1,3,166923,1b070c510b34bb3be926a20c8b0f065e,1024,1024,RGB,JPEG,148.359375,79.15768432617188,True,221
1330,img_01330.jpg,A school bus that is stopped and letting children off the bus.,1,4,21393,3743fb43548f692894fce66ecf6048ea,270,270,RGB,JPEG,142.383544921875,59.83857345581055,True,221
1331,img_01331.jpg,A school bus that is stopped and letting children off the bus.,1,5,27165,e6844081eedd42f9206762c8e4dd3f31,436,436,RGB,JPEG,111.606201171875,61.5024299621582,True,221
1332,img_01332.jpg,A kneeling woman takes a photo of a park bench.,0,0,74304,40ebe58b19ad0a5c849c2a87f9568f40,640,511,RGB,JPEG,116.2353515625,36.64438247680664,True,222
1333,img_01333.jpg,A kneeling woman takes a photo of a park bench.,1,1,108517,1bfe1139f231d39e551c8f669e4a4dd5,768,768,RGB,JPEG,114.265380859375,50.85914611816406,True,222
1334,img_01334.jpg,A kneeling woman takes a photo of a park bench.,1,2,139622,043f7f9d0980207ba8149a90c07b92d5,1024,1024,RGB,JPEG,108.250732421875,54.79603958129883,True,222
1335,img_01335.jpg,A kneeling woman takes a photo of a park bench.,1,3,179646,4e07bc79beebbc292e137a61b0872aa4,1024,1024,RGB,JPEG,137.08251953125,62.74755096435547,True,222
1336,img_01336.jpg,A kneeling woman takes a photo of a park bench.,1,4,21008,8e7dde9f6923fa6ff880d5d878b7cd01,270,270,RGB,JPEG,145.791015625,62.66433334350586,True,222
1337,img_01337.jpg,A kneeling woman takes a photo of a park bench.,1,5,29913,1dd7436602ef7b6aea284522a32a92b4,436,436,RGB,JPEG,89.249267578125,49.11458969116211,True,222
1338,img_01338.jpg,A CGI man sitting on top of a CGI hospital bed.,0,0,29738,f49349adf4f15733eeca03d2cae3d8d9,500,286,RGB,JPEG,133.972412109375,65.58841705322266,True,223
1339,img_01339.jpg,A CGI man sitting on top of a CGI hospital bed.,1,1,44929,72d18275d368cedfe50c8962736c159b,768,768,RGB,JPEG,117.031982421875,46.524993896484375,True,223
1340,img_01340.jpg,A CGI man sitting on top of a CGI hospital bed.,1,2,63948,92d466c8a529e8fe1fdad9a94dfad3e4,1024,1024,RGB,JPEG,125.851318359375,36.44424057006836,True,223
1341,img_01341.jpg,A CGI man sitting on top of a CGI hospital bed.,1,3,132993,88043930a4695f3ec1e6c6070d402972,1024,1024,RGB,JPEG,159.346435546875,56.8468017578125,True,223
1342,img_01342.jpg,A CGI man sitting on top of a CGI hospital bed.,1,4,18851,d57e47de4201676d027b1120f0afe284,270,270,RGB,JPEG,107.892822265625,56.97983932495117,True,223
1343,img_01343.jpg,A CGI man sitting on top of a CGI hospital bed.,1,5,16025,b5136700af42b67ed37d3c1d1e11eaeb,436,436,RGB,JPEG,112.444580078125,46.4099235534668,True,223
1344,img_01344.jpg,A blue and white tooth brush sitting on a sink.,0,0,18328,b67d2c9439b85b1addd9406f4d18bba4,640,428,RGB,JPEG,133.035400390625,25.32642364501953,True,224
1345,img_01345.jpg,A blue and white tooth brush sitting on a sink.,1,1,43486,ffc8b670bcbfb4391205f170fe07b207,768,768,RGB,JPEG,128.089111328125,49.262516021728516,True,224
1346,img_01346.jpg,A blue and white tooth brush sitting on a sink.,1,2,50996,e75f845594bba0f752c1bf90c76f5849,1024,1024,RGB,JPEG,160.574462890625,43.08559799194336,True,224
1347,img_01347.jpg,A blue and white tooth brush sitting on a sink.,1,3,51565,53d2908cae9f208a246587df15ae1882,1024,1024,RGB,JPEG,175.963623046875,54.265296936035156,True,224
1348,img_01348.jpg,A blue and white tooth brush sitting on a sink.,1,4,15980,28faebf659c21a8bd306566c46462acf,270,270,RGB,JPEG,144.4111328125,61.629051208496094,True,224
1349,img_01349.jpg,A blue and white tooth brush sitting on a sink.,1,5,16782,6a83903fa746d0e97f454a78c584f698,436,436,RGB,JPEG,139.310302734375,59.40269088745117,True,224
1350,img_01350.jpg,A airplane that is sitting on a tarmac.,0,0,34207,5a93c61019a8d71d5fb9db5610869bcd,640,425,RGB,JPEG,154.20849609375,76.87196350097656,True,225
1351,img_01351.jpg,A airplane that is sitting on a tarmac.,1,1,60090,22de79e79b68d6bc356d4b6bf0ad03a7,768,768,RGB,JPEG,120.910400390625,43.34598159790039,True,225
1352,img_01352.jpg,A airplane that is sitting on a tarmac.,1,2,92324,97366231fd52699c95f5c86385da08aa,1024,1024,RGB,JPEG,139.02001953125,44.06216049194336,True,225
1353,img_01353.jpg,A airplane that is sitting on a tarmac.,1,3,71675,12eed5391de8f6495d71471cf18355bf,1024,1024,RGB,JPEG,174.595703125,50.30598449707031,True,225
1354,img_01354.jpg,A airplane that is sitting on a tarmac.,1,4,18585,d8abd9f8bc72bec2e4d92a6d6e96c8ac,270,270,RGB,JPEG,123.3994140625,64.97440338134766,True,225
1355,img_01355.jpg,A airplane that is sitting on a tarmac.,1,5,16446,cae7c82d4e80ff013d6cbd985751da7a,436,436,RGB,JPEG,179.48388671875,50.87233352661133,True,225
1356,img_01356.jpg,A cat sitting on top of an old abandoned car. ,0,0,61947,21d29891fc28e58b43161a9a486da69c,640,480,RGB,JPEG,128.248291015625,70.79358673095703,True,226
1357,img_01357.jpg,A cat sitting on top of an old abandoned car. ,1,1,102237,18c447178324dc88b72aa6412d8cc420,768,768,RGB,JPEG,102.632568359375,63.3018684387207,True,226
1358,img_01358.jpg,A cat sitting on top of an old abandoned car. ,1,2,131853,133367bce6a7430f1b6a69845f72eb3e,1024,1024,RGB,JPEG,98.364013671875,45.12482833862305,True,226
1359,img_01359.jpg,A cat sitting on top of an old abandoned car. ,1,3,123036,ee6a1b2ab928a24fddd314b9eeda338f,1024,1024,RGB,JPEG,141.36865234375,75.17092895507812,True,226
1360,img_01360.jpg,A cat sitting on top of an old abandoned car. ,1,4,18379,4d6e8110c8d0eb5b572efcc3d00acabb,270,270,RGB,JPEG,106.411865234375,64.70475006103516,True,226
1361,img_01361.jpg,A cat sitting on top of an old abandoned car. ,1,5,21872,d0c38cda6c6771c2842e09772c9752db,436,436,RGB,JPEG,132.2958984375,77.80796813964844,True,226
1362,img_01362.jpg,A laptop on a desk in a room.,0,0,68873,5bdc30b181f360b6a981406b93eec6c2,480,640,RGB,JPEG,117.743896484375,58.365386962890625,True,227
1363,img_01363.jpg,A laptop on a desk in a room.,1,1,65626,56a004e78158a5e3a1bb1e78eaf6fe6f,768,768,RGB,JPEG,106.0478515625,49.06718063354492,True,227
1364,img_01364.jpg,A laptop on a desk in a room.,1,2,72816,42ea9c518d96785322dada838279528a,1024,1024,RGB,JPEG,137.784912109375,54.52412033081055,True,227
1365,img_01365.jpg,A laptop on a desk in a room.,1,3,68272,058880889cc3baaca58b2aec9e38d381,1024,1024,RGB,JPEG,132.837158203125,66.3281021118164,True,227
1366,img_01366.jpg,A laptop on a desk in a room.,1,4,16201,cc7b570577fb054e10d25bdca68e7ed1,270,270,RGB,JPEG,108.503662109375,66.37263488769531,True,227
1367,img_01367.jpg,A laptop on a desk in a room.,1,5,32430,a4758616c25680bbd81a413a2df143c9,436,436,RGB,JPEG,105.800537109375,63.554019927978516,True,227
1368,img_01368.jpg,a building with some trees surrounding it ,0,0,67968,f6afff975561b666796b8441f1cf12ef,640,493,RGB,JPEG,122.232666015625,60.9868278503418,True,228
1369,img_01369.jpg,a building with some trees surrounding it ,1,1,155837,46957532283c2ffd6ae2fbcb0b50ad6c,768,768,RGB,JPEG,109.0732421875,63.151676177978516,True,228
1370,img_01370.jpg,a building with some trees surrounding it ,1,2,185950,7c742bd453fc282fc4a3e08bf0f3bda8,1024,1024,RGB,JPEG,101.41162109375,55.60478210449219,True,228
1371,img_01371.jpg,a building with some trees surrounding it ,1,3,152229,14db20d7acc8278d550fbe86b058aeab,1024,1024,RGB,JPEG,148.83935546875,80.71744537353516,True,228
1372,img_01372.jpg,a building with some trees surrounding it ,1,4,17337,3c75a567250ebce147ec6e4caa092c5a,270,270,RGB,JPEG,122.190185546875,58.60408020019531,True,228
1373,img_01373.jpg,a building with some trees surrounding it ,1,5,37747,2e9373d3a43968fe3664f1be54430bea,436,436,RGB,JPEG,108.818359375,50.516727447509766,True,228
1374,img_01374.jpg,Two street signs are shown against more buildings.,0,0,45194,b6b1741a6162d064e22e4f8b3b0d1d27,640,427,RGB,JPEG,106.50439453125,62.19276428222656,True,229
1375,img_01375.jpg,Two street signs are shown against more buildings.,1,1,93052,c1583a90a68068ff0217bdf969b6cbd8,768,768,RGB,JPEG,120.367919921875,56.519065856933594,True,229
1376,img_01376.jpg,Two street signs are shown against more buildings.,1,2,114635,caef78e1d0d5b9fcf3d8a7216d1ad672,1024,1024,RGB,JPEG,111.956298828125,44.83036804199219,True,229
1377,img_01377.jpg,Two street signs are shown against more buildings.,1,3,198941,22dd5c2de18ef4d1c75b9a7dc4eddf4c,1024,1024,RGB,JPEG,120.734130859375,69.5294189453125,True,229
1378,img_01378.jpg,Two street signs are shown against more buildings.,1,4,24140,9918ea680b14177d5d4de076890d865e,270,270,RGB,JPEG,131.43701171875,57.277400970458984,True,229
1379,img_01379.jpg,Two street signs are shown against more buildings.,1,5,27555,5cbac070634a661b55724ed14a41b070,436,436,RGB,JPEG,86.18310546875,51.78981399536133,True,229
1380,img_01380.jpg,A white toilet sitting inside of a bathroom.,0,0,23875,dcdfc5d681224b6c393b71336e4098bb,500,375,RGB,JPEG,128.002197265625,37.650306701660156,True,230
1381,img_01381.jpg,A white toilet sitting inside of a bathroom.,1,1,58322,4f5f601f9f3b32fcd23309141c7ad36e,768,768,RGB,JPEG,141.0791015625,60.75223922729492,True,230
1382,img_01382.jpg,A white toilet sitting inside of a bathroom.,1,2,61883,52faf39ac6773d8703b6e22ad3201cac,1024,1024,RGB,JPEG,164.2578125,33.12821960449219,True,230
1383,img_01383.jpg,A white toilet sitting inside of a bathroom.,1,3,76845,44d7a3f65e2d4353b8d7618982322844,1024,1024,RGB,JPEG,152.5966796875,63.01491165161133,True,230
1384,img_01384.jpg,A white toilet sitting inside of a bathroom.,1,4,15894,e099fdec8907d66fa90348b446534227,270,270,RGB,JPEG,119.17626953125,66.77668762207031,True,230
1385,img_01385.jpg,A white toilet sitting inside of a bathroom.,1,5,17164,23ae7a2f51792d2b8ac81e1062c4bf84,436,436,RGB,JPEG,184.7451171875,38.072879791259766,True,230
1386,img_01386.jpg,a big bus driving down the road next to another bus ,0,0,67049,7596d34c6ecc8a6c721c82ef6e61fd49,640,425,RGB,JPEG,100.364013671875,56.37820816040039,True,231
1387,img_01387.jpg,a big bus driving down the road next to another bus ,1,1,97122,bda6867a970a55c5db01f6fb5966c623,768,768,RGB,JPEG,103.4775390625,45.950374603271484,True,231
1388,img_01388.jpg,a big bus driving down the road next to another bus ,1,2,136743,ea281defb4dd4143f6577f5c1b33b260,1024,1024,RGB,JPEG,114.847412109375,51.49357986450195,True,231
1389,img_01389.jpg,a big bus driving down the road next to another bus ,1,3,170722,55b4bae0b04c1064e8b7e06b23c58eaa,1024,1024,RGB,JPEG,120.486083984375,63.744483947753906,True,231
1390,img_01390.jpg,a big bus driving down the road next to another bus ,1,4,20741,0c8088f1906aa4242b63e325ad4e773e,270,270,RGB,JPEG,120.6640625,50.9024658203125,True,231
1391,img_01391.jpg,a big bus driving down the road next to another bus ,1,5,29860,994380e71642124cac42753784a274ac,436,436,RGB,JPEG,92.228759765625,50.31883239746094,True,231
1392,img_01392.jpg,A train with several cars is going around a corner.,0,0,32906,7547631ecf52fe9b774b185369c64849,471,500,RGB,JPEG,134.507568359375,67.88690948486328,True,232
1393,img_01393.jpg,A train with several cars is going around a corner.,1,1,145353,dcc43e3e9933851eb0d25de1e0332f3e,768,768,RGB,JPEG,116.824951171875,49.49332809448242,True,232
1394,img_01394.jpg,A train with several cars is going around a corner.,1,2,180227,830b78beb56abcf7c0da901ec401581c,1024,1024,RGB,JPEG,97.3828125,43.0116081237793,True,232
1395,img_01395.jpg,A train with several cars is going around a corner.,1,3,320913,f28eb75e052b90ec64931bdae921022f,1024,1024,RGB,JPEG,123.86328125,34.89499282836914,True,232
1396,img_01396.jpg,A train with several cars is going around a corner.,1,4,17801,95ed3b1e73c6d28b39665230408e4c4d,270,270,RGB,JPEG,119.01806640625,54.82180404663086,True,232
1397,img_01397.jpg,A train with several cars is going around a corner.,1,5,33540,0a6199b8b0a521904086c03ce8a99943,436,436,RGB,JPEG,107.9892578125,45.8543586730957,True,232
1398,img_01398.jpg,A cat sits on a bench next to another bench.,0,0,51486,2d6d14d10d63df39ceb0e9f1be36381c,481,640,RGB,JPEG,126.663818359375,73.27406311035156,True,233
1399,img_01399.jpg,A cat sits on a bench next to another bench.,1,1,84499,5d0ccd0d7b910b60b9273ad3d2ffed88,768,768,RGB,JPEG,126.073486328125,53.36606216430664,True,233
1400,img_01400.jpg,A cat sits on a bench next to another bench.,1,2,98716,d75abbf73b6280d3422db0781b340ff8,1024,1024,RGB,JPEG,104.554931640625,43.367889404296875,True,233
1401,img_01401.jpg,A cat sits on a bench next to another bench.,1,3,116665,4b05ea5e85c7cd618a7dbd750158c864,1024,1024,RGB,JPEG,128.92333984375,69.16673278808594,True,233
1402,img_01402.jpg,A cat sits on a bench next to another bench.,1,4,18597,a1e1a06e815b1f1d006160e959894ec7,270,270,RGB,JPEG,90.461669921875,53.87688446044922,True,233
1403,img_01403.jpg,A cat sits on a bench next to another bench.,1,5,26678,f3580e221ece2b4c33c52a39298c5e98,436,436,RGB,JPEG,102.0458984375,59.1768913269043,True,233
1404,img_01404.jpg,A kitchen with a wooden table  with a cat sleeping on top of it.,0,0,76910,358ad6e6b8aa14b06fb13855837f63bb,640,480,RGB,JPEG,108.345458984375,55.432220458984375,True,234
1405,img_01405.jpg,A kitchen with a wooden table  with a cat sleeping on top of it.,1,1,84240,adfbfee133d0846a450848ab3bb497be,768,768,RGB,JPEG,135.830810546875,61.86667251586914,True,234
1406,img_01406.jpg,A kitchen with a wooden table  with a cat sleeping on top of it.,1,2,108957,e50abadb16753c8bc4a8fe762be9029f,1024,1024,RGB,JPEG,130.689208984375,54.17156219482422,True,234
1407,img_01407.jpg,A kitchen with a wooden table  with a cat sleeping on top of it.,1,3,109457,eb4e3f1736b85b25d21ef99a42700fd9,1024,1024,RGB,JPEG,133.271240234375,67.5777816772461,True,234
1408,img_01408.jpg,A kitchen with a wooden table  with a cat sleeping on top of it.,1,4,18499,4dda6ee0ab8c78d16cda2290b9abc748,270,270,RGB,JPEG,89.049560546875,59.655113220214844,True,234
1409,img_01409.jpg,A kitchen with a wooden table  with a cat sleeping on top of it.,1,5,34615,8e7eafe032c7cd033cb3335ab8ce3931,436,436,RGB,JPEG,110.73974609375,62.83268356323242,True,234
1410,img_01410.jpg,A traffic light with the letter B written on it.,0,0,29600,103a5f3754e738b2024759fffe03f8a6,333,500,RGB,JPEG,117.3515625,58.21717834472656,True,235
1411,img_01411.jpg,A traffic light with the letter B written on it.,1,1,65596,b41ab865f156e24996f1c81c1b0d065d,768,768,RGB,JPEG,119.98193359375,45.28794479370117,True,235
1412,img_01412.jpg,A traffic light with the letter B written on it.,1,2,65978,c7ff1c0c5dbe96fef7f3b712e86f7697,1024,1024,RGB,JPEG,138.972412109375,47.42236328125,True,235
1413,img_01413.jpg,A traffic light with the letter B written on it.,1,3,80436,2e9e5ae72e50687e9ca94cd72cacea9f,1024,1024,RGB,JPEG,135.83349609375,93.7103500366211,True,235
1414,img_01414.jpg,A traffic light with the letter B written on it.,1,4,13563,e99da8a8a8378be5d05a87c4e8433786,270,270,RGB,JPEG,73.037109375,56.024471282958984,True,235
1415,img_01415.jpg,A traffic light with the letter B written on it.,1,5,20988,47a3fc4d7d905a291f55a340503f5690,436,436,RGB,JPEG,74.340576171875,64.12516784667969,True,235
1416,img_01416.jpg,A giraffe running across a desert plain at a high speed.,0,0,29494,6606d97e6c242486bcd57ce7e1c444ea,640,427,RGB,JPEG,153.82421875,50.2261962890625,True,236
1417,img_01417.jpg,A giraffe running across a desert plain at a high speed.,1,1,65262,c5cb1a0a16b15b628caa9dc291f40652,768,768,RGB,JPEG,113.64501953125,30.80201530456543,True,236
1418,img_01418.jpg,A giraffe running across a desert plain at a high speed.,1,2,82720,4469b8ec7b6ee02f55dac48a36f12f88,1024,1024,RGB,JPEG,153.22021484375,31.6319522857666,True,236
1419,img_01419.jpg,A giraffe running across a desert plain at a high speed.,1,3,118205,96db51f544e5d89358b053977edae86e,1024,1024,RGB,JPEG,183.9130859375,49.33025360107422,True,236
1420,img_01420.jpg,A giraffe running across a desert plain at a high speed.,1,4,10532,746c0b452381d1eaff4c74a640b0e15c,270,270,RGB,JPEG,176.28369140625,49.905914306640625,True,236
1421,img_01421.jpg,A giraffe running across a desert plain at a high speed.,1,5,12958,a10b74eb61795bd1da323fbcd267c7f7,436,436,RGB,JPEG,173.984130859375,25.04195785522461,True,236
1422,img_01422.jpg,A bathtub with candles lit up around it and a stool next to it.,0,0,20082,32788e6279b3b2b1e248e4afb6107b5c,640,443,RGB,JPEG,94.298095703125,37.134010314941406,True,237
1423,img_01423.jpg,A bathtub with candles lit up around it and a stool next to it.,1,1,62615,e555bd24a63dbdcd88f3acd518d48cb0,768,768,RGB,JPEG,112.84375,45.112308502197266,True,237
1424,img_01424.jpg,A bathtub with candles lit up around it and a stool next to it.,1,2,62757,1b892dcef2ebc9df41c68d9766088ae9,1024,1024,RGB,JPEG,118.488525390625,36.114009857177734,True,237
1425,img_01425.jpg,A bathtub with candles lit up around it and a stool next to it.,1,3,87252,eea13424cf61877438471477d5ca8a8b,1024,1024,RGB,JPEG,113.0498046875,44.56221008300781,True,237
1426,img_01426.jpg,A bathtub with candles lit up around it and a stool next to it.,1,4,14613,7a3622c4c67ce116603207feef3f43b3,270,270,RGB,JPEG,74.3828125,52.47323226928711,True,237
1427,img_01427.jpg,A bathtub with candles lit up around it and a stool next to it.,1,5,22186,97925214f208946b814fc997d864939e,436,436,RGB,JPEG,91.3916015625,41.34653091430664,True,237
1428,img_01428.jpg,A man is straightening his tie in front of a mirror.,0,0,49345,d2402d32b90bba3872753c484e6aef35,640,427,RGB,JPEG,103.828857421875,77.76466369628906,True,238
1429,img_01429.jpg,A man is straightening his tie in front of a mirror.,1,1,32218,36e4c23ca6d566cf71efae6cf2c43254,768,768,RGB,JPEG,121.217041015625,56.68312454223633,True,238
1430,img_01430.jpg,A man is straightening his tie in front of a mirror.,1,2,123800,bbaf633282c8269f3cc5c6333a988ae9,1024,1024,RGB,JPEG,128.09912109375,41.382965087890625,True,238
1431,img_01431.jpg,A man is straightening his tie in front of a mirror.,1,3,73212,716b359758cc4b38d87df09f05e09bf2,1024,1024,RGB,JPEG,138.45166015625,84.11754608154297,True,238
1432,img_01432.jpg,A man is straightening his tie in front of a mirror.,1,4,14361,e3bfea1fa32211324a181856ab4904cd,270,270,RGB,JPEG,77.75634765625,64.0511703491211,True,238
1433,img_01433.jpg,A man is straightening his tie in front of a mirror.,1,5,15425,4991bcbef1ed63aa1312dae3a3fd1ef0,436,436,RGB,JPEG,34.7138671875,41.914306640625,True,238
1434,img_01434.jpg,A train station with three trains and men waiting to board.,0,0,88088,a91d1fe708c030f6118566e6771cda63,640,435,RGB,JPEG,119.707275390625,52.36156463623047,True,239
1435,img_01435.jpg,A train station with three trains and men waiting to board.,1,1,107271,c447250659f18cfc333858725ce7207c,768,768,RGB,JPEG,115.212890625,68.97242736816406,True,239
1436,img_01436.jpg,A train station with three trains and men waiting to board.,1,2,139620,16e9949da5d646e90a513a2b5c001c08,1024,1024,RGB,JPEG,110.721923828125,48.682281494140625,True,239
1437,img_01437.jpg,A train station with three trains and men waiting to board.,1,3,180674,e13693314032d2a3ff8ccc47b3168a43,1024,1024,RGB,JPEG,99.8046875,67.96337127685547,True,239
1438,img_01438.jpg,A train station with three trains and men waiting to board.,1,4,20493,d5f8a2202f143be635363ab0d15e010e,270,270,RGB,JPEG,118.882080078125,53.629329681396484,True,239
1439,img_01439.jpg,A train station with three trains and men waiting to board.,1,5,22569,1a2c2e0e08d7c649d9112fc492fd5b57,436,436,RGB,JPEG,84.9267578125,68.32048034667969,True,239
1440,img_01440.jpg,"The tall, adult giraffe stands behind a fence near a wooden pole.",0,0,118870,549c3982d300b9792586edca9c658289,427,640,RGB,JPEG,113.85302734375,57.64588928222656,True,240
1441,img_01441.jpg,"The tall, adult giraffe stands behind a fence near a wooden pole.",1,1,92640,fad72dfa6d9bbb1329d10b8d7baf0d74,768,768,RGB,JPEG,126.610595703125,50.470947265625,True,240
1442,img_01442.jpg,"The tall, adult giraffe stands behind a fence near a wooden pole.",1,2,126514,c58db15704b4b0a06f23dbd9c2fdddd5,1024,1024,RGB,JPEG,111.67529296875,33.12217712402344,True,240
1443,img_01443.jpg,"The tall, adult giraffe stands behind a fence near a wooden pole.",1,3,155131,49821997b189d6228d0e1b2ae5547e85,1024,1024,RGB,JPEG,166.32470703125,57.580204010009766,True,240
1444,img_01444.jpg,"The tall, adult giraffe stands behind a fence near a wooden pole.",1,4,17982,528dfdf4f773eaf1a16470bfbe1db544,270,270,RGB,JPEG,158.301025390625,52.207603454589844,True,240
1445,img_01445.jpg,"The tall, adult giraffe stands behind a fence near a wooden pole.",1,5,23897,bbc366062b2fe0cfea8dd5e7e734b7fb,436,436,RGB,JPEG,104.565185546875,51.86669158935547,True,240
1446,img_01446.jpg,A man riding a white scooter down a street with a woman on the back.,0,0,31643,c3fca69e189665464130a82f3dd3537f,640,635,RGB,JPEG,54.627197265625,60.145572662353516,True,241
1447,img_01447.jpg,A man riding a white scooter down a street with a woman on the back.,1,1,93152,b256560e84abd8c8502b72cd249ba9da,768,768,RGB,JPEG,127.449462890625,63.655364990234375,True,241
1448,img_01448.jpg,A man riding a white scooter down a street with a woman on the back.,1,2,97029,d6d9a94e38dce7321308e14916f7450f,1024,1024,RGB,JPEG,120.474609375,54.491207122802734,True,241
1449,img_01449.jpg,A man riding a white scooter down a street with a woman on the back.,1,3,144442,80409666977f3f3d1362e980b37765f1,1024,1024,RGB,JPEG,101.8505859375,66.1249008178711,True,241
1450,img_01450.jpg,A man riding a white scooter down a street with a woman on the back.,1,4,17454,04a3b91ef21488402b5f3c2050edf749,270,270,RGB,JPEG,128.74560546875,63.63471603393555,True,241
1451,img_01451.jpg,A man riding a white scooter down a street with a woman on the back.,1,5,28690,1cea4c60c06565dc96ba574415373f81,436,436,RGB,JPEG,114.93310546875,54.32415008544922,True,241
1452,img_01452.jpg,A stop sign with words substituted for each of the letters. ,0,0,30703,df32f6545fb4fa994e5356ec5dc47acc,640,480,RGB,JPEG,99.33837890625,59.327659606933594,True,242
1453,img_01453.jpg,A stop sign with words substituted for each of the letters. ,1,1,62068,336351a2b7edc499ed201b50ffca00ed,768,768,RGB,JPEG,132.81689453125,49.83652114868164,True,242
1454,img_01454.jpg,A stop sign with words substituted for each of the letters. ,1,2,90757,7b01558ac46dcc2f1b22e2c7ec8d7885,1024,1024,RGB,JPEG,107.679931640625,44.38255310058594,True,242
1455,img_01455.jpg,A stop sign with words substituted for each of the letters. ,1,3,164741,087c7335bbd0a1eb13118e6a8e2d8996,1024,1024,RGB,JPEG,113.5390625,56.43206787109375,True,242
1456,img_01456.jpg,A stop sign with words substituted for each of the letters. ,1,4,19662,560d757183f772bbeb4cfbfe17d159e7,270,270,RGB,JPEG,109.09716796875,63.30436706542969,True,242
1457,img_01457.jpg,A stop sign with words substituted for each of the letters. ,1,5,25549,3af2965c0c3303ecb6f3e7b457a40800,436,436,RGB,JPEG,156.091796875,62.50185012817383,True,242
1458,img_01458.jpg,A person walking in the rain on the sidewalk. ,0,0,90226,4c1fdbcf5daea2489b568cd245a4311f,640,479,RGB,JPEG,56.070068359375,27.463333129882812,True,243
1459,img_01459.jpg,A person walking in the rain on the sidewalk. ,1,1,64688,1d54b46ddb4b1575bb2e09c5dcc4b575,768,768,RGB,JPEG,96.48046875,62.26032638549805,True,243
1460,img_01460.jpg,A person walking in the rain on the sidewalk. ,1,2,139121,5bc7086a2d332ab0c6b72949985b0b89,1024,1024,RGB,JPEG,86.32470703125,38.97629928588867,True,243
1461,img_01461.jpg,A person walking in the rain on the sidewalk. ,1,3,156320,91108f64b729fb68299a651a1913a7b1,1024,1024,RGB,JPEG,121.360595703125,79.51119232177734,True,243
1462,img_01462.jpg,A person walking in the rain on the sidewalk. ,1,4,16408,9be94f0b338a3976d6f29de292fb7f3b,270,270,RGB,JPEG,147.41259765625,62.24809265136719,True,243
1463,img_01463.jpg,A person walking in the rain on the sidewalk. ,1,5,24127,6a8ad1f407c068b8fd387bab00b24860,436,436,RGB,JPEG,75.931640625,46.0573844909668,True,243
1464,img_01464.jpg,a bluish motorcycle parked on sidewalk in park,0,0,75241,440ada12facb80ef8e6b0f9c1d163bb1,640,427,RGB,JPEG,110.084716796875,45.77633285522461,True,244
1465,img_01465.jpg,a bluish motorcycle parked on sidewalk in park,1,1,157666,4c0119b1b891b88e71cc3c4f28210eb4,768,768,RGB,JPEG,127.04150390625,54.03840637207031,True,244
1466,img_01466.jpg,a bluish motorcycle parked on sidewalk in park,1,2,135295,5c48a04c818ead586ec946d459949741,1024,1024,RGB,JPEG,111.164794921875,53.66850662231445,True,244
1467,img_01467.jpg,a bluish motorcycle parked on sidewalk in park,1,3,157101,0db656d398beb631f572223aebe7367d,1024,1024,RGB,JPEG,150.36865234375,81.77157592773438,True,244
1468,img_01468.jpg,a bluish motorcycle parked on sidewalk in park,1,4,23446,dba30fb63d265e3d8dd553c8681f0ea7,270,270,RGB,JPEG,108.1767578125,59.869789123535156,True,244
1469,img_01469.jpg,a bluish motorcycle parked on sidewalk in park,1,5,29953,f91a09bb87138d3517f6b0204aa14cb7,436,436,RGB,JPEG,89.171142578125,50.912960052490234,True,244
1470,img_01470.jpg,All of the people have their motorcycles parked.,0,0,102308,6b3dfa3a3a813b06595e778120b87a4e,640,588,RGB,JPEG,115.29736328125,63.827911376953125,True,245
1471,img_01471.jpg,All of the people have their motorcycles parked.,1,1,141455,35b083ab872f0919b9c14129cad14391,768,768,RGB,JPEG,109.50830078125,51.43320083618164,True,245
1472,img_01472.jpg,All of the people have their motorcycles parked.,1,2,153879,fec183e7c84389218f7953f64e1629a6,1024,1024,RGB,JPEG,85.1728515625,35.163429260253906,True,245
1473,img_01473.jpg,All of the people have their motorcycles parked.,1,3,203920,42d9fb37444ff4245938d630e7aab22a,1024,1024,RGB,JPEG,153.305419921875,61.22188949584961,True,245
1474,img_01474.jpg,All of the people have their motorcycles parked.,1,4,21435,d702a686f67629b494ad4a1b22f1c60a,270,270,RGB,JPEG,89.51806640625,49.56703186035156,True,245
1475,img_01475.jpg,All of the people have their motorcycles parked.,1,5,35738,807b9582aec9c4784c99a32ab966e3f8,436,436,RGB,JPEG,74.6171875,51.11576461791992,True,245
1476,img_01476.jpg,Two ducks stand in shallow water and cast shadows,0,0,35177,60693562e09ff17d9dcba11ed8a02f74,640,427,RGB,JPEG,78.933349609375,36.815834045410156,True,246
1477,img_01477.jpg,Two ducks stand in shallow water and cast shadows,1,1,82071,ed7c5a4ab9235bcb6d9af8fd924fe0a5,768,768,RGB,JPEG,126.8154296875,28.945810317993164,True,246
1478,img_01478.jpg,Two ducks stand in shallow water and cast shadows,1,2,80143,fbed6c3d393db753538bb9e16c24991f,1024,1024,RGB,JPEG,134.771484375,48.54069137573242,True,246
1479,img_01479.jpg,Two ducks stand in shallow water and cast shadows,1,3,131377,6c6293a080236ab4dabf9e4f662927f7,1024,1024,RGB,JPEG,147.4619140625,38.84775161743164,True,246
1480,img_01480.jpg,Two ducks stand in shallow water and cast shadows,1,4,16226,792d5484a95f2e128ea0d0dd1ef4734d,270,270,RGB,JPEG,94.5439453125,62.09026336669922,True,246
1481,img_01481.jpg,Two ducks stand in shallow water and cast shadows,1,5,27507,701830804a29cf8bf924f8d234fea421,436,436,RGB,JPEG,131.62255859375,51.39577102661133,True,246
1482,img_01482.jpg,A young girl washing her hands at a sink while someone watches.,0,0,39020,0c2b743177481834a08f1a30e2705a1e,480,640,RGB,JPEG,112.699951171875,45.460811614990234,True,247
1483,img_01483.jpg,A young girl washing her hands at a sink while someone watches.,1,1,63050,371d3859daf646a1ea2f3e2155703618,768,768,RGB,JPEG,122.23681640625,63.2045783996582,True,247
1484,img_01484.jpg,A young girl washing her hands at a sink while someone watches.,1,2,81250,db72069d79593f3ead403aa4163fe7a8,1024,1024,RGB,JPEG,129.732421875,43.44008255004883,True,247
1485,img_01485.jpg,A young girl washing her hands at a sink while someone watches.,1,3,92417,06e27c1ad270f38a9f420ecbf474b5dd,1024,1024,RGB,JPEG,157.227294921875,65.18090057373047,True,247
1486,img_01486.jpg,A young girl washing her hands at a sink while someone watches.,1,4,15563,dda32170e1a3a8559f60b707539704f0,270,270,RGB,JPEG,137.26953125,58.98748779296875,True,247
1487,img_01487.jpg,A young girl washing her hands at a sink while someone watches.,1,5,23837,6abba2f7acbd0928b4e81a22a4dfdccf,436,436,RGB,JPEG,106.07275390625,50.282955169677734,True,247
1488,img_01488.jpg,Mirror view of a bathroom with a sink and tub.,0,0,19988,a2ef41a1834346c8ac5d11c8e0141023,425,640,RGB,JPEG,124.333251953125,45.27565383911133,True,248
1489,img_01489.jpg,Mirror view of a bathroom with a sink and tub.,1,1,44727,b5084f6ee47f49ff21f480f49d4b507c,768,768,RGB,JPEG,127.853515625,49.11933517456055,True,248
1490,img_01490.jpg,Mirror view of a bathroom with a sink and tub.,1,2,77881,f5d6a65150851f45ac5566937accc2c2,1024,1024,RGB,JPEG,141.713134765625,42.70147705078125,True,248
1491,img_01491.jpg,Mirror view of a bathroom with a sink and tub.,1,3,64300,69415bbac30d206dfb54fa3a7b5ac361,1024,1024,RGB,JPEG,164.164306640625,45.75688552856445,True,248
1492,img_01492.jpg,Mirror view of a bathroom with a sink and tub.,1,4,18822,4f35cc6397112e59579eddb1a8735205,270,270,RGB,JPEG,99.14013671875,59.1440544128418,True,248
1493,img_01493.jpg,Mirror view of a bathroom with a sink and tub.,1,5,19517,1f0f2523524631ebbb97d64d52372781,436,436,RGB,JPEG,116.23779296875,45.82001876831055,True,248
1494,img_01494.jpg,A train pulling into a station with a red bench seat.,0,0,64614,86f2a2a7e64689357d508928323e4a01,640,480,RGB,JPEG,82.4140625,55.53688430786133,True,249
1495,img_01495.jpg,A train pulling into a station with a red bench seat.,1,1,114347,9ed42ad5e0074f0c23e1191dfe165137,768,768,RGB,JPEG,114.43896484375,57.241119384765625,True,249
1496,img_01496.jpg,A train pulling into a station with a red bench seat.,1,2,137267,75e397f296704ba02ce764a8b249e1ae,1024,1024,RGB,JPEG,99.69873046875,49.33500671386719,True,249
1497,img_01497.jpg,A train pulling into a station with a red bench seat.,1,3,198196,fa28e1552017fd85891a67860dcd354d,1024,1024,RGB,JPEG,92.18798828125,63.77706527709961,True,249
1498,img_01498.jpg,A train pulling into a station with a red bench seat.,1,4,21135,0ae17c7fe1dd101581c2930542ed5a11,270,270,RGB,JPEG,107.487548828125,55.40751266479492,True,249
1499,img_01499.jpg,A train pulling into a station with a red bench seat.,1,5,33000,87cd55c65f99cb151e1bd1346df62638,436,436,RGB,JPEG,75.60205078125,63.452022552490234,True,249
1500,img_01500.jpg,A little girl sitting on the side of a fence.,0,0,77452,3e2ef75dcec23e44908e5f878356ac22,640,480,RGB,JPEG,125.914306640625,55.744781494140625,True,250
1501,img_01501.jpg,A little girl sitting on the side of a fence.,1,1,73453,7bff731260e4a5358ec989936fe3d8ae,768,768,RGB,JPEG,115.9658203125,32.42530059814453,True,250
1502,img_01502.jpg,A little girl sitting on the side of a fence.,1,2,112476,72c421ce13f48e0f1291067a4dbe28ee,1024,1024,RGB,JPEG,105.909912109375,34.61123275756836,True,250
1503,img_01503.jpg,A little girl sitting on the side of a fence.,1,3,150499,df2c1a2803ea4f50f853df47cae0538d,1024,1024,RGB,JPEG,133.706298828125,64.13177490234375,True,250
1504,img_01504.jpg,A little girl sitting on the side of a fence.,1,4,16783,2e01706272e011b02305915e414488af,270,270,RGB,JPEG,125.073486328125,52.55569076538086,True,250
1505,img_01505.jpg,A little girl sitting on the side of a fence.,1,5,22374,4266aaac2560759ee2e991ab8c4eda20,436,436,RGB,JPEG,123.99951171875,65.61827850341797,True,250
1506,img_01506.jpg,A group of small birds walking on top of a beach.,0,0,37874,2a94c73ef7f195a5afe60c50ab2321ee,640,427,RGB,JPEG,126.197021484375,22.729032516479492,True,251
1507,img_01507.jpg,A group of small birds walking on top of a beach.,1,1,35475,6fdf0fa64aa568348b0c97ef53ccd8a4,768,768,RGB,JPEG,137.52099609375,21.123973846435547,True,251
1508,img_01508.jpg,A group of small birds walking on top of a beach.,1,2,41599,35ad18389dee8e189f3db45642464a58,1024,1024,RGB,JPEG,148.009033203125,20.663402557373047,True,251
1509,img_01509.jpg,A group of small birds walking on top of a beach.,1,3,73778,76b15d589591c6af82aef5c8aa42b936,1024,1024,RGB,JPEG,160.917236328125,26.252700805664062,True,251
1510,img_01510.jpg,A group of small birds walking on top of a beach.,1,4,14871,83c6d9efa1e017a58b126fee077dae5a,270,270,RGB,JPEG,181.716064453125,37.5748176574707,True,251
1511,img_01511.jpg,A group of small birds walking on top of a beach.,1,5,14387,0aafd5e7d8f6787bd7cb5dd31fcdf028,436,436,RGB,JPEG,179.380615234375,52.87016296386719,True,251
1512,img_01512.jpg,A bathroom with a bunch of white tiles in it.,0,0,18270,7d18b24051d9e1a2743aaca0482a9212,640,428,RGB,JPEG,165.27978515625,39.63606643676758,True,252
1513,img_01513.jpg,A bathroom with a bunch of white tiles in it.,1,1,84367,b19cba541f4c3fc0a103a4be9d866b71,768,768,RGB,JPEG,156.92529296875,37.58787536621094,True,252
1514,img_01514.jpg,A bathroom with a bunch of white tiles in it.,1,2,100729,56e6f4f96ca5d9b3aa614114e1c3db5e,1024,1024,RGB,JPEG,151.55615234375,38.358192443847656,True,252
1515,img_01515.jpg,A bathroom with a bunch of white tiles in it.,1,3,62984,c772d6778ecd97e37e445f4efbaebcb3,1024,1024,RGB,JPEG,179.62841796875,37.2644157409668,True,252
1516,img_01516.jpg,A bathroom with a bunch of white tiles in it.,1,4,13906,dca0b4013d438c84ab921f8eb51963a8,270,270,RGB,JPEG,147.1064453125,51.818790435791016,True,252
1517,img_01517.jpg,A bathroom with a bunch of white tiles in it.,1,5,20158,94bd934873f642939dd66d8b0d82a2c1,436,436,RGB,JPEG,165.34912109375,36.83016586303711,True,252
1518,img_01518.jpg,a kitchen filled with lots of counter top space and cooking utensils.,0,0,52234,f8a72a276f8b922dfc2cca314b1f74c3,640,427,RGB,JPEG,135.0322265625,42.30702590942383,True,253
1519,img_01519.jpg,a kitchen filled with lots of counter top space and cooking utensils.,1,1,82361,15eb4ea4cea048ec70d9f11124c2765a,768,768,RGB,JPEG,110.843505859375,38.420108795166016,True,253
1520,img_01520.jpg,a kitchen filled with lots of counter top space and cooking utensils.,1,2,119648,233948f15b9bbbffe8c945c0cc377d19,1024,1024,RGB,JPEG,135.103515625,43.79490661621094,True,253
1521,img_01521.jpg,a kitchen filled with lots of counter top space and cooking utensils.,1,3,127096,a5857668993851d38eec834ffdcd4a9f,1024,1024,RGB,JPEG,153.060791015625,54.44841003417969,True,253
1522,img_01522.jpg,a kitchen filled with lots of counter top space and cooking utensils.,1,4,20361,76b2fa2b713bef4e62d02415d7b7e7d4,270,270,RGB,JPEG,136.6015625,49.616817474365234,True,253
1523,img_01523.jpg,a kitchen filled with lots of counter top space and cooking utensils.,1,5,34870,0b0544256ccb3e4148d6cab0a6ffd684,436,436,RGB,JPEG,108.672607421875,55.899620056152344,True,253
1524,img_01524.jpg,A mama and baby giraffe are standing close to one another. ,0,0,49697,4d7071193befc79dcd814f876a7e2776,500,375,RGB,JPEG,116.9423828125,63.10793685913086,True,254
1525,img_01525.jpg,A mama and baby giraffe are standing close to one another. ,1,1,94388,22a48269c2a30d51dae2b0911c3b4639,768,768,RGB,JPEG,112.493896484375,51.86542510986328,True,254
1526,img_01526.jpg,A mama and baby giraffe are standing close to one another. ,1,2,104078,62bf9edcb21c6cce92cfd0f569f53347,1024,1024,RGB,JPEG,136.45068359375,25.35392951965332,True,254
1527,img_01527.jpg,A mama and baby giraffe are standing close to one another. ,1,3,145659,55fbcf4010aa7249ef9a1d8adb24be49,1024,1024,RGB,JPEG,157.528076171875,40.97359848022461,True,254
1528,img_01528.jpg,A mama and baby giraffe are standing close to one another. ,1,4,14553,b60884198429de952239e8e83bfffcbb,270,270,RGB,JPEG,170.54931640625,82.95417785644531,True,254
1529,img_01529.jpg,A mama and baby giraffe are standing close to one another. ,1,5,24876,d2cd413068dfe610a80dcf233e844a78,436,436,RGB,JPEG,99.61376953125,55.51395797729492,True,254
1530,img_01530.jpg,A large jet flying through a cloudy blue sky.,0,0,10325,b1e29b312511bbdb0f1c809623d4073c,640,360,RGB,JPEG,142.05859375,27.979501724243164,True,255
1531,img_01531.jpg,A large jet flying through a cloudy blue sky.,1,1,38167,79f96ce41dc1498daa636215adb29da9,768,768,RGB,JPEG,137.00927734375,47.277435302734375,True,255
1532,img_01532.jpg,A large jet flying through a cloudy blue sky.,1,2,53275,eea9967b750b12ee87dbe98785a672c2,1024,1024,RGB,JPEG,149.174560546875,35.28832244873047,True,255
1533,img_01533.jpg,A large jet flying through a cloudy blue sky.,1,3,40145,2e5cc7a02d8e44cc9eb6e8e238cd0ca9,1024,1024,RGB,JPEG,164.5244140625,51.25169372558594,True,255
1534,img_01534.jpg,A large jet flying through a cloudy blue sky.,1,4,15429,1d01808e640577d919453c712d94dd30,270,270,RGB,JPEG,114.840576171875,57.02082443237305,True,255
1535,img_01535.jpg,A large jet flying through a cloudy blue sky.,1,5,23879,c8234286b1ddffc76ad02ea138774d1c,436,436,RGB,JPEG,136.60498046875,57.626827239990234,True,255
1536,img_01536.jpg,Rows of motorcycles in parking lot next to buildings.,0,0,77768,dbf3942f794c34a4578611a4848883a2,640,478,RGB,JPEG,113.87451171875,60.07298278808594,True,256
1537,img_01537.jpg,Rows of motorcycles in parking lot next to buildings.,1,1,109922,fcdcb790931adb7abaadf120633c3dc1,768,768,RGB,JPEG,113.37890625,42.665916442871094,True,256
1538,img_01538.jpg,Rows of motorcycles in parking lot next to buildings.,1,2,141016,a45e8a305cfdc20c85f951d0141ef2b9,1024,1024,RGB,JPEG,95.191650390625,33.927101135253906,True,256
1539,img_01539.jpg,Rows of motorcycles in parking lot next to buildings.,1,3,291043,50f2e919620cba8ca5edacc8afdefaf0,1024,1024,RGB,JPEG,140.33154296875,58.28981018066406,True,256
1540,img_01540.jpg,Rows of motorcycles in parking lot next to buildings.,1,4,24054,d31a95923203dd1aa3085591659fef6d,270,270,RGB,JPEG,114.52392578125,52.83327865600586,True,256
1541,img_01541.jpg,Rows of motorcycles in parking lot next to buildings.,1,5,30979,50982f4b75dec4115081dd61b4044b9f,436,436,RGB,JPEG,112.09716796875,66.40794372558594,True,256
1542,img_01542.jpg,The view of a traffic light through a car windshield.,0,0,24036,b68943de91a9c71eb86cda577901443f,640,480,RGB,JPEG,112.965576171875,58.532928466796875,True,257
1543,img_01543.jpg,The view of a traffic light through a car windshield.,1,1,46235,78a64da6312cad4c1881f1c1db3b39ed,768,768,RGB,JPEG,91.452880859375,56.112815856933594,True,257
1544,img_01544.jpg,The view of a traffic light through a car windshield.,1,2,61733,e83dbf5c8091ff069856f565e1607faa,1024,1024,RGB,JPEG,91.363037109375,45.7839469909668,True,257
1545,img_01545.jpg,The view of a traffic light through a car windshield.,1,3,101543,44628003ca95ae7e67c1ced17e98a7f1,1024,1024,RGB,JPEG,124.87744140625,90.02737426757812,True,257
1546,img_01546.jpg,The view of a traffic light through a car windshield.,1,4,16780,b07c1ac88ef28c412604b778f5922a7b,270,270,RGB,JPEG,98.69091796875,64.81819915771484,True,257
1547,img_01547.jpg,The view of a traffic light through a car windshield.,1,5,29687,29da0863e346a6c77aa6d6d841de4144,436,436,RGB,JPEG,97.36865234375,50.28551483154297,True,257
1548,img_01548.jpg,Tall building with clock and spire behind white bricked building.,0,0,45198,ed14e8efbd6e70a340f521c171889482,427,640,RGB,JPEG,147.317138671875,59.159053802490234,True,258
1549,img_01549.jpg,Tall building with clock and spire behind white bricked building.,1,1,137467,d89a99d31bfc872c4deea5deda331fc5,768,768,RGB,JPEG,115.885986328125,69.0394515991211,True,258
1550,img_01550.jpg,Tall building with clock and spire behind white bricked building.,1,2,91950,817adf38cd8e27f5e0574ffa05b72463,1024,1024,RGB,JPEG,153.8486328125,49.77418899536133,True,258
1551,img_01551.jpg,Tall building with clock and spire behind white bricked building.,1,3,117240,388ee15d5a38543cb2191febc2fb5812,1024,1024,RGB,JPEG,139.2197265625,35.19547653198242,True,258
1552,img_01552.jpg,Tall building with clock and spire behind white bricked building.,1,4,23060,c0b48a8070239c63109a13b3517eadf5,270,270,RGB,JPEG,109.96923828125,54.26806640625,True,258
1553,img_01553.jpg,Tall building with clock and spire behind white bricked building.,1,5,30189,7890349e113f864843e6c357b7aed434,436,436,RGB,JPEG,122.296630859375,64.7778549194336,True,258
1554,img_01554.jpg,Giraffe standing in open area near trees with mouth open.,0,0,48362,60f81e10fe62fc94575ea9549fed1ded,640,427,RGB,JPEG,106.524169921875,60.83706283569336,True,259
1555,img_01555.jpg,Giraffe standing in open area near trees with mouth open.,1,1,93172,d7aee767fcd5faa0bbd4a6e5fb4907c3,768,768,RGB,JPEG,114.91064453125,50.455875396728516,True,259
1556,img_01556.jpg,Giraffe standing in open area near trees with mouth open.,1,2,128690,cfa054e12cc42bd6c60da1e43ceab48d,1024,1024,RGB,JPEG,122.429443359375,39.49018859863281,True,259
1557,img_01557.jpg,Giraffe standing in open area near trees with mouth open.,1,3,130371,c059835908ab303aaab9be679f06de9b,1024,1024,RGB,JPEG,128.365234375,54.2869758605957,True,259
1558,img_01558.jpg,Giraffe standing in open area near trees with mouth open.,1,4,17916,3cc495f275b09c6ec4777aab12fb630b,270,270,RGB,JPEG,110.636962890625,65.91828918457031,True,259
1559,img_01559.jpg,Giraffe standing in open area near trees with mouth open.,1,5,40474,733052ab93dae94099c160174efc2fc0,436,436,RGB,JPEG,116.9775390625,46.00502395629883,True,259
1560,img_01560.jpg,A man riding on the back of a motorcycle down a street.,0,0,38962,3262d1f9fbf311fa75ea40395eddda46,500,405,RGB,JPEG,96.095458984375,60.64351272583008,True,260
1561,img_01561.jpg,A man riding on the back of a motorcycle down a street.,1,1,69531,f59bdfc3cb769ade7640fb20d0fbbf2b,768,768,RGB,JPEG,121.968017578125,66.80065155029297,True,260
1562,img_01562.jpg,A man riding on the back of a motorcycle down a street.,1,2,139526,1a8cd63d1aa9ce6dab6c81387c3d0193,1024,1024,RGB,JPEG,103.53662109375,44.29119873046875,True,260
1563,img_01563.jpg,A man riding on the back of a motorcycle down a street.,1,3,196186,18fd7a406049d88c83e9b87e692d6bdc,1024,1024,RGB,JPEG,108.07763671875,75.14338684082031,True,260
1564,img_01564.jpg,A man riding on the back of a motorcycle down a street.,1,4,18853,edecb411ef1ac0f8caca9a57bd625708,270,270,RGB,JPEG,119.078125,69.868896484375,True,260
1565,img_01565.jpg,A man riding on the back of a motorcycle down a street.,1,5,27575,c18ebeb6d9e77f8489c0231294a11236,436,436,RGB,JPEG,120.502197265625,57.128196716308594,True,260
1566,img_01566.jpg,An old Mustang sits parked next to a parking meter with a sign on it.,0,0,65957,e313cadd1b4133cade33a9bed58c37dc,640,480,RGB,JPEG,128.7158203125,68.12506103515625,True,261
1567,img_01567.jpg,An old Mustang sits parked next to a parking meter with a sign on it.,1,1,105369,751c5b0a76c4e9c79158488c14248282,768,768,RGB,JPEG,123.3154296875,61.882080078125,True,261
1568,img_01568.jpg,An old Mustang sits parked next to a parking meter with a sign on it.,1,2,111621,621f8d7a8be7144f7066117e89aecc26,1024,1024,RGB,JPEG,118.530517578125,51.67200469970703,True,261
1569,img_01569.jpg,An old Mustang sits parked next to a parking meter with a sign on it.,1,3,209037,502224d00ca859c51da46b6b92b485be,1024,1024,RGB,JPEG,142.455810546875,64.9669418334961,True,261
1570,img_01570.jpg,An old Mustang sits parked next to a parking meter with a sign on it.,1,4,18827,425bb3c6fa9249f59de7f08468e0630a,270,270,RGB,JPEG,64.677734375,49.38099670410156,True,261
1571,img_01571.jpg,An old Mustang sits parked next to a parking meter with a sign on it.,1,5,27014,524f1b6a4d7023bc0c3403f904319d3f,436,436,RGB,JPEG,94.53564453125,57.32051086425781,True,261
1572,img_01572.jpg,A person on a motor bike and a car on the street.,0,0,36425,920ec9c7f076c468f29a3fb1697b420a,640,480,RGB,JPEG,144.238525390625,49.29010772705078,True,262
1573,img_01573.jpg,A person on a motor bike and a car on the street.,1,1,115148,d05ff3dfadb4f7e9b999ded8f2e8fcf7,768,768,RGB,JPEG,134.724365234375,55.70082473754883,True,262
1574,img_01574.jpg,A person on a motor bike and a car on the street.,1,2,133299,c98bf91d01b9e7afa7f35c272203896d,1024,1024,RGB,JPEG,100.43505859375,50.11158752441406,True,262
1575,img_01575.jpg,A person on a motor bike and a car on the street.,1,3,154910,5020931598d9cab1133b7fea2f552bfc,1024,1024,RGB,JPEG,102.65283203125,67.44232177734375,True,262
1576,img_01576.jpg,A person on a motor bike and a car on the street.,1,4,24956,6f9a55f4c3ce8edfcb9f9f7ebdde2e50,270,270,RGB,JPEG,129.33349609375,61.615516662597656,True,262
1577,img_01577.jpg,A person on a motor bike and a car on the street.,1,5,17450,3c814d1abc35bb5fbaa44fee2cd9e004,436,436,RGB,JPEG,43.235107421875,28.613922119140625,True,262
1578,img_01578.jpg,We are looking at a large old bath room.,0,0,54343,4a316b08bd00d8e9cc2f811302bbda31,613,640,RGB,JPEG,152.77490234375,32.14138412475586,True,263
1579,img_01579.jpg,We are looking at a large old bath room.,1,1,76020,2e85840992dae7fc42cded10df88fa72,768,768,RGB,JPEG,114.15576171875,45.3302116394043,True,263
1580,img_01580.jpg,We are looking at a large old bath room.,1,2,104961,be56bd3d7534de0fdfba6b37ac127c63,1024,1024,RGB,JPEG,123.509521484375,41.66246795654297,True,263
1581,img_01581.jpg,We are looking at a large old bath room.,1,3,86661,74b0f6b253a41098b838ac08195f680b,1024,1024,RGB,JPEG,147.94921875,46.959476470947266,True,263
1582,img_01582.jpg,We are looking at a large old bath room.,1,4,16577,41fe409a012011bfde836a879adf3dde,270,270,RGB,JPEG,119.632568359375,55.35063934326172,True,263
1583,img_01583.jpg,We are looking at a large old bath room.,1,5,20804,ef8d568c6179536522dbd8f7ce4db087,436,436,RGB,JPEG,126.513916015625,51.50849151611328,True,263
1584,img_01584.jpg,A man is sitting in a beige chair in a living room,0,0,52748,8652768b61cbef8693e5ffc12f4e771a,640,480,RGB,JPEG,110.3701171875,64.08702850341797,True,264
1585,img_01585.jpg,A man is sitting in a beige chair in a living room,1,1,62280,3a56ff412f9031c85ae4c9867304f797,768,768,RGB,JPEG,122.591796875,59.07823944091797,True,264
1586,img_01586.jpg,A man is sitting in a beige chair in a living room,1,2,104187,a6a79deda4394179459249c1e8aaea36,1024,1024,RGB,JPEG,119.90673828125,45.31486892700195,True,264
1587,img_01587.jpg,A man is sitting in a beige chair in a living room,1,3,120348,2b26721d870dea2da05375157006b919,1024,1024,RGB,JPEG,148.90576171875,82.95174407958984,True,264
1588,img_01588.jpg,A man is sitting in a beige chair in a living room,1,4,16077,3a9372e60926d6c49f75ea351907f756,270,270,RGB,JPEG,82.213134765625,59.58380126953125,True,264
1589,img_01589.jpg,A man is sitting in a beige chair in a living room,1,5,24007,c881d780ecdd95868c77221874a50fee,436,436,RGB,JPEG,134.739013671875,46.19186019897461,True,264
1590,img_01590.jpg,People sitting on a bench watching a soccer game.,0,0,50874,27e2129fafd18ba93af49ec88eb250a6,612,612,RGB,JPEG,87.107666015625,80.24942779541016,True,265
1591,img_01591.jpg,People sitting on a bench watching a soccer game.,1,1,139156,16583e4bfcc9a7444708853f90d54621,768,768,RGB,JPEG,105.619140625,57.9310302734375,True,265
1592,img_01592.jpg,People sitting on a bench watching a soccer game.,1,2,121122,845851a37c4957e4b36d172d82d7d384,1024,1024,RGB,JPEG,119.94482421875,52.70096969604492,True,265
1593,img_01593.jpg,People sitting on a bench watching a soccer game.,1,3,117200,e83bf7bade1bc6544632dda35c309e5b,1024,1024,RGB,JPEG,112.66357421875,68.27119445800781,True,265
1594,img_01594.jpg,People sitting on a bench watching a soccer game.,1,4,16316,4cfbc4d7349c6b2f83cff0ba7b73795d,270,270,RGB,JPEG,129.320556640625,63.05561065673828,True,265
1595,img_01595.jpg,People sitting on a bench watching a soccer game.,1,5,25289,dd2d51730f7a8b5287f989566557ecde,436,436,RGB,JPEG,128.167724609375,67.84198760986328,True,265
1596,img_01596.jpg,The table  top was white with brown chairs,0,0,33211,9233b6a69e995294345220b580023835,478,640,RGB,JPEG,83.091064453125,64.20374298095703,True,266
1597,img_01597.jpg,The table  top was white with brown chairs,1,1,72709,cade5ff7944d1a02fbfd567356e4fc0b,768,768,RGB,JPEG,119.901611328125,64.7326889038086,True,266
1598,img_01598.jpg,The table  top was white with brown chairs,1,2,110813,afbe09f0a30931baac956da1c40cb7a0,1024,1024,RGB,JPEG,132.62255859375,45.418174743652344,True,266
1599,img_01599.jpg,The table  top was white with brown chairs,1,3,111125,d502da929ff5fe52c70c5146f9435b96,1024,1024,RGB,JPEG,143.558349609375,79.97822570800781,True,266
1600,img_01600.jpg,The table  top was white with brown chairs,1,4,16417,7bf493a62eae7f56d8f933544803b70f,270,270,RGB,JPEG,148.364501953125,64.69430541992188,True,266
1601,img_01601.jpg,The table  top was white with brown chairs,1,5,19441,0b8bf12bee8933ac8df3aea6b5dd3f4f,436,436,RGB,JPEG,133.0791015625,73.0295639038086,True,266
1602,img_01602.jpg,A red bus parked next to a crowd of people.,0,0,42612,a989aea2291b5949bfa6d67c605cc32f,500,375,RGB,JPEG,105.5556640625,74.98799896240234,True,267
1603,img_01603.jpg,A red bus parked next to a crowd of people.,1,1,104636,17367792fa41d687448667e1d2ebdd30,768,768,RGB,JPEG,104.02783203125,45.92040252685547,True,267
1604,img_01604.jpg,A red bus parked next to a crowd of people.,1,2,180003,0c8cfa182fb39fba5f71d5c5d0a2c379,1024,1024,RGB,JPEG,115.99462890625,46.666561126708984,True,267
1605,img_01605.jpg,A red bus parked next to a crowd of people.,1,3,160913,3942ccc73b762733fc5fa00fa4ee5340,1024,1024,RGB,JPEG,112.175537109375,70.15019226074219,True,267
1606,img_01606.jpg,A red bus parked next to a crowd of people.,1,4,19064,dc9b20964e9854d385f8338d2eb32702,270,270,RGB,JPEG,110.258544921875,57.38063049316406,True,267
1607,img_01607.jpg,A red bus parked next to a crowd of people.,1,5,25745,d969172a993dcb51086984d4b86b1677,436,436,RGB,JPEG,65.93798828125,53.526756286621094,True,267
1608,img_01608.jpg,A giraffe spreads its legs in order to get its head closer to the ground.,0,0,66986,8f837514bb773eef5cc38b95d1c794cf,425,640,RGB,JPEG,126.8115234375,39.478973388671875,True,268
1609,img_01609.jpg,A giraffe spreads its legs in order to get its head closer to the ground.,1,1,105682,62b0b9e4b73dad9905ea98bc53ceab09,768,768,RGB,JPEG,95.84228515625,43.415096282958984,True,268
1610,img_01610.jpg,A giraffe spreads its legs in order to get its head closer to the ground.,1,2,99121,1d28814069367d868eefb3dde649f5f3,1024,1024,RGB,JPEG,129.142578125,22.58414649963379,True,268
1611,img_01611.jpg,A giraffe spreads its legs in order to get its head closer to the ground.,1,3,86500,6f326f55495aa4815edc39a3616ae211,1024,1024,RGB,JPEG,197.95166015625,57.32722473144531,True,268
1612,img_01612.jpg,A giraffe spreads its legs in order to get its head closer to the ground.,1,4,16278,cf4c1deb361ce854d202d95fb1eb11b0,270,270,RGB,JPEG,141.09423828125,62.00244140625,True,268
1613,img_01613.jpg,A giraffe spreads its legs in order to get its head closer to the ground.,1,5,26879,38dbd5655aa6fc196965af57863c400c,436,436,RGB,JPEG,140.439697265625,43.87457275390625,True,268
1614,img_01614.jpg,A clock that is on the side of a tower.,0,0,40396,3d4a712cea5f93fff5a34ac734a534ab,640,427,RGB,JPEG,165.539794921875,69.94241333007812,True,269
1615,img_01615.jpg,A clock that is on the side of a tower.,1,1,128974,7a3bf81875266a8e8cf8221aeb3561c9,768,768,RGB,JPEG,108.2314453125,65.13033294677734,True,269
1616,img_01616.jpg,A clock that is on the side of a tower.,1,2,152121,633fe667307ae18571c9588739c70bff,1024,1024,RGB,JPEG,115.752685546875,46.0608024597168,True,269
1617,img_01617.jpg,A clock that is on the side of a tower.,1,3,152391,b2dd99578d178964e52420e3bf7d3c98,1024,1024,RGB,JPEG,145.50537109375,47.27785110473633,True,269
1618,img_01618.jpg,A clock that is on the side of a tower.,1,4,25432,04fd3933a6874c00413e1e2176ba3146,270,270,RGB,JPEG,97.34130859375,59.32722091674805,True,269
1619,img_01619.jpg,A clock that is on the side of a tower.,1,5,34431,4e4fdefdcc2f7c2e654a786457c8bc17,436,436,RGB,JPEG,91.119384765625,49.656646728515625,True,269
1620,img_01620.jpg,a man sitting on a bench looking a bit like forrest gump ,0,0,58617,a7cc992597755940b54eab0073e871f8,446,640,RGB,JPEG,97.7373046875,50.88657760620117,True,270
1621,img_01621.jpg,a man sitting on a bench looking a bit like forrest gump ,1,1,105555,9e79150a13374168aa028c07437b72f2,768,768,RGB,JPEG,117.5302734375,54.82895278930664,True,270
1622,img_01622.jpg,a man sitting on a bench looking a bit like forrest gump ,1,2,106074,f4d794519e18b634be6826a2d33c6a1c,1024,1024,RGB,JPEG,115.766845703125,43.79167175292969,True,270
1623,img_01623.jpg,a man sitting on a bench looking a bit like forrest gump ,1,3,151188,9d8be7b2672e8dbf77d99bb2b5ef46e3,1024,1024,RGB,JPEG,127.8193359375,59.903255462646484,True,270
1624,img_01624.jpg,a man sitting on a bench looking a bit like forrest gump ,1,4,18225,8cad64f52faeba68eb8e284f8d471318,270,270,RGB,JPEG,89.73046875,55.59568405151367,True,270
1625,img_01625.jpg,a man sitting on a bench looking a bit like forrest gump ,1,5,29747,c3f317833983f1d731610f93ff2c7cc9,436,436,RGB,JPEG,93.799560546875,45.9669075012207,True,270
1626,img_01626.jpg,A man drying a pan with a dish towel.,0,0,37558,c37da611cf0a971074a84761c74ec8d9,640,480,RGB,JPEG,104.280517578125,67.15909576416016,True,271
1627,img_01627.jpg,A man drying a pan with a dish towel.,1,1,88255,39ae149fc2f88d543a14de88c243b610,768,768,RGB,JPEG,122.203125,63.915504455566406,True,271
1628,img_01628.jpg,A man drying a pan with a dish towel.,1,2,87870,81dd47c20be9e571e632dee529e4b3c8,1024,1024,RGB,JPEG,132.72607421875,48.0027961730957,True,271
1629,img_01629.jpg,A man drying a pan with a dish towel.,1,3,110108,1dedc2dfbaececb2ba5988fe9fca6e5e,1024,1024,RGB,JPEG,163.259521484375,71.97722625732422,True,271
1630,img_01630.jpg,A man drying a pan with a dish towel.,1,4,16786,63e06039d3267aa8c2d27d1df3370199,270,270,RGB,JPEG,59.31591796875,55.394222259521484,True,271
1631,img_01631.jpg,A man drying a pan with a dish towel.,1,5,21304,c8ad8db4ef3b7804ede7782c1891c89e,436,436,RGB,JPEG,63.850341796875,61.223838806152344,True,271
1632,img_01632.jpg,A white sink sitting under a mirror next to a toilet.,0,0,26699,05efd677a1c4ea63305a74a838ee5a05,640,640,RGB,JPEG,238.11083984375,35.435302734375,True,272
1633,img_01633.jpg,A white sink sitting under a mirror next to a toilet.,1,1,48583,3b1eb0099b4c203f52d4eca1c6d8a1b4,768,768,RGB,JPEG,141.564208984375,51.78617858886719,True,272
1634,img_01634.jpg,A white sink sitting under a mirror next to a toilet.,1,2,82790,2ae5028450c4565653a13cdac5fa1501,1024,1024,RGB,JPEG,160.4912109375,35.479576110839844,True,272
1635,img_01635.jpg,A white sink sitting under a mirror next to a toilet.,1,3,56878,80302fa02df46f1048ededa788c25a45,1024,1024,RGB,JPEG,154.21875,60.39193344116211,True,272
1636,img_01636.jpg,A white sink sitting under a mirror next to a toilet.,1,4,16443,0fdd9adc6808c8303b2d845e27703286,270,270,RGB,JPEG,102.106689453125,61.351078033447266,True,272
1637,img_01637.jpg,A white sink sitting under a mirror next to a toilet.,1,5,19685,35d4e25b04e1fe1bdcbeadec34efcf52,436,436,RGB,JPEG,106.146728515625,54.803524017333984,True,272
1638,img_01638.jpg,"A red and white bus sits in front of a large, stone house.",0,0,75198,3bb91a4039e303388b80e4af25cc4c31,640,480,RGB,JPEG,123.96728515625,51.671730041503906,True,273
1639,img_01639.jpg,"A red and white bus sits in front of a large, stone house.",1,1,103038,8d3e3d75ee574b47644122b16c39c960,768,768,RGB,JPEG,104.780029296875,56.45721435546875,True,273
1640,img_01640.jpg,"A red and white bus sits in front of a large, stone house.",1,2,170976,8d3d3a89c09a8820d7d8b32cb1a48873,1024,1024,RGB,JPEG,108.65869140625,44.43074417114258,True,273
1641,img_01641.jpg,"A red and white bus sits in front of a large, stone house.",1,3,248202,7bb4f35f36ebf0a78fc450154a2ad282,1024,1024,RGB,JPEG,142.441162109375,63.574337005615234,True,273
1642,img_01642.jpg,"A red and white bus sits in front of a large, stone house.",1,4,19868,a2987153905699786d6b1876abb73ae3,270,270,RGB,JPEG,128.698974609375,51.66701889038086,True,273
1643,img_01643.jpg,"A red and white bus sits in front of a large, stone house.",1,5,32225,8cfef31bb6a5c0b3be003a122b58994c,436,436,RGB,JPEG,118.5556640625,62.334468841552734,True,273
1644,img_01644.jpg,A close up of two street sings above the back of a stop sign.,0,0,47604,bd7d531886222063446ed57e8c2c0399,640,428,RGB,JPEG,163.012451171875,72.14077758789062,True,274
1645,img_01645.jpg,A close up of two street sings above the back of a stop sign.,1,1,64441,34a450cf8cb851fd9be0afe25d81b036,768,768,RGB,JPEG,117.431884765625,56.85065460205078,True,274
1646,img_01646.jpg,A close up of two street sings above the back of a stop sign.,1,2,101955,f013a718167ba7f9c014c450778f46aa,1024,1024,RGB,JPEG,112.9755859375,47.079795837402344,True,274
1647,img_01647.jpg,A close up of two street sings above the back of a stop sign.,1,3,81302,b3e02585efa6a6619778281de5087d17,1024,1024,RGB,JPEG,136.861572265625,60.411476135253906,True,274
1648,img_01648.jpg,A close up of two street sings above the back of a stop sign.,1,4,11828,17ece507664d19a9463c73d238557719,270,270,RGB,JPEG,129.110107421875,66.30182647705078,True,274
1649,img_01649.jpg,A close up of two street sings above the back of a stop sign.,1,5,21224,1eeb6fa55fb0f23307753ab03ece5db5,436,436,RGB,JPEG,128.97119140625,78.29830169677734,True,274
1650,img_01650.jpg,a traffic light hanging over a city street ,0,0,32354,c245f9bc934e5ad83f07b45c2b5b20c9,640,480,RGB,JPEG,114.815185546875,39.28803253173828,True,275
1651,img_01651.jpg,a traffic light hanging over a city street ,1,1,97533,43f6622aec1d2a81b43db5c91f369a22,768,768,RGB,JPEG,109.486572265625,67.566162109375,True,275
1652,img_01652.jpg,a traffic light hanging over a city street ,1,2,92478,5a6bd02155f58cb3ee4c24f8c32e0a19,1024,1024,RGB,JPEG,126.94775390625,54.6010627746582,True,275
1653,img_01653.jpg,a traffic light hanging over a city street ,1,3,122734,8c28111b43d9cffd1e82f403acbcb312,1024,1024,RGB,JPEG,125.177978515625,91.00593566894531,True,275
1654,img_01654.jpg,a traffic light hanging over a city street ,1,4,20128,7d8120d924c8ba9fa3e087826d53fcc9,270,270,RGB,JPEG,142.091552734375,49.3751220703125,True,275
1655,img_01655.jpg,a traffic light hanging over a city street ,1,5,22306,b1e22919ab0b17436edbf2fe34f4751a,436,436,RGB,JPEG,85.180419921875,52.625816345214844,True,275
1656,img_01656.jpg,A woman taking a selfie in front of a large mirror.,0,0,54366,c4c7a29d7b4b6f0a4019ddcdde9e3e9c,640,480,RGB,JPEG,146.02099609375,38.45131301879883,True,276
1657,img_01657.jpg,A woman taking a selfie in front of a large mirror.,1,1,52934,502bc36dc606e9674b2b485489fc90db,768,768,RGB,JPEG,121.739990234375,63.470664978027344,True,276
1658,img_01658.jpg,A woman taking a selfie in front of a large mirror.,1,2,91583,c05a7779d6212045f01fd8531c09e1f7,1024,1024,RGB,JPEG,110.830810546875,47.06563186645508,True,276
1659,img_01659.jpg,A woman taking a selfie in front of a large mirror.,1,3,100005,b164dfdac33f08da6922b9070e18df25,1024,1024,RGB,JPEG,159.507568359375,76.60721588134766,True,276
1660,img_01660.jpg,A woman taking a selfie in front of a large mirror.,1,4,18671,49eb4acfc0670618f7b2934b0ab666f3,270,270,RGB,JPEG,107.484375,59.730201721191406,True,276
1661,img_01661.jpg,A woman taking a selfie in front of a large mirror.,1,5,26744,3346bc962bf3ce6748eb54b4bb6a1454,436,436,RGB,JPEG,107.761962890625,57.36835861206055,True,276
1662,img_01662.jpg,An old man smiling while sitting on a bench.,0,0,60997,9efc85f4a4a137cfc9f1d6358a87e235,500,334,RGB,JPEG,123.321533203125,66.66761779785156,True,277
1663,img_01663.jpg,An old man smiling while sitting on a bench.,1,1,95614,7f7ddb37e267f3fd0e01fefd17219bf2,768,768,RGB,JPEG,136.228759765625,62.04930114746094,True,277
1664,img_01664.jpg,An old man smiling while sitting on a bench.,1,2,89703,f84727613da0d1c22430507963822897,1024,1024,RGB,JPEG,111.005859375,57.34588623046875,True,277
1665,img_01665.jpg,An old man smiling while sitting on a bench.,1,3,147765,6816cd2ac32195f991fe86fb4b8e400d,1024,1024,RGB,JPEG,130.623779296875,56.33740234375,True,277
1666,img_01666.jpg,An old man smiling while sitting on a bench.,1,4,18927,d228a301bf6fe861596c8cb52be3a79a,270,270,RGB,JPEG,94.989990234375,53.41695785522461,True,277
1667,img_01667.jpg,An old man smiling while sitting on a bench.,1,5,26765,bbc19f844ecd7237e4b1efab449e9362,436,436,RGB,JPEG,83.90087890625,51.31193161010742,True,277
1668,img_01668.jpg,A man sitting in a chair holding a yellow umbrella.,0,0,85018,8dd9d170d89284d0ec071e16b4221864,640,548,RGB,JPEG,136.784912109375,72.97351837158203,True,278
1669,img_01669.jpg,A man sitting in a chair holding a yellow umbrella.,1,1,65400,b7e6e57d8ab4b750765d6ca29075a18e,768,768,RGB,JPEG,105.035888671875,40.00181198120117,True,278
1670,img_01670.jpg,A man sitting in a chair holding a yellow umbrella.,1,2,52194,2d121b2b45d4da344fce8d7df0263266,1024,1024,RGB,JPEG,144.63330078125,36.66422653198242,True,278
1671,img_01671.jpg,A man sitting in a chair holding a yellow umbrella.,1,3,98966,a1a2a7b3f0765c5fd7290d85d0e16cb0,1024,1024,RGB,JPEG,179.020263671875,63.531333923339844,True,278
1672,img_01672.jpg,A man sitting in a chair holding a yellow umbrella.,1,4,14393,d7c30c5e0e3ef0ec93406ce397f68da1,270,270,RGB,JPEG,122.224853515625,35.18403244018555,True,278
1673,img_01673.jpg,A man sitting in a chair holding a yellow umbrella.,1,5,23801,b3e410e818d763d8e11ac534c1c338d6,436,436,RGB,JPEG,78.324462890625,48.67273712158203,True,278
1674,img_01674.jpg,there are two giraffes standing very close to each other,0,0,59578,1818165ac4c122fcf86c171fcded7cd1,640,480,RGB,JPEG,133.17333984375,43.543983459472656,True,279
1675,img_01675.jpg,there are two giraffes standing very close to each other,1,1,91380,06d8b5f240297b120ab161ed87e9cf4c,768,768,RGB,JPEG,119.889404296875,53.967933654785156,True,279
1676,img_01676.jpg,there are two giraffes standing very close to each other,1,2,133294,398c6c9da6982708fef941b126ed79f6,1024,1024,RGB,JPEG,113.20654296875,40.86076736450195,True,279
1677,img_01677.jpg,there are two giraffes standing very close to each other,1,3,149524,c01c1b8eafed2863a4d3b2f1bfc3aecf,1024,1024,RGB,JPEG,146.158447265625,57.48227310180664,True,279
1678,img_01678.jpg,there are two giraffes standing very close to each other,1,4,14601,b7e9366aad46881a16581b55884b61b4,270,270,RGB,JPEG,116.501220703125,59.27226257324219,True,279
1679,img_01679.jpg,there are two giraffes standing very close to each other,1,5,24804,757b2e4681e3477487a5cbe939622801,436,436,RGB,JPEG,155.813232421875,51.945289611816406,True,279
1680,img_01680.jpg,A fire hydrant that has some writing on it.,0,0,68543,a579fdf49083b866114ad5e376bbdb25,612,612,RGB,JPEG,106.89453125,83.30034637451172,True,280
1681,img_01681.jpg,A fire hydrant that has some writing on it.,1,1,132257,7e2a389fe613420cb0417a44015ab180,768,768,RGB,JPEG,121.147705078125,37.928470611572266,True,280
1682,img_01682.jpg,A fire hydrant that has some writing on it.,1,2,98955,6072bc123a5cd39d3e90404f31510437,1024,1024,RGB,JPEG,118.120361328125,53.993961334228516,True,280
1683,img_01683.jpg,A fire hydrant that has some writing on it.,1,3,187148,60b9e0effb2500189559523d6652198f,1024,1024,RGB,JPEG,154.385498046875,56.495391845703125,True,280
1684,img_01684.jpg,A fire hydrant that has some writing on it.,1,4,15931,16e9e4eaa65be783132cbd43e34a2d59,270,270,RGB,JPEG,72.980224609375,51.364437103271484,True,280
1685,img_01685.jpg,A fire hydrant that has some writing on it.,1,5,29361,54f50e959df7bfd4a69b774e960870e6,436,436,RGB,JPEG,113.96435546875,45.022735595703125,True,280
1686,img_01686.jpg,A nice spacious bathroom with light brown tile.,0,0,27970,0a9c4f9f061054a06647aa141b370303,500,332,RGB,JPEG,93.780517578125,30.038978576660156,True,281
1687,img_01687.jpg,A nice spacious bathroom with light brown tile.,1,1,49013,3b6deb6112a78a733bed988054a8500f,768,768,RGB,JPEG,131.82958984375,30.595237731933594,True,281
1688,img_01688.jpg,A nice spacious bathroom with light brown tile.,1,2,98308,7e24fe200fc084b223bce9130e1202e8,1024,1024,RGB,JPEG,134.23291015625,34.455543518066406,True,281
1689,img_01689.jpg,A nice spacious bathroom with light brown tile.,1,3,103453,b53a091865366075cdceedc41f04a364,1024,1024,RGB,JPEG,154.474609375,45.6534309387207,True,281
1690,img_01690.jpg,A nice spacious bathroom with light brown tile.,1,4,17881,a21c3661857648f3e464fee7c28dd913,270,270,RGB,JPEG,130.789794921875,51.341758728027344,True,281
1691,img_01691.jpg,A nice spacious bathroom with light brown tile.,1,5,19174,b45951c87dbfed2625157fcd72baa146,436,436,RGB,JPEG,144.4951171875,40.314727783203125,True,281
1692,img_01692.jpg,a road that has a big red stop sign by it,0,0,109974,c2285cea4e94cbfb61c97fa23ffecda2,640,504,RGB,JPEG,115.988525390625,40.003379821777344,True,282
1693,img_01693.jpg,a road that has a big red stop sign by it,1,1,113090,47cd3c394658a1d170a8f73dd9066aa2,768,768,RGB,JPEG,115.21240234375,57.81020736694336,True,282
1694,img_01694.jpg,a road that has a big red stop sign by it,1,2,102820,1a49dbeb9067acf4e862ff5c9f89a670,1024,1024,RGB,JPEG,109.7822265625,27.898164749145508,True,282
1695,img_01695.jpg,a road that has a big red stop sign by it,1,3,282402,aac9ab4bd70fcde73236624b32af815e,1024,1024,RGB,JPEG,132.57421875,45.1461181640625,True,282
1696,img_01696.jpg,a road that has a big red stop sign by it,1,4,17213,75f7485383688c70cd15e333722f7c98,270,270,RGB,JPEG,84.31982421875,49.234954833984375,True,282
1697,img_01697.jpg,a road that has a big red stop sign by it,1,5,30469,b0fa301cea1a301164dcea859561a1e9,436,436,RGB,JPEG,83.715087890625,45.80961608886719,True,282
1698,img_01698.jpg,A whole bunch of traffic stop signs huddled together.,0,0,55447,2f510680beb8dd850a35f0b2e3ede30d,640,426,RGB,JPEG,112.30419921875,72.88921356201172,True,283
1699,img_01699.jpg,A whole bunch of traffic stop signs huddled together.,1,1,128273,fccaed2899061982ff5d755750fcc35e,768,768,RGB,JPEG,104.7724609375,54.582523345947266,True,283
1700,img_01700.jpg,A whole bunch of traffic stop signs huddled together.,1,2,267371,d7b21e6f9779de86823cc7c18158d8ad,1024,1024,RGB,JPEG,111.7353515625,52.666873931884766,True,283
1701,img_01701.jpg,A whole bunch of traffic stop signs huddled together.,1,3,328819,c8e4da3143dda1aa32bed4008591c428,1024,1024,RGB,JPEG,103.14599609375,49.3014030456543,True,283
1702,img_01702.jpg,A whole bunch of traffic stop signs huddled together.,1,4,28085,fd59b6bbebfdeedee6acd2feb2638b73,270,270,RGB,JPEG,122.207763671875,46.44148635864258,True,283
1703,img_01703.jpg,A whole bunch of traffic stop signs huddled together.,1,5,35594,e440f52a7519a0f82bcd353cb77cecfb,436,436,RGB,JPEG,94.27685546875,50.43391799926758,True,283
1704,img_01704.jpg,A flock of birds standing on top of a body of water.,0,0,35750,62d111fe992f82f630088e2d935936e0,640,428,RGB,JPEG,145.13232421875,48.36715316772461,True,284
1705,img_01705.jpg,A flock of birds standing on top of a body of water.,1,1,97645,b9e08abd8c7482d5a16c08e1a71b3556,768,768,RGB,JPEG,120.90185546875,35.63785934448242,True,284
1706,img_01706.jpg,A flock of birds standing on top of a body of water.,1,2,34928,999956919baa0b1a039551fe3763bd16,1024,1024,RGB,JPEG,143.544921875,10.844106674194336,True,284
1707,img_01707.jpg,A flock of birds standing on top of a body of water.,1,3,145257,ac313272d74930e8691a0ae218fa10d0,1024,1024,RGB,JPEG,164.55126953125,25.739206314086914,True,284
1708,img_01708.jpg,A flock of birds standing on top of a body of water.,1,4,17605,b9712f041e15ac229d6a2f263baebb22,270,270,RGB,JPEG,136.594970703125,62.97602844238281,True,284
1709,img_01709.jpg,A flock of birds standing on top of a body of water.,1,5,17713,c1c77cd4e3794e6e44219362ec773173,436,436,RGB,JPEG,175.42626953125,39.619041442871094,True,284
1710,img_01710.jpg,A man walking behind a row of parked cars holding an umbrella.,0,0,50022,488bd9ed05da7c8eaf54009f0942f74d,392,500,RGB,JPEG,121.52001953125,51.36220169067383,True,285
1711,img_01711.jpg,A man walking behind a row of parked cars holding an umbrella.,1,1,105500,e4ae3bed6d44cfec553486e5e7280eda,768,768,RGB,JPEG,126.251708984375,62.37759780883789,True,285
1712,img_01712.jpg,A man walking behind a row of parked cars holding an umbrella.,1,2,118960,737b0a4290a3867534cba6561536606c,1024,1024,RGB,JPEG,114.071044921875,43.317588806152344,True,285
1713,img_01713.jpg,A man walking behind a row of parked cars holding an umbrella.,1,3,155934,b849e1c1561c3064b05f55392ceb1bf3,1024,1024,RGB,JPEG,122.895751953125,84.48760223388672,True,285
1714,img_01714.jpg,A man walking behind a row of parked cars holding an umbrella.,1,4,17907,335a6258be7be7ceec755fe399b231dc,270,270,RGB,JPEG,140.506591796875,61.712833404541016,True,285
1715,img_01715.jpg,A man walking behind a row of parked cars holding an umbrella.,1,5,21794,07d337481853ab4d4692207e8eec6a0f,436,436,RGB,JPEG,77.47509765625,50.128814697265625,True,285
1716,img_01716.jpg,a man and a woman sitting on a bench in front of a building,0,0,61992,2801f14b691434c6d90166cf8a350e32,640,426,RGB,JPEG,131.604248046875,69.13822937011719,True,286
1717,img_01717.jpg,a man and a woman sitting on a bench in front of a building,1,1,114475,108a62c96c72127dacd4a05152003270,768,768,RGB,JPEG,103.588623046875,51.775508880615234,True,286
1718,img_01718.jpg,a man and a woman sitting on a bench in front of a building,1,2,141527,12d3becd54c489fb063fb33250d735b2,1024,1024,RGB,JPEG,118.349609375,53.40127944946289,True,286
1719,img_01719.jpg,a man and a woman sitting on a bench in front of a building,1,3,178132,d17a5bacd8d6015083bd60a001cc9589,1024,1024,RGB,JPEG,100.10205078125,68.59260559082031,True,286
1720,img_01720.jpg,a man and a woman sitting on a bench in front of a building,1,4,21983,2abf3a01929a571a31fdb57c664c3a1d,270,270,RGB,JPEG,92.906494140625,50.25951385498047,True,286
1721,img_01721.jpg,a man and a woman sitting on a bench in front of a building,1,5,30646,98fbab22dcf1fb8b5a319256f97db0d5,436,436,RGB,JPEG,118.279296875,48.67095947265625,True,286
1722,img_01722.jpg,A freeway sign at freeway entrance detailing 3 freeway options.,0,0,42927,da0e83b36abbfe64379ff6b78dbc1ba8,640,480,RGB,JPEG,118.93798828125,46.82490158081055,True,287
1723,img_01723.jpg,A freeway sign at freeway entrance detailing 3 freeway options.,1,1,75416,a2b9e84dbce6470945c07946126feb9f,768,768,RGB,JPEG,127.435791015625,54.23700714111328,True,287
1724,img_01724.jpg,A freeway sign at freeway entrance detailing 3 freeway options.,1,2,132089,c157703998379da96ff3f1106adcd20c,1024,1024,RGB,JPEG,112.920654296875,51.31845474243164,True,287
1725,img_01725.jpg,A freeway sign at freeway entrance detailing 3 freeway options.,1,3,200394,95af62c8f9af2b71e82d4a1bfcc6902b,1024,1024,RGB,JPEG,142.49853515625,58.537559509277344,True,287
1726,img_01726.jpg,A freeway sign at freeway entrance detailing 3 freeway options.,1,4,17717,8c58a7a9f58087c0bba3db54b004aeec,270,270,RGB,JPEG,98.822265625,46.492340087890625,True,287
1727,img_01727.jpg,A freeway sign at freeway entrance detailing 3 freeway options.,1,5,18453,4b388fa40a48331ec3c0ee16d43708c5,436,436,RGB,JPEG,110.83984375,49.1055793762207,True,287
1728,img_01728.jpg,A person on a motor bike doing a wheelie jump,0,0,68588,c24aebbe2049514fa493f667dff74c82,640,427,RGB,JPEG,141.380615234375,39.00904846191406,True,288
1729,img_01729.jpg,A person on a motor bike doing a wheelie jump,1,1,69360,4fc4309b44cbec9eb89125aeb08ee227,768,768,RGB,JPEG,126.60498046875,49.878902435302734,True,288
1730,img_01730.jpg,A person on a motor bike doing a wheelie jump,1,2,89657,c781c041c35156f9275b98d8795a5c47,1024,1024,RGB,JPEG,133.817138671875,49.34055709838867,True,288
1731,img_01731.jpg,A person on a motor bike doing a wheelie jump,1,3,106672,7de45f0e0f1761f15766e05c02f72084,1024,1024,RGB,JPEG,158.131103515625,48.112396240234375,True,288
1732,img_01732.jpg,A person on a motor bike doing a wheelie jump,1,4,18837,dda32489bd85ea000a401529d93a1325,270,270,RGB,JPEG,106.359375,57.00274658203125,True,288
1733,img_01733.jpg,A person on a motor bike doing a wheelie jump,1,5,24800,752634ad2d61540167303e16e637a442,436,436,RGB,JPEG,101.591064453125,64.54963684082031,True,288
1734,img_01734.jpg,A group of people walking across a crosswalk.,0,0,40661,8eb476c9cd2c93bb34632fb3369f3e5d,640,414,RGB,JPEG,34.317626953125,26.418764114379883,True,289
1735,img_01735.jpg,A group of people walking across a crosswalk.,1,1,81901,c3328156af3998e08d8b67527e7fcde1,768,768,RGB,JPEG,136.118408203125,78.64618682861328,True,289
1736,img_01736.jpg,A group of people walking across a crosswalk.,1,2,117947,5594281b1b10377c3d5b107501bba1e0,1024,1024,RGB,JPEG,115.133056640625,48.823123931884766,True,289
1737,img_01737.jpg,A group of people walking across a crosswalk.,1,3,157288,b699d76b45d79b150f1bd1cda0ba3991,1024,1024,RGB,JPEG,115.65478515625,65.37923431396484,True,289
1738,img_01738.jpg,A group of people walking across a crosswalk.,1,4,22027,8fcc37e3e2dad5afb5d57e642f0ccb02,270,270,RGB,JPEG,145.10986328125,51.013553619384766,True,289
1739,img_01739.jpg,A group of people walking across a crosswalk.,1,5,26813,ed9d938cb25d5d490971f3fe8d9e5c1a,436,436,RGB,JPEG,136.06005859375,76.42518615722656,True,289
1740,img_01740.jpg,A large mirror above a sink in a bathroom.,0,0,32806,b4848608da2a466f03cac85f3854e27d,640,427,RGB,JPEG,118.22412109375,49.793601989746094,True,290
1741,img_01741.jpg,A large mirror above a sink in a bathroom.,1,1,57003,4ad264756696c9f64ac0ad18e6dca225,768,768,RGB,JPEG,125.79248046875,50.30878448486328,True,290
1742,img_01742.jpg,A large mirror above a sink in a bathroom.,1,2,80068,53da90cb67c24279cbb445cd46f7cd2b,1024,1024,RGB,JPEG,140.482177734375,40.43864822387695,True,290
1743,img_01743.jpg,A large mirror above a sink in a bathroom.,1,3,76900,5194066388b63412141ea6f048452364,1024,1024,RGB,JPEG,168.39404296875,52.88459014892578,True,290
1744,img_01744.jpg,A large mirror above a sink in a bathroom.,1,4,14977,0fc45659f70d31f07696ce4df6da5cfa,270,270,RGB,JPEG,120.282958984375,64.60171508789062,True,290
1745,img_01745.jpg,A large mirror above a sink in a bathroom.,1,5,20543,d49596708906725f2215dac220d83f82,436,436,RGB,JPEG,127.54541015625,45.982810974121094,True,290
1746,img_01746.jpg,Two sings that are in a bathroom underneath a mirror.,0,0,42994,429335d53c1bc1894df35831c7a5f2d9,640,480,RGB,JPEG,122.331298828125,39.585201263427734,True,291
1747,img_01747.jpg,Two sings that are in a bathroom underneath a mirror.,1,1,76871,124409d51d5086c5340d380301011c17,768,768,RGB,JPEG,132.2890625,59.54012680053711,True,291
1748,img_01748.jpg,Two sings that are in a bathroom underneath a mirror.,1,2,139053,7edc99e5836a7ed14f0357be3275b8d7,1024,1024,RGB,JPEG,144.613525390625,41.477142333984375,True,291
1749,img_01749.jpg,Two sings that are in a bathroom underneath a mirror.,1,3,75202,79b044dfd02c6e48dda08c67a68aa70f,1024,1024,RGB,JPEG,148.602783203125,51.98139572143555,True,291
1750,img_01750.jpg,Two sings that are in a bathroom underneath a mirror.,1,4,17625,0670f641a19a78072412054ff0ed356c,270,270,RGB,JPEG,149.5263671875,52.220149993896484,True,291
1751,img_01751.jpg,Two sings that are in a bathroom underneath a mirror.,1,5,18715,804473affeac17be2f38a5e020f604fc,436,436,RGB,JPEG,89.56005859375,45.71724319458008,True,291
1752,img_01752.jpg,A picture of a group of fighter jets flying together.,0,0,15460,b9c5a1d6730adda1c0e5d0a85894968f,640,428,RGB,JPEG,166.845458984375,34.91800308227539,True,292
1753,img_01753.jpg,A picture of a group of fighter jets flying together.,1,1,50217,908e35cf1de76d183994df32cfc55aa1,768,768,RGB,JPEG,130.35986328125,43.105934143066406,True,292
1754,img_01754.jpg,A picture of a group of fighter jets flying together.,1,2,52003,e04dc58000ca1eb3159e65ef9b558f79,1024,1024,RGB,JPEG,146.69482421875,43.05045700073242,True,292
1755,img_01755.jpg,A picture of a group of fighter jets flying together.,1,3,43051,384fa4027500ab135dd969bc06ec5cdd,1024,1024,RGB,JPEG,197.548095703125,41.533138275146484,True,292
1756,img_01756.jpg,A picture of a group of fighter jets flying together.,1,4,17274,f59e235c97a67925de84166f8078b1a3,270,270,RGB,JPEG,120.395263671875,63.91678237915039,True,292
1757,img_01757.jpg,A picture of a group of fighter jets flying together.,1,5,19032,6a67ac03b0e2b2215776c0f3bf810b5e,436,436,RGB,JPEG,99.718994140625,63.841190338134766,True,292
1758,img_01758.jpg,The fire hydrant is across the street from street lamps. ,0,0,29356,ceddc2d757f9026d9d12d03c27113e92,427,640,RGB,JPEG,41.525390625,24.57057762145996,True,293
1759,img_01759.jpg,The fire hydrant is across the street from street lamps. ,1,1,100277,b90808167b061d9e8ab8a596f6322192,768,768,RGB,JPEG,121.987060546875,47.20357131958008,True,293
1760,img_01760.jpg,The fire hydrant is across the street from street lamps. ,1,2,137178,aabfdc22a4c1f0c046557ce7415ed0d4,1024,1024,RGB,JPEG,126.93115234375,50.432987213134766,True,293
1761,img_01761.jpg,The fire hydrant is across the street from street lamps. ,1,3,232570,fe702a3e2fa4f68df97cafe7920c1662,1024,1024,RGB,JPEG,142.91259765625,50.01054000854492,True,293
1762,img_01762.jpg,The fire hydrant is across the street from street lamps. ,1,4,18211,cd1fb848fc1dfbbb476bf10fd94c08c6,270,270,RGB,JPEG,116.044921875,67.92027282714844,True,293
1763,img_01763.jpg,The fire hydrant is across the street from street lamps. ,1,5,25322,41b951a498b2f09203fdd453a1df0ba1,436,436,RGB,JPEG,145.094482421875,59.82682800292969,True,293
1764,img_01764.jpg,A bus on a divided street near a stop light.,0,0,52616,8168edb2f2030b1a5ff386e62ee07bc4,640,428,RGB,JPEG,114.9091796875,46.41745376586914,True,294
1765,img_01765.jpg,A bus on a divided street near a stop light.,1,1,118276,9a9f5f18a30a9de8fd3e1d4cc4614bb5,768,768,RGB,JPEG,121.6025390625,52.202762603759766,True,294
1766,img_01766.jpg,A bus on a divided street near a stop light.,1,2,129371,296f072f229aad64ccbf7761ada90c17,1024,1024,RGB,JPEG,106.0341796875,44.01649475097656,True,294
1767,img_01767.jpg,A bus on a divided street near a stop light.,1,3,214064,2980f08e0b856fc93218666b36f41dda,1024,1024,RGB,JPEG,135.83154296875,66.95545196533203,True,294
1768,img_01768.jpg,A bus on a divided street near a stop light.,1,4,22451,3a0987d700f270ce75bf3c600fdb68b7,270,270,RGB,JPEG,114.18017578125,59.056182861328125,True,294
1769,img_01769.jpg,A bus on a divided street near a stop light.,1,5,30332,bb823a3e7cf6b2fc4ed794423c90100f,436,436,RGB,JPEG,101.92578125,57.13373565673828,True,294
1770,img_01770.jpg,A cat laying down on a wooden table in a park.,0,0,74180,ccd6315af1a559d8f784b62319b26e7a,640,454,RGB,JPEG,129.625244140625,44.533084869384766,True,295
1771,img_01771.jpg,A cat laying down on a wooden table in a park.,1,1,118553,e29e48f837ad3c7346099bd3888ba006,768,768,RGB,JPEG,107.04296875,52.757530212402344,True,295
1772,img_01772.jpg,A cat laying down on a wooden table in a park.,1,2,91326,e19bcec41082678f6681af37b610cce7,1024,1024,RGB,JPEG,120.033203125,56.82500076293945,True,295
1773,img_01773.jpg,A cat laying down on a wooden table in a park.,1,3,144286,8a4521593c5fe88b9e20fd83ec768f97,1024,1024,RGB,JPEG,154.53564453125,58.63280487060547,True,295
1774,img_01774.jpg,A cat laying down on a wooden table in a park.,1,4,14843,c7e72611dae9542aa0e55f0f1759341c,270,270,RGB,JPEG,109.020751953125,67.95514678955078,True,295
1775,img_01775.jpg,A cat laying down on a wooden table in a park.,1,5,26573,f52e58ad6c5ead160a66b34663b2dea5,436,436,RGB,JPEG,105.0517578125,57.789642333984375,True,295
1776,img_01776.jpg,A double decker bus driving while it snows.,0,0,82217,ab6152442f751f5a8b0c8ae156987122,486,640,RGB,JPEG,154.8544921875,63.09158706665039,True,296
1777,img_01777.jpg,A double decker bus driving while it snows.,1,1,111442,6140d2d7c5dde2ac43a8c53e906c31ff,768,768,RGB,JPEG,113.678466796875,49.068809509277344,True,296
1778,img_01778.jpg,A double decker bus driving while it snows.,1,2,127127,8fa0a5ba2972649afb75ba1861cee4f3,1024,1024,RGB,JPEG,127.847900390625,52.85879898071289,True,296
1779,img_01779.jpg,A double decker bus driving while it snows.,1,3,178036,8af98d02838c2c2bf858835a68632049,1024,1024,RGB,JPEG,155.727294921875,72.98186492919922,True,296
1780,img_01780.jpg,A double decker bus driving while it snows.,1,4,19690,135a0681114c04a969d2fa0c470b8579,270,270,RGB,JPEG,104.017333984375,52.947723388671875,True,296
1781,img_01781.jpg,A double decker bus driving while it snows.,1,5,33012,c7536ec05f9a13b9b7176c10793c1a96,436,436,RGB,JPEG,111.4462890625,41.78978729248047,True,296
1782,img_01782.jpg,A red double decker bus driving past a tall building.,0,0,74216,782a9c92b07283bc26e6ec78d1c8d13d,640,480,RGB,JPEG,117.97412109375,52.31016540527344,True,297
1783,img_01783.jpg,A red double decker bus driving past a tall building.,1,1,119079,65f771cd5c1d08be4390bc9924762b0e,768,768,RGB,JPEG,111.5380859375,54.43239974975586,True,297
1784,img_01784.jpg,A red double decker bus driving past a tall building.,1,2,180925,aedacccfc200d3abe3065a5b1454eeb1,1024,1024,RGB,JPEG,104.27783203125,48.15165710449219,True,297
1785,img_01785.jpg,A red double decker bus driving past a tall building.,1,3,162165,b33a5aefd2db32a461e2546a6bf1e6d9,1024,1024,RGB,JPEG,117.17236328125,57.81465530395508,True,297
1786,img_01786.jpg,A red double decker bus driving past a tall building.,1,4,18481,60085c76337623cb0e1fee995c730576,270,270,RGB,JPEG,142.283935546875,53.61878204345703,True,297
1787,img_01787.jpg,A red double decker bus driving past a tall building.,1,5,35868,6d4e6c78d4033f37d20c74ef978d9ff4,436,436,RGB,JPEG,98.704345703125,59.173397064208984,True,297
1788,img_01788.jpg,a man wearing leather riding on a motorcycle ,0,0,100557,1b2321cc0727844e0296530e525c6c0a,640,480,RGB,JPEG,79.57275390625,50.858089447021484,True,298
1789,img_01789.jpg,a man wearing leather riding on a motorcycle ,1,1,92981,2bab1799ab88f2e3a191c4972b3b04b7,768,768,RGB,JPEG,107.791015625,74.39212036132812,True,298
1790,img_01790.jpg,a man wearing leather riding on a motorcycle ,1,2,122776,c1d190ecb1a5cb295888a95d290720d9,1024,1024,RGB,JPEG,98.12841796875,56.768409729003906,True,298
1791,img_01791.jpg,a man wearing leather riding on a motorcycle ,1,3,120022,0af51dc7d53adf16a01facade5c7e76c,1024,1024,RGB,JPEG,136.917724609375,85.28126525878906,True,298
1792,img_01792.jpg,a man wearing leather riding on a motorcycle ,1,4,20051,8c15dd902a8768eb1d156f883dabe335,270,270,RGB,JPEG,96.579345703125,62.40386199951172,True,298
1793,img_01793.jpg,a man wearing leather riding on a motorcycle ,1,5,24875,9732f7029bc4eae8094a7acd8129f264,436,436,RGB,JPEG,93.107177734375,56.39689254760742,True,298
1794,img_01794.jpg,"A bathroom with a toilet, shower stall and a mirror.",0,0,25800,03b47178b0b814ef22a569e319e06ab3,480,640,RGB,JPEG,115.103515625,45.77973937988281,True,299
1795,img_01795.jpg,"A bathroom with a toilet, shower stall and a mirror.",1,1,56677,60abea814dbb3adfa8e30dbc19a72a3e,768,768,RGB,JPEG,124.0625,54.20709228515625,True,299
1796,img_01796.jpg,"A bathroom with a toilet, shower stall and a mirror.",1,2,73400,a07f0c2f10f9430aa0b651a776dfa930,1024,1024,RGB,JPEG,147.237060546875,33.049495697021484,True,299
1797,img_01797.jpg,"A bathroom with a toilet, shower stall and a mirror.",1,3,90661,5f652d195c006abc53844e4bcd3609b6,1024,1024,RGB,JPEG,132.952392578125,51.40663146972656,True,299
1798,img_01798.jpg,"A bathroom with a toilet, shower stall and a mirror.",1,4,15534,ccebc0746b0c6f676eb33346aa440f68,270,270,RGB,JPEG,145.67529296875,48.36157989501953,True,299
1799,img_01799.jpg,"A bathroom with a toilet, shower stall and a mirror.",1,5,22240,2356864a5b822aaebca2839fc84d93a3,436,436,RGB,JPEG,124.505859375,47.0001335144043,True,299
1800,img_01800.jpg,Giraffe walking around a grassy field under a cloudy sky.,0,0,39136,8353e2f96888e68e19c3173735946fc9,640,480,RGB,JPEG,126.528076171875,64.49752807617188,True,300
1801,img_01801.jpg,Giraffe walking around a grassy field under a cloudy sky.,1,1,41784,98abe30fe02c83015163a613f53da116,768,768,RGB,JPEG,123.58056640625,31.69788932800293,True,300
1802,img_01802.jpg,Giraffe walking around a grassy field under a cloudy sky.,1,2,81144,c56605edcd095e76799bed4121725e49,1024,1024,RGB,JPEG,132.411865234375,32.1459846496582,True,300
1803,img_01803.jpg,Giraffe walking around a grassy field under a cloudy sky.,1,3,125205,31b534e9f44db3c91a61475deecbe5aa,1024,1024,RGB,JPEG,161.91943359375,45.73453140258789,True,300
1804,img_01804.jpg,Giraffe walking around a grassy field under a cloudy sky.,1,4,14311,e02463270db0f11b6c11e1ac4b0d8936,270,270,RGB,JPEG,125.11474609375,59.739112854003906,True,300
1805,img_01805.jpg,Giraffe walking around a grassy field under a cloudy sky.,1,5,21316,e1f9aba644d9002a956c820ef5a7ae3f,436,436,RGB,JPEG,114.041015625,50.31605529785156,True,300
1806,img_01806.jpg,a sign on a fence with trees on the other side,0,0,103758,e3a325b19ab3078d33bedb24a2bce760,480,640,RGB,JPEG,92.3779296875,54.206993103027344,True,301
1807,img_01807.jpg,a sign on a fence with trees on the other side,1,1,109266,7b8f629ea15de9bde4d0fe956625e3d1,768,768,RGB,JPEG,97.690673828125,46.15420913696289,True,301
1808,img_01808.jpg,a sign on a fence with trees on the other side,1,2,177767,a40bdbe79c0905a3844c2bb88fef920d,1024,1024,RGB,JPEG,84.040283203125,42.24135971069336,True,301
1809,img_01809.jpg,a sign on a fence with trees on the other side,1,3,184998,18ac619791961360ac23467123d2ec01,1024,1024,RGB,JPEG,108.22900390625,56.04304504394531,True,301
1810,img_01810.jpg,a sign on a fence with trees on the other side,1,4,21483,940c353e82267a71f23176440ccb93ce,270,270,RGB,JPEG,111.818115234375,55.645751953125,True,301
1811,img_01811.jpg,a sign on a fence with trees on the other side,1,5,26222,3d50d0c0580a721fe7718553b309f9b9,436,436,RGB,JPEG,64.734375,37.98489761352539,True,301
1812,img_01812.jpg,A person sitting on a large cement planter.,0,0,76773,fdad5c8d9e75cce2ce75e77fbf6fe9f3,640,427,RGB,JPEG,99.77099609375,49.74303436279297,True,302
1813,img_01813.jpg,A person sitting on a large cement planter.,1,1,83955,f96e3f47e92596ee1542e97246936128,768,768,RGB,JPEG,136.87548828125,50.82600784301758,True,302
1814,img_01814.jpg,A person sitting on a large cement planter.,1,2,57558,bb1dac13840d3d95480d2d44bcf1ce40,1024,1024,RGB,JPEG,148.2802734375,35.52037811279297,True,302
1815,img_01815.jpg,A person sitting on a large cement planter.,1,3,219199,075593287e001a4571e2763a01f0c2c1,1024,1024,RGB,JPEG,160.005126953125,63.97613525390625,True,302
1816,img_01816.jpg,A person sitting on a large cement planter.,1,4,14689,8805ec559b4f3268671d880563485ad7,270,270,RGB,JPEG,118.15966796875,56.267459869384766,True,302
1817,img_01817.jpg,A person sitting on a large cement planter.,1,5,16171,35c78bb5ca44c816c4bf9dea6f9daf23,436,436,RGB,JPEG,164.831298828125,48.4045295715332,True,302
1818,img_01818.jpg,A white toilet sitting on top of a wood floor in a bathroom.,0,0,25033,b5e0c372daa1446a241c0e6ef2c5172d,500,453,RGB,JPEG,166.9892578125,44.55412673950195,True,303
1819,img_01819.jpg,A white toilet sitting on top of a wood floor in a bathroom.,1,1,61320,2303331a40351253567732a97d380bf9,768,768,RGB,JPEG,129.36083984375,54.86433792114258,True,303
1820,img_01820.jpg,A white toilet sitting on top of a wood floor in a bathroom.,1,2,70982,c6a2e476b8ad6faff79e95fb49a66ebc,1024,1024,RGB,JPEG,151.19384765625,44.81221389770508,True,303
1821,img_01821.jpg,A white toilet sitting on top of a wood floor in a bathroom.,1,3,62371,6a3c29c3b3876dc0fad3b8554f2baa7a,1024,1024,RGB,JPEG,132.634033203125,84.70225524902344,True,303
1822,img_01822.jpg,A white toilet sitting on top of a wood floor in a bathroom.,1,4,11993,f6db98eb1f486496cc63482e09b6c7a1,270,270,RGB,JPEG,123.951171875,60.826385498046875,True,303
1823,img_01823.jpg,A white toilet sitting on top of a wood floor in a bathroom.,1,5,20131,b29f5e061bd0a6930615089731072316,436,436,RGB,JPEG,133.72119140625,51.640113830566406,True,303
1824,img_01824.jpg,A small child watching home videos on T.V.,0,0,16714,d222d2a76a7443a2db2377e86a7a4a54,500,281,RGB,JPEG,104.942138671875,42.286685943603516,True,304
1825,img_01825.jpg,A small child watching home videos on T.V.,1,1,47878,676f4006d1e028257910400c71d4194f,768,768,RGB,JPEG,105.052978515625,58.6909065246582,True,304
1826,img_01826.jpg,A small child watching home videos on T.V.,1,2,80129,8a78b721c2e1ff20c1848b2f8cd498f1,1024,1024,RGB,JPEG,123.567138671875,64.02278137207031,True,304
1827,img_01827.jpg,A small child watching home videos on T.V.,1,3,85753,cc14e4a15c20d9f229b6037f5686f766,1024,1024,RGB,JPEG,113.457763671875,78.36534118652344,True,304
1828,img_01828.jpg,A small child watching home videos on T.V.,1,4,15799,9aa2a6c6f6d00546c9fcff7f258e6e54,270,270,RGB,JPEG,111.77099609375,66.867919921875,True,304
1829,img_01829.jpg,A small child watching home videos on T.V.,1,5,17384,681dffc2a3f6fc813250585221d1a15f,436,436,RGB,JPEG,57.562255859375,54.38838577270508,True,304
1830,img_01830.jpg,A messy desk is shown with a laptop computer.,0,0,41600,67cdc88f36332253a2b48e45ecddf71a,500,375,RGB,JPEG,120.221435546875,75.90184020996094,True,305
1831,img_01831.jpg,A messy desk is shown with a laptop computer.,1,1,87937,7a07494f8f96c4ce047b3cdb3ab9ac98,768,768,RGB,JPEG,110.554931640625,64.47854614257812,True,305
1832,img_01832.jpg,A messy desk is shown with a laptop computer.,1,2,117662,620d01e56c36cdd848c5b77258bc5f0c,1024,1024,RGB,JPEG,122.392578125,66.76998138427734,True,305
1833,img_01833.jpg,A messy desk is shown with a laptop computer.,1,3,66411,22dcf901c2d1890c3c9590db2e3d7f6b,1024,1024,RGB,JPEG,155.916259765625,95.26708221435547,True,305
1834,img_01834.jpg,A messy desk is shown with a laptop computer.,1,4,19640,6aa680651d8e5a508ea8a65e39063ca4,270,270,RGB,JPEG,125.5283203125,70.43608093261719,True,305
1835,img_01835.jpg,A messy desk is shown with a laptop computer.,1,5,26726,b286191b0519e3fa5a73c2ff94f8483a,436,436,RGB,JPEG,99.850830078125,76.75,True,305
1836,img_01836.jpg,a small dog is sitting on a table,0,0,33395,60608b6e24b244da2ae6f33430e67017,374,500,RGB,JPEG,111.510986328125,41.768028259277344,True,306
1837,img_01837.jpg,a small dog is sitting on a table,1,1,35930,8ce6c4ec94723d7be8cfb18448d1af72,768,768,RGB,JPEG,118.171630859375,51.59776306152344,True,306
1838,img_01838.jpg,a small dog is sitting on a table,1,2,67306,fa6b99101bf1ee0496770a66fa2cf1af,1024,1024,RGB,JPEG,134.00048828125,43.70530319213867,True,306
1839,img_01839.jpg,a small dog is sitting on a table,1,3,64452,5df989bb2c0b55db68143848c82ea17c,1024,1024,RGB,JPEG,139.632080078125,81.61734771728516,True,306
1840,img_01840.jpg,a small dog is sitting on a table,1,4,15490,85a7c441187b33088704ae181a999144,270,270,RGB,JPEG,121.52783203125,62.99401092529297,True,306
1841,img_01841.jpg,a small dog is sitting on a table,1,5,12086,1c9a73956ca7bf9a3365e239db6c593a,436,436,RGB,JPEG,73.452880859375,50.27387237548828,True,306
1842,img_01842.jpg,A dark green and yellow striped train that says Duke of Edinburgh on a train track while a lady takes a photo with her camera. ,0,0,53279,107ef5696b1fd45cb595f6308a5db31b,640,426,RGB,JPEG,89.851806640625,61.124202728271484,True,307
1843,img_01843.jpg,A dark green and yellow striped train that says Duke of Edinburgh on a train track while a lady takes a photo with her camera. ,1,1,127375,add2566520f731c8cfb22590f3156e8e,768,768,RGB,JPEG,107.468994140625,57.1029052734375,True,307
1844,img_01844.jpg,A dark green and yellow striped train that says Duke of Edinburgh on a train track while a lady takes a photo with her camera. ,1,2,152083,a75f72bb2579c043505ca704e22dfd15,1024,1024,RGB,JPEG,103.7080078125,50.64385986328125,True,307
1845,img_01845.jpg,A dark green and yellow striped train that says Duke of Edinburgh on a train track while a lady takes a photo with her camera. ,1,3,135257,3b89f457c75b4d19d55f95a1c869c416,1024,1024,RGB,JPEG,100.15869140625,76.68245697021484,True,307
1846,img_01846.jpg,A dark green and yellow striped train that says Duke of Edinburgh on a train track while a lady takes a photo with her camera. ,1,4,20159,1032395682e36d1a450776c1da2dc4b8,270,270,RGB,JPEG,94.3466796875,58.803836822509766,True,307
1847,img_01847.jpg,A dark green and yellow striped train that says Duke of Edinburgh on a train track while a lady takes a photo with her camera. ,1,5,30107,4e3543e7001b80c679bd4a88f1f5614b,436,436,RGB,JPEG,65.91943359375,51.90538024902344,True,307
1848,img_01848.jpg,A man sitting on a green bench in the park,0,0,119120,59f90546d100347e5fd37171955432c4,640,640,RGB,JPEG,137.796875,53.792720794677734,True,308
1849,img_01849.jpg,A man sitting on a green bench in the park,1,1,106317,ef841144e4fb6c8b21dad05b56309282,768,768,RGB,JPEG,99.8525390625,45.38606262207031,True,308
1850,img_01850.jpg,A man sitting on a green bench in the park,1,2,133283,fe8cc465da60f525be677250fd16f1b4,1024,1024,RGB,JPEG,123.04052734375,50.804500579833984,True,308
1851,img_01851.jpg,A man sitting on a green bench in the park,1,3,188860,e18ba23cb732556abafd6a685ed0c9c9,1024,1024,RGB,JPEG,110.851318359375,62.6954231262207,True,308
1852,img_01852.jpg,A man sitting on a green bench in the park,1,4,19331,809b050fe45735485da85e48fd2e0d4e,270,270,RGB,JPEG,105.276123046875,57.06705093383789,True,308
1853,img_01853.jpg,A man sitting on a green bench in the park,1,5,34525,d896a69505679202aa8d539fc48e31cb,436,436,RGB,JPEG,81.59130859375,25.80634117126465,True,308
1854,img_01854.jpg,A white bus parked next to a lush green park.,0,0,64090,ad4d7d4bbbdea770ea3d2fe30b3a8231,575,640,RGB,JPEG,113.18798828125,78.10999298095703,True,309
1855,img_01855.jpg,A white bus parked next to a lush green park.,1,1,130243,5644619c512314a1226a1dc54ebc8395,768,768,RGB,JPEG,111.231201171875,56.60502243041992,True,309
1856,img_01856.jpg,A white bus parked next to a lush green park.,1,2,188620,627d2ea72d000901c39c72df22ae9a37,1024,1024,RGB,JPEG,105.857421875,47.881675720214844,True,309
1857,img_01857.jpg,A white bus parked next to a lush green park.,1,3,323952,650a426aa8902893ed780d727c9eaa4d,1024,1024,RGB,JPEG,131.679443359375,77.4145278930664,True,309
1858,img_01858.jpg,A white bus parked next to a lush green park.,1,4,15737,2174297cb9f53c110158fa0e805d2d55,270,270,RGB,JPEG,104.542724609375,53.50078201293945,True,309
1859,img_01859.jpg,A white bus parked next to a lush green park.,1,5,37157,663a3f9b59869f6764530d2f80bc164c,436,436,RGB,JPEG,87.4560546875,53.344749450683594,True,309
1860,img_01860.jpg,a close up of a woman wearing jewelry and a boat in the background,0,0,42223,56c8c5d63f745fdde5dc748c8332cd4e,640,576,RGB,JPEG,171.196533203125,60.59451675415039,True,310
1861,img_01861.jpg,a close up of a woman wearing jewelry and a boat in the background,1,1,65702,a3aedf5d1358736969f11b8d96c9fcfc,768,768,RGB,JPEG,123.23388671875,50.788875579833984,True,310
1862,img_01862.jpg,a close up of a woman wearing jewelry and a boat in the background,1,2,77910,3e73b4733bb1cea13fef9341e797433b,1024,1024,RGB,JPEG,119.2421875,44.44995880126953,True,310
1863,img_01863.jpg,a close up of a woman wearing jewelry and a boat in the background,1,3,92234,14a90ff89b5ebaf475317fb76bcaa556,1024,1024,RGB,JPEG,137.640625,54.11990737915039,True,310
1864,img_01864.jpg,a close up of a woman wearing jewelry and a boat in the background,1,4,15444,b57eee5f107b874e1f35ae6f65a92c22,270,270,RGB,JPEG,115.6435546875,61.847084045410156,True,310
1865,img_01865.jpg,a close up of a woman wearing jewelry and a boat in the background,1,5,29291,7349d35fef7606c2891811d2c23354ca,436,436,RGB,JPEG,103.56982421875,50.19075393676758,True,310
1866,img_01866.jpg,a large piece of paper on a refrigerator saying stop. ,0,0,33277,ffdc82d48d65fccff25e797d0dbab0f3,640,480,RGB,JPEG,158.553955078125,35.48088836669922,True,311
1867,img_01867.jpg,a large piece of paper on a refrigerator saying stop. ,1,1,31456,583824cbbb49dc010c3c85d6703f9552,768,768,RGB,JPEG,131.17578125,52.15294647216797,True,311
1868,img_01868.jpg,a large piece of paper on a refrigerator saying stop. ,1,2,51683,2e8cee505efd67075ee78065c576df09,1024,1024,RGB,JPEG,164.92041015625,42.10076141357422,True,311
1869,img_01869.jpg,a large piece of paper on a refrigerator saying stop. ,1,3,47678,2d5a3fb6c7e0a6440673e5ac2d3fef63,1024,1024,RGB,JPEG,161.050048828125,57.93981170654297,True,311
1870,img_01870.jpg,a large piece of paper on a refrigerator saying stop. ,1,4,27840,21c8e437db7c47196b2a9b06f505dd00,270,270,RGB,JPEG,120.861083984375,50.50893783569336,True,311
1871,img_01871.jpg,a large piece of paper on a refrigerator saying stop. ,1,5,18956,9e90632d8582f738a13397ee67ff8de4,436,436,RGB,JPEG,88.947021484375,58.46696090698242,True,311
1872,img_01872.jpg,a number of statues of people in a kitchen,0,0,42026,1e026b578307e77cf4ae308651e2ab52,640,360,RGB,JPEG,91.303955078125,50.06703186035156,True,312
1873,img_01873.jpg,a number of statues of people in a kitchen,1,1,74171,261a5361e02c0d689731325f2e6d5544,768,768,RGB,JPEG,101.5595703125,57.034690856933594,True,312
1874,img_01874.jpg,a number of statues of people in a kitchen,1,2,101523,6ab776c3525fd6f6b5cb16b966abc3ac,1024,1024,RGB,JPEG,124.416748046875,47.40631866455078,True,312
1875,img_01875.jpg,a number of statues of people in a kitchen,1,3,134111,bf54931a549c34aedc7a720bd956c7a9,1024,1024,RGB,JPEG,133.57421875,58.085670471191406,True,312
1876,img_01876.jpg,a number of statues of people in a kitchen,1,4,22700,300c332d8d67b37db8cb3be745d8146f,270,270,RGB,JPEG,125.7509765625,64.95203399658203,True,312
1877,img_01877.jpg,a number of statues of people in a kitchen,1,5,26520,f43e9c8c8e76c4d995295d8b7fdab91d,436,436,RGB,JPEG,98.869140625,42.76912307739258,True,312
1878,img_01878.jpg,A woman holding an umbrella while walking down a street.,0,0,66668,a27915aa6d2ed306f6cbed7d952d3c85,640,426,RGB,JPEG,128.36572265625,57.34495162963867,True,313
1879,img_01879.jpg,A woman holding an umbrella while walking down a street.,1,1,87549,857b0b09439c6559c26cb3aa1355fe96,768,768,RGB,JPEG,123.3291015625,72.42915344238281,True,313
1880,img_01880.jpg,A woman holding an umbrella while walking down a street.,1,2,104737,b4e24aad68c1c08d57f4aecce6156284,1024,1024,RGB,JPEG,106.041748046875,35.04621505737305,True,313
1881,img_01881.jpg,A woman holding an umbrella while walking down a street.,1,3,133396,71f250314d462c6febd96b35ef29c557,1024,1024,RGB,JPEG,128.63623046875,69.79766082763672,True,313
1882,img_01882.jpg,A woman holding an umbrella while walking down a street.,1,4,16599,98aee54c268142dc44a83db082ad29c0,270,270,RGB,JPEG,101.10302734375,66.87818145751953,True,313
1883,img_01883.jpg,A woman holding an umbrella while walking down a street.,1,5,31138,a8a83fc5c5b70ce3c328a98015975f9d,436,436,RGB,JPEG,98.406494140625,57.40781784057617,True,313
1884,img_01884.jpg,A photograph of a cat and mouse on top of a dog.,0,0,76299,5a463a092646f52402fef94a8a1a947c,640,512,RGB,JPEG,95.228759765625,46.86293411254883,True,314
1885,img_01885.jpg,A photograph of a cat and mouse on top of a dog.,1,1,67418,e1a91822349ac5a2fb724789db05f118,768,768,RGB,JPEG,114.81396484375,41.74506759643555,True,314
1886,img_01886.jpg,A photograph of a cat and mouse on top of a dog.,1,2,75840,fd1dfc4f5f8121d2455048f1d0763b9c,1024,1024,RGB,JPEG,101.656494140625,32.20180892944336,True,314
1887,img_01887.jpg,A photograph of a cat and mouse on top of a dog.,1,3,98552,07d118acd94629450c1e399efb3b9934,1024,1024,RGB,JPEG,141.006103515625,68.16117095947266,True,314
1888,img_01888.jpg,A photograph of a cat and mouse on top of a dog.,1,4,14007,f7e16951188a6cf547b2f2c20a31c88e,270,270,RGB,JPEG,142.0634765625,57.471065521240234,True,314
1889,img_01889.jpg,A photograph of a cat and mouse on top of a dog.,1,5,16471,bbae711666fa9280cec13afb2d91a3e0,436,436,RGB,JPEG,52.96240234375,48.24930191040039,True,314
1890,img_01890.jpg,two people on motorcycles car and trees and water,0,0,55412,f98acf9772c5fccf3bc201291ed823dd,425,640,RGB,JPEG,78.36376953125,54.80467987060547,True,315
1891,img_01891.jpg,two people on motorcycles car and trees and water,1,1,139988,1c2d41617e42cfc5f60cfe64a126b09b,768,768,RGB,JPEG,101.70654296875,64.1748275756836,True,315
1892,img_01892.jpg,two people on motorcycles car and trees and water,1,2,131321,df5a1123071c6a01a3f9da327e3ce02a,1024,1024,RGB,JPEG,100.5029296875,41.3916015625,True,315
1893,img_01893.jpg,two people on motorcycles car and trees and water,1,3,269024,4f70ea7a4b287bd97f399e2f6bdcb07f,1024,1024,RGB,JPEG,129.379150390625,53.12226867675781,True,315
1894,img_01894.jpg,two people on motorcycles car and trees and water,1,4,22699,f7d7966c59055906b41dd6ede7dd4f0b,270,270,RGB,JPEG,118.404541015625,59.51666259765625,True,315
1895,img_01895.jpg,two people on motorcycles car and trees and water,1,5,27307,cd03cb447fa8bac39d7702a1bf79da01,436,436,RGB,JPEG,107.771484375,42.5322265625,True,315
1896,img_01896.jpg,A bathroom showing the bathtub and the sink and mirror.,0,0,28972,16f3f8941228c86f17c95df20d8d7bcc,480,640,RGB,JPEG,110.10888671875,38.115238189697266,True,316
1897,img_01897.jpg,A bathroom showing the bathtub and the sink and mirror.,1,1,57212,ac6570792c767077b2554ed7bad58772,768,768,RGB,JPEG,135.5771484375,50.32072448730469,True,316
1898,img_01898.jpg,A bathroom showing the bathtub and the sink and mirror.,1,2,68243,a665da42661366dc0ac01ef3f925ec53,1024,1024,RGB,JPEG,149.563232421875,33.411251068115234,True,316
1899,img_01899.jpg,A bathroom showing the bathtub and the sink and mirror.,1,3,126856,af61be691e222b2de5493be8f81b9073,1024,1024,RGB,JPEG,155.126953125,46.306095123291016,True,316
1900,img_01900.jpg,A bathroom showing the bathtub and the sink and mirror.,1,4,15640,2c4a00b5e61be625c1471611cd820eec,270,270,RGB,JPEG,118.99755859375,59.48817443847656,True,316
1901,img_01901.jpg,A bathroom showing the bathtub and the sink and mirror.,1,5,24030,52eac8fe7c8985db47e1f091832535c9,436,436,RGB,JPEG,103.16943359375,50.891170501708984,True,316
1902,img_01902.jpg,A basic kitchen with wooden cabinets and a bowl of fruit. ,0,0,42775,eff9c54df5fd841d2f58d45b9664d7ec,640,480,RGB,JPEG,117.78857421875,39.51863479614258,True,317
1903,img_01903.jpg,A basic kitchen with wooden cabinets and a bowl of fruit. ,1,1,62708,d7f36b3c02e6f1b7bb7abbd73fbc5e38,768,768,RGB,JPEG,104.63720703125,48.74880599975586,True,317
1904,img_01904.jpg,A basic kitchen with wooden cabinets and a bowl of fruit. ,1,2,106430,e496ecdb6f30f1fb15992d3a50692b7f,1024,1024,RGB,JPEG,125.123046875,50.73740005493164,True,317
1905,img_01905.jpg,A basic kitchen with wooden cabinets and a bowl of fruit. ,1,3,106009,2c2cea0fc1ad25fb6c7f67a7904867a6,1024,1024,RGB,JPEG,167.374755859375,60.22419357299805,True,317
1906,img_01906.jpg,A basic kitchen with wooden cabinets and a bowl of fruit. ,1,4,16916,915609463f725954fed1b84688052006,270,270,RGB,JPEG,129.396728515625,52.90652847290039,True,317
1907,img_01907.jpg,A basic kitchen with wooden cabinets and a bowl of fruit. ,1,5,17737,7d022a8c990b250aaea41e80a130e641,436,436,RGB,JPEG,98.38330078125,55.7681884765625,True,317
1908,img_01908.jpg,Three white urinals hanging on a wall in the bathroom.,0,0,40943,7ccc64ecd73a17b9056660a2dbabd736,500,331,RGB,JPEG,100.13134765625,55.70619583129883,True,318
1909,img_01909.jpg,Three white urinals hanging on a wall in the bathroom.,1,1,40694,a261b46e7d27bdf1c431221f66f05d12,768,768,RGB,JPEG,113.4072265625,46.783382415771484,True,318
1910,img_01910.jpg,Three white urinals hanging on a wall in the bathroom.,1,2,75146,e7ffcd4a700973ea3cdc7db524aa5c1f,1024,1024,RGB,JPEG,156.72119140625,44.30894088745117,True,318
1911,img_01911.jpg,Three white urinals hanging on a wall in the bathroom.,1,3,94969,8a2a5e0d5259bd58bd4cd05ee6415910,1024,1024,RGB,JPEG,142.868896484375,60.769168853759766,True,318
1912,img_01912.jpg,Three white urinals hanging on a wall in the bathroom.,1,4,13753,13d2085ff473d23315f15d2fb9fc8739,270,270,RGB,JPEG,120.713623046875,64.59837341308594,True,318
1913,img_01913.jpg,Three white urinals hanging on a wall in the bathroom.,1,5,20251,d031647cbd77782e7df9eedb52ffa137,436,436,RGB,JPEG,143.27099609375,29.80042266845703,True,318
1914,img_01914.jpg,A tabby cat laying on a cat scratcher in front of a bicycle wheel. ,0,0,52136,283926cc6869415de5c8126c2328c0ba,426,640,RGB,JPEG,104.357666015625,46.09601974487305,True,319
1915,img_01915.jpg,A tabby cat laying on a cat scratcher in front of a bicycle wheel. ,1,1,108991,4b7d880aa304bdc4215b84fca4161e12,768,768,RGB,JPEG,106.305908203125,47.04741668701172,True,319
1916,img_01916.jpg,A tabby cat laying on a cat scratcher in front of a bicycle wheel. ,1,2,105812,5fe27a6d30317a02fd6145ead88fac85,1024,1024,RGB,JPEG,121.954833984375,64.66816711425781,True,319
1917,img_01917.jpg,A tabby cat laying on a cat scratcher in front of a bicycle wheel. ,1,3,132802,0f863a5c7aacb243c61fd3ac13e5eaed,1024,1024,RGB,JPEG,167.506103515625,69.66046905517578,True,319
1918,img_01918.jpg,A tabby cat laying on a cat scratcher in front of a bicycle wheel. ,1,4,18811,c32e5221fbd4dbd0c71cbcce0d6db695,270,270,RGB,JPEG,83.325439453125,56.07258605957031,True,319
1919,img_01919.jpg,A tabby cat laying on a cat scratcher in front of a bicycle wheel. ,1,5,30544,db77e5b62e8ad2fbce6965d0655a29a8,436,436,RGB,JPEG,73.20654296875,53.0714225769043,True,319
1920,img_01920.jpg,A man with oil changing items next to a motorcycle.,0,0,68517,9a20096fb96d7099aca11df1382a3b02,640,428,RGB,JPEG,124.541748046875,54.7941780090332,True,320
1921,img_01921.jpg,A man with oil changing items next to a motorcycle.,1,1,111020,09d3cb0ef40de03b5842d391ae0b668b,768,768,RGB,JPEG,118.17138671875,54.62377166748047,True,320
1922,img_01922.jpg,A man with oil changing items next to a motorcycle.,1,2,131714,91f6cdc2ea3098a0af4e6082235bb9e9,1024,1024,RGB,JPEG,109.8125,55.61616897583008,True,320
1923,img_01923.jpg,A man with oil changing items next to a motorcycle.,1,3,133029,33429b3e6b4139a903f2ebb9b94f9a9a,1024,1024,RGB,JPEG,119.326416015625,84.4689712524414,True,320
1924,img_01924.jpg,A man with oil changing items next to a motorcycle.,1,4,21692,89dc1cd4594ca46974ef372f1ac9802a,270,270,RGB,JPEG,91.8701171875,53.836219787597656,True,320
1925,img_01925.jpg,A man with oil changing items next to a motorcycle.,1,5,25272,0697853edb5d29a4af7dc3f66f772023,436,436,RGB,JPEG,88.607421875,55.98143768310547,True,320
1926,img_01926.jpg,A toilet sitting on the ground near a wall.,0,0,54939,01333288d668af7cad143b2b457f14c9,480,640,RGB,JPEG,104.29150390625,52.168392181396484,True,321
1927,img_01927.jpg,A toilet sitting on the ground near a wall.,1,1,83372,ff84c0cc1775c8a72c555409fca71f8a,768,768,RGB,JPEG,131.536865234375,40.102073669433594,True,321
1928,img_01928.jpg,A toilet sitting on the ground near a wall.,1,2,84004,28fdfc5061e144072936efa7669a2262,1024,1024,RGB,JPEG,107.608642578125,36.080230712890625,True,321
1929,img_01929.jpg,A toilet sitting on the ground near a wall.,1,3,90334,4e9f0963d80853787e1d478af47645fc,1024,1024,RGB,JPEG,138.00390625,61.732112884521484,True,321
1930,img_01930.jpg,A toilet sitting on the ground near a wall.,1,4,17576,c91c1062ab02bab1240585d004402ea8,270,270,RGB,JPEG,95.471923828125,54.72653579711914,True,321
1931,img_01931.jpg,A toilet sitting on the ground near a wall.,1,5,15589,5b197758a08e552c355ae244d0bc7f29,436,436,RGB,JPEG,47.735595703125,30.860591888427734,True,321
1932,img_01932.jpg,a child sitting on the ground with a flower,0,0,47737,280e515cc32ebed76dda118b6c0201bf,420,640,RGB,JPEG,124.19775390625,60.39936447143555,True,322
1933,img_01933.jpg,a child sitting on the ground with a flower,1,1,106308,c29b4643ae24dddc635aacf7f21a4e21,768,768,RGB,JPEG,124.39306640625,42.86350631713867,True,322
1934,img_01934.jpg,a child sitting on the ground with a flower,1,2,116300,07af5fbb2353bd47fee5040cc0ab866a,1024,1024,RGB,JPEG,121.199462890625,38.9299201965332,True,322
1935,img_01935.jpg,a child sitting on the ground with a flower,1,3,161169,2e93d724b961789540923c2e08d12fb5,1024,1024,RGB,JPEG,151.7314453125,54.826576232910156,True,322
1936,img_01936.jpg,a child sitting on the ground with a flower,1,4,21012,024ac72402347c4c4856fe284679ce5a,270,270,RGB,JPEG,146.848388671875,71.98279571533203,True,322
1937,img_01937.jpg,a child sitting on the ground with a flower,1,5,28578,3b2e9e181adf0d645507d8960d35c6cf,436,436,RGB,JPEG,68.681396484375,35.3176383972168,True,322
1938,img_01938.jpg,A large passenger jet flying over the top of a large body of water.,0,0,21719,93635bc92884b178540ed0268bd476cc,640,427,RGB,JPEG,128.39208984375,28.063764572143555,True,323
1939,img_01939.jpg,A large passenger jet flying over the top of a large body of water.,1,1,75090,df8c1e1a9741fb6e419a9c2c53afdbfa,768,768,RGB,JPEG,120.229736328125,35.22989273071289,True,323
1940,img_01940.jpg,A large passenger jet flying over the top of a large body of water.,1,2,52804,0e5ec866b2d67436885b1a07c494cbef,1024,1024,RGB,JPEG,126.897216796875,22.4794921875,True,323
1941,img_01941.jpg,A large passenger jet flying over the top of a large body of water.,1,3,57486,28dca25aad0d123ec503571f86f7d260,1024,1024,RGB,JPEG,109.43896484375,42.27653884887695,True,323
1942,img_01942.jpg,A large passenger jet flying over the top of a large body of water.,1,4,12370,da17959b8c2e601509e344b4e09d608b,270,270,RGB,JPEG,130.0751953125,56.308353424072266,True,323
1943,img_01943.jpg,A large passenger jet flying over the top of a large body of water.,1,5,21269,14d255f80617e52ab19f9ed6267a65c4,436,436,RGB,JPEG,112.618408203125,62.00570297241211,True,323
1944,img_01944.jpg,People waiting to cross a street at a traffic light.,0,0,43331,58c3cdf12c9d22702631b19ddd4063cb,500,375,RGB,JPEG,125.449462890625,51.22910690307617,True,324
1945,img_01945.jpg,People waiting to cross a street at a traffic light.,1,1,97463,e1cc1a2a4dd7584bfa6e1f8f5f5ef939,768,768,RGB,JPEG,119.122802734375,64.54106903076172,True,324
1946,img_01946.jpg,People waiting to cross a street at a traffic light.,1,2,152780,51225c47d153b9ea9f07489bbc6a39a6,1024,1024,RGB,JPEG,134.836181640625,43.282432556152344,True,324
1947,img_01947.jpg,People waiting to cross a street at a traffic light.,1,3,152433,030dd22d516536f062020caa0fbe2162,1024,1024,RGB,JPEG,125.19677734375,66.20833587646484,True,324
1948,img_01948.jpg,People waiting to cross a street at a traffic light.,1,4,18463,044d966a6379c31dbe0196abc8f3f026,270,270,RGB,JPEG,129.38671875,55.040557861328125,True,324
1949,img_01949.jpg,People waiting to cross a street at a traffic light.,1,5,16107,de189c8168a2a1ad0735071413bd15f8,436,436,RGB,JPEG,131.853271484375,39.955135345458984,True,324
1950,img_01950.jpg,A kitchen filled with a metal stove top oven.,0,0,23676,fd7b5dd719ae54c0a1ac6145e4694723,640,482,RGB,JPEG,119.640380859375,48.30259323120117,True,325
1951,img_01951.jpg,A kitchen filled with a metal stove top oven.,1,1,123582,18b3e5865c1e96e6fb328a566e189b93,768,768,RGB,JPEG,118.828369140625,48.938472747802734,True,325
1952,img_01952.jpg,A kitchen filled with a metal stove top oven.,1,2,118667,26ee389455f5864e701f2e47aa056f31,1024,1024,RGB,JPEG,127.665771484375,53.1445426940918,True,325
1953,img_01953.jpg,A kitchen filled with a metal stove top oven.,1,3,120196,de0c52a1c2f4c73f772cf9d53ed660d5,1024,1024,RGB,JPEG,145.615234375,57.36927795410156,True,325
1954,img_01954.jpg,A kitchen filled with a metal stove top oven.,1,4,24841,c335e3a272b2fec6f5ab51ff2c0006d7,270,270,RGB,JPEG,121.485595703125,55.764774322509766,True,325
1955,img_01955.jpg,A kitchen filled with a metal stove top oven.,1,5,24579,a1dd5fa736b2658f0ab688f00f38311c,436,436,RGB,JPEG,115.5830078125,62.98908233642578,True,325
1956,img_01956.jpg,A motorcycle parked in a parking space next to another motorcycle.,0,0,124054,d12334dd62446d111d167705eda9b9c9,565,640,RGB,JPEG,117.004638671875,44.96059036254883,True,326
1957,img_01957.jpg,A motorcycle parked in a parking space next to another motorcycle.,1,1,109005,b56c6d0e6d627ff4ac9368ecf5349a46,768,768,RGB,JPEG,130.891845703125,53.79151916503906,True,326
1958,img_01958.jpg,A motorcycle parked in a parking space next to another motorcycle.,1,2,128722,5dcf84547130d4b4cf359f5ea8d492a7,1024,1024,RGB,JPEG,111.251953125,45.49208450317383,True,326
1959,img_01959.jpg,A motorcycle parked in a parking space next to another motorcycle.,1,3,273810,3889e93be636824512e1d98513002d24,1024,1024,RGB,JPEG,129.111572265625,69.9425277709961,True,326
1960,img_01960.jpg,A motorcycle parked in a parking space next to another motorcycle.,1,4,23252,430b2417a61ba5f5c9d36a3dafb75ca9,270,270,RGB,JPEG,85.610107421875,42.02819061279297,True,326
1961,img_01961.jpg,A motorcycle parked in a parking space next to another motorcycle.,1,5,25833,dcbf5060a8425499cc08eaae1aeaed69,436,436,RGB,JPEG,86.53857421875,47.18894958496094,True,326
1962,img_01962.jpg,Several people crossing at an intersection with traffic lights. ,0,0,72260,c58f0c267a9251ea441720a31578abdd,640,480,RGB,JPEG,125.823486328125,69.74845123291016,True,327
1963,img_01963.jpg,Several people crossing at an intersection with traffic lights. ,1,1,96412,cf18d7a98f3ef70e639a93b17abd53a0,768,768,RGB,JPEG,125.581298828125,45.22164535522461,True,327
1964,img_01964.jpg,Several people crossing at an intersection with traffic lights. ,1,2,139534,79d8b7b5eefd3e465924a705fed18d4d,1024,1024,RGB,JPEG,117.985107421875,43.14769744873047,True,327
1965,img_01965.jpg,Several people crossing at an intersection with traffic lights. ,1,3,153121,b02c2b109b40132c0aa292ab2e463434,1024,1024,RGB,JPEG,116.16064453125,67.0909652709961,True,327
1966,img_01966.jpg,Several people crossing at an intersection with traffic lights. ,1,4,22005,9735c4610f57c7880e7e2b561124c528,270,270,RGB,JPEG,171.6357421875,45.23683547973633,True,327
1967,img_01967.jpg,Several people crossing at an intersection with traffic lights. ,1,5,31241,6d3c08a6e6c495564eee5e4c42c8c300,436,436,RGB,JPEG,101.296875,45.5510139465332,True,327
1968,img_01968.jpg,"A bathroom with double sinks, mirrors, toilet and towel racks.",0,0,44195,bc7b6b2a7b50c6bcfb0d24d1e3a65c3a,480,640,RGB,JPEG,74.623291015625,54.663185119628906,True,328
1969,img_01969.jpg,"A bathroom with double sinks, mirrors, toilet and towel racks.",1,1,78916,432cc9b7e45534c79c3f88ae7626a72c,768,768,RGB,JPEG,137.210693359375,53.6320915222168,True,328
1970,img_01970.jpg,"A bathroom with double sinks, mirrors, toilet and towel racks.",1,2,81615,01405fc5c8731687c29ae7d7169776c6,1024,1024,RGB,JPEG,146.619384765625,31.134769439697266,True,328
1971,img_01971.jpg,"A bathroom with double sinks, mirrors, toilet and towel racks.",1,3,92565,2ea06bad3b12e536afcd8f4d37e8ba63,1024,1024,RGB,JPEG,169.31494140625,55.49361801147461,True,328
1972,img_01972.jpg,"A bathroom with double sinks, mirrors, toilet and towel racks.",1,4,18710,90c5b03c85bb19ea8f26654176058dc4,270,270,RGB,JPEG,123.542236328125,51.904693603515625,True,328
1973,img_01973.jpg,"A bathroom with double sinks, mirrors, toilet and towel racks.",1,5,30791,da0580350bdc885de7efb0175531def7,436,436,RGB,JPEG,127.10986328125,45.579002380371094,True,328
1974,img_01974.jpg,A person wearing a backpack stands in front of a bus driving by on a city street.,0,0,44640,8b4ca8837deb8001625a6294272b3ec0,640,427,RGB,JPEG,152.12646484375,60.97844314575195,True,329
1975,img_01975.jpg,A person wearing a backpack stands in front of a bus driving by on a city street.,1,1,74901,97d5c115cd7f373a899c3741b2423c3b,768,768,RGB,JPEG,122.314453125,51.007781982421875,True,329
1976,img_01976.jpg,A person wearing a backpack stands in front of a bus driving by on a city street.,1,2,93254,8f6aa94f82408bc6267bb5099d81cbf1,1024,1024,RGB,JPEG,107.435546875,55.842411041259766,True,329
1977,img_01977.jpg,A person wearing a backpack stands in front of a bus driving by on a city street.,1,3,141780,baa8a36c44437ce25c281d9c13a20f1a,1024,1024,RGB,JPEG,108.50244140625,70.71221160888672,True,329
1978,img_01978.jpg,A person wearing a backpack stands in front of a bus driving by on a city street.,1,4,17297,0a2150795207547b3a32665c53182d5e,270,270,RGB,JPEG,86.795166015625,67.77408599853516,True,329
1979,img_01979.jpg,A person wearing a backpack stands in front of a bus driving by on a city street.,1,5,25467,8c0a8081bacec15173ed5eeed83bf306,436,436,RGB,JPEG,92.28076171875,62.56058883666992,True,329
1980,img_01980.jpg,Two black horses standing next to each other.,0,0,40107,8788496717035ca881dcfa4335885319,640,478,RGB,JPEG,117.987060546875,51.350215911865234,True,330
1981,img_01981.jpg,Two black horses standing next to each other.,1,1,91920,67c8a5281ce16d2dcf1779730aa48231,768,768,RGB,JPEG,115.399658203125,47.18751907348633,True,330
1982,img_01982.jpg,Two black horses standing next to each other.,1,2,87581,bf6b66c40b5c36a6cb617db3284a2c6f,1024,1024,RGB,JPEG,121.973388671875,64.23202514648438,True,330
1983,img_01983.jpg,Two black horses standing next to each other.,1,3,77205,da305baab25f7efdad30c861be0e1696,1024,1024,RGB,JPEG,111.156494140625,99.55007934570312,True,330
1984,img_01984.jpg,Two black horses standing next to each other.,1,4,13133,77a4d412bb7ac8ad3ffda9d1725a7994,270,270,RGB,JPEG,61.119384765625,49.64529800415039,True,330
1985,img_01985.jpg,Two black horses standing next to each other.,1,5,16771,a675a34472ec7793e05a6a081b750f79,436,436,RGB,JPEG,39.567138671875,33.5068473815918,True,330
1986,img_01986.jpg,A man flying a kite in a park on a clear day,0,0,84415,70e8a6632707491898bd44fb9db42166,640,429,RGB,JPEG,154.099365234375,47.894554138183594,True,331
1987,img_01987.jpg,A man flying a kite in a park on a clear day,1,1,66155,8508c2cec9b1519eb9e5110c82c04b0a,768,768,RGB,JPEG,121.548095703125,27.602252960205078,True,331
1988,img_01988.jpg,A man flying a kite in a park on a clear day,1,2,111712,53dfdc751ae5d82b56b9708de342d591,1024,1024,RGB,JPEG,138.5625,49.564701080322266,True,331
1989,img_01989.jpg,A man flying a kite in a park on a clear day,1,3,80632,ee0a7f029b7944bfcfdf0a61cd5c69ea,1024,1024,RGB,JPEG,159.5009765625,64.15530395507812,True,331
1990,img_01990.jpg,A man flying a kite in a park on a clear day,1,4,16369,56de5324dd0b5fc8e023abf1c7c311f9,270,270,RGB,JPEG,102.278076171875,46.632530212402344,True,331
1991,img_01991.jpg,A man flying a kite in a park on a clear day,1,5,16372,8cb2c3582a54aca69eb657930c1df83f,436,436,RGB,JPEG,144.8408203125,50.514976501464844,True,331
1992,img_01992.jpg,a number of people on bikes under a traffic light,0,0,25246,18287d5ce99b076330ed251327677875,640,360,RGB,JPEG,61.7353515625,44.18337631225586,True,332
1993,img_01993.jpg,a number of people on bikes under a traffic light,1,1,101353,ed554a6f821f4d963078345eac6085d0,768,768,RGB,JPEG,119.138671875,52.94783020019531,True,332
1994,img_01994.jpg,a number of people on bikes under a traffic light,1,2,124239,63312ec3af8e12e504797d1276946498,1024,1024,RGB,JPEG,105.5166015625,45.387054443359375,True,332
1995,img_01995.jpg,a number of people on bikes under a traffic light,1,3,130830,2748514b09b47851d9e1c4865b87c65e,1024,1024,RGB,JPEG,130.108154296875,81.41921997070312,True,332
1996,img_01996.jpg,a number of people on bikes under a traffic light,1,4,23436,3a049538d947973f03f6efa9a9f9b0d3,270,270,RGB,JPEG,135.144775390625,61.66094970703125,True,332
1997,img_01997.jpg,a number of people on bikes under a traffic light,1,5,18888,d613166779949be4b460e82a3d8a1828,436,436,RGB,JPEG,142.032958984375,84.76094818115234,True,332
1998,img_01998.jpg,A car that is sitting next to a rail car.,0,0,69068,4bb0efa5088f5134664ace4a2efbc61c,640,426,RGB,JPEG,107.1728515625,56.42053985595703,True,333
1999,img_01999.jpg,A car that is sitting next to a rail car.,1,1,95491,b4537e09c8335b48ff06e56d2781c507,768,768,RGB,JPEG,135.24609375,64.9315185546875,True,333
2000,img_02000.jpg,A car that is sitting next to a rail car.,1,2,144247,13ca26554a0148b637aa8bd59966a04f,1024,1024,RGB,JPEG,108.997314453125,49.34489440917969,True,333
2001,img_02001.jpg,A car that is sitting next to a rail car.,1,3,205018,7512cf63413aef6d7e63961453a5f01d,1024,1024,RGB,JPEG,129.05712890625,80.45840454101562,True,333
2002,img_02002.jpg,A car that is sitting next to a rail car.,1,4,16127,ad2eed06a63c50907d64d75fa61a5159,270,270,RGB,JPEG,101.76611328125,65.43665313720703,True,333
2003,img_02003.jpg,A car that is sitting next to a rail car.,1,5,29280,2e4846426ead8519e956e5edf17c340b,436,436,RGB,JPEG,108.7236328125,63.18483352661133,True,333
2004,img_02004.jpg,An worn out rainbow colored park bench seat,0,0,31346,193fba4842bb4dae79d47457afd13cb6,500,334,RGB,JPEG,111.310791015625,68.41696166992188,True,334
2005,img_02005.jpg,An worn out rainbow colored park bench seat,1,1,128587,dc298a852b4ef8101d4c5381cab6ee09,768,768,RGB,JPEG,111.711669921875,42.191715240478516,True,334
2006,img_02006.jpg,An worn out rainbow colored park bench seat,1,2,177496,8c1d920415c1a60f1666b34247089c9d,1024,1024,RGB,JPEG,107.986328125,30.872447967529297,True,334
2007,img_02007.jpg,An worn out rainbow colored park bench seat,1,3,380543,b18d11a536766abd92312f5428be5943,1024,1024,RGB,JPEG,129.869873046875,35.61874008178711,True,334
2008,img_02008.jpg,An worn out rainbow colored park bench seat,1,4,18851,5f8097cefef82e3c7ba46dc58ce1d34b,270,270,RGB,JPEG,103.50048828125,57.073482513427734,True,334
2009,img_02009.jpg,An worn out rainbow colored park bench seat,1,5,32100,c24854ea551f7404c4b43e1992c7d8a1,436,436,RGB,JPEG,80.388916015625,42.57349395751953,True,334
2010,img_02010.jpg,There is a yellow fire hydrant I. The street,0,0,69775,d0fcd01a75fd0be77df8a6c6076e7d3a,640,480,RGB,JPEG,154.86865234375,47.668277740478516,True,335
2011,img_02011.jpg,There is a yellow fire hydrant I. The street,1,1,115410,d6c886cf61b417c3178e2545843ed80f,768,768,RGB,JPEG,112.25390625,33.32854461669922,True,335
2012,img_02012.jpg,There is a yellow fire hydrant I. The street,1,2,149481,6c57e8e4582b4d47be49f491bdfa132a,1024,1024,RGB,JPEG,114.0703125,48.20213317871094,True,335
2013,img_02013.jpg,There is a yellow fire hydrant I. The street,1,3,197528,40b9af00b516b61d07185fd7a7e76e6f,1024,1024,RGB,JPEG,127.869140625,51.50291442871094,True,335
2014,img_02014.jpg,There is a yellow fire hydrant I. The street,1,4,17035,eb69e3e19e73a1843c43988e54352f5e,270,270,RGB,JPEG,122.66650390625,58.372100830078125,True,335
2015,img_02015.jpg,There is a yellow fire hydrant I. The street,1,5,23011,5e4b93182adf906ea55d8e5e1cfad099,436,436,RGB,JPEG,99.823486328125,62.40269470214844,True,335
2016,img_02016.jpg,a man is shaving in a mirror in a bathroom,0,0,38736,798a471860c3cec2e3711913634c1d3f,640,426,RGB,JPEG,111.05224609375,49.62454605102539,True,336
2017,img_02017.jpg,a man is shaving in a mirror in a bathroom,1,1,55573,895fd29d3300a2b4e40b6ce64e61a8ca,768,768,RGB,JPEG,122.55517578125,55.490760803222656,True,336
2018,img_02018.jpg,a man is shaving in a mirror in a bathroom,1,2,70463,e8c1ddbfbaf8fe28896f3d1ee71c4a99,1024,1024,RGB,JPEG,141.595458984375,46.998538970947266,True,336
2019,img_02019.jpg,a man is shaving in a mirror in a bathroom,1,3,89396,552642c9f31bdd0aa191af853425a522,1024,1024,RGB,JPEG,162.11083984375,60.07322692871094,True,336
2020,img_02020.jpg,a man is shaving in a mirror in a bathroom,1,4,15864,a062c5e2bca17eb6659d7dcdc63c21a3,270,270,RGB,JPEG,108.32763671875,65.24530792236328,True,336
2021,img_02021.jpg,a man is shaving in a mirror in a bathroom,1,5,21205,87f7c38f500068747db99459585a9ea4,436,436,RGB,JPEG,128.890625,51.83296585083008,True,336
2022,img_02022.jpg,A little dog sitting on a wooden bench.,0,0,77020,867146dcfa9bc4c800282619ce9dcfb8,640,480,RGB,JPEG,102.929443359375,43.262176513671875,True,337
2023,img_02023.jpg,A little dog sitting on a wooden bench.,1,1,122957,3285ff5c52ce13c8db1c91f12a0efd1a,768,768,RGB,JPEG,111.377197265625,50.79969787597656,True,337
2024,img_02024.jpg,A little dog sitting on a wooden bench.,1,2,94388,767051799f1859051118687e40423310,1024,1024,RGB,JPEG,132.957763671875,54.5102653503418,True,337
2025,img_02025.jpg,A little dog sitting on a wooden bench.,1,3,101380,d506309c9cc42e6c5129cbd9377566d9,1024,1024,RGB,JPEG,137.552490234375,48.542118072509766,True,337
2026,img_02026.jpg,A little dog sitting on a wooden bench.,1,4,12214,cef94c8d96f914e1406f866f752e2474,270,270,RGB,JPEG,139.07080078125,62.2323112487793,True,337
2027,img_02027.jpg,A little dog sitting on a wooden bench.,1,5,29368,da9d56caba8088c9d8520d67e3e40320,436,436,RGB,JPEG,113.3173828125,48.3272590637207,True,337
2028,img_02028.jpg,a person on the back of a parked truck,0,0,93602,4348907ba4ab1773d751e247d4c37f5f,640,480,RGB,JPEG,125.27880859375,54.731163024902344,True,338
2029,img_02029.jpg,a person on the back of a parked truck,1,1,91692,b8726fa58f7f7cc516789a50c10c0096,768,768,RGB,JPEG,110.603759765625,59.98598861694336,True,338
2030,img_02030.jpg,a person on the back of a parked truck,1,2,136365,f9926937db60cb803534c2951e5e0767,1024,1024,RGB,JPEG,94.068603515625,53.987205505371094,True,338
2031,img_02031.jpg,a person on the back of a parked truck,1,3,95916,dec967afd2c1cfd441608b78b2e6f3e0,1024,1024,RGB,JPEG,155.138916015625,77.08595275878906,True,338
2032,img_02032.jpg,a person on the back of a parked truck,1,4,18548,51faddd478674265ae961cb071eefd88,270,270,RGB,JPEG,100.5458984375,54.99582290649414,True,338
2033,img_02033.jpg,a person on the back of a parked truck,1,5,23958,44970bc4577a3ced6f71d87e7a44c4a4,436,436,RGB,JPEG,106.937744140625,59.152740478515625,True,338
2034,img_02034.jpg,A herd of animals grazing on the side of a green hill.,0,0,66952,fa817af99024fc2373f9d8be6cde4bcb,640,480,RGB,JPEG,113.51611328125,59.45574188232422,True,339
2035,img_02035.jpg,A herd of animals grazing on the side of a green hill.,1,1,54485,6f99b559e85abb248bcba93cc488f97c,768,768,RGB,JPEG,118.86181640625,42.77017593383789,True,339
2036,img_02036.jpg,A herd of animals grazing on the side of a green hill.,1,2,132645,011afad05013ba0152a9a20f70a11b5f,1024,1024,RGB,JPEG,121.75244140625,26.31134605407715,True,339
2037,img_02037.jpg,A herd of animals grazing on the side of a green hill.,1,3,293655,22d3414245220d179f1a2649d718855e,1024,1024,RGB,JPEG,146.428955078125,36.06398010253906,True,339
2038,img_02038.jpg,A herd of animals grazing on the side of a green hill.,1,4,17796,a05dd7d0dbf692faa40beef857a8ac17,270,270,RGB,JPEG,107.53955078125,53.53205871582031,True,339
2039,img_02039.jpg,A herd of animals grazing on the side of a green hill.,1,5,26799,7160e8de6754d89702ea2a65c5f22958,436,436,RGB,JPEG,122.1708984375,58.32449722290039,True,339
2040,img_02040.jpg,A cat looking out of a vehicle window during rain.,0,0,31779,0bab5d79c696b70ba51b4ce922e54a6d,375,500,RGB,JPEG,92.459228515625,80.02362060546875,True,340
2041,img_02041.jpg,A cat looking out of a vehicle window during rain.,1,1,112202,9dd27685c39a93736c737e98488c395f,768,768,RGB,JPEG,116.6865234375,44.41997528076172,True,340
2042,img_02042.jpg,A cat looking out of a vehicle window during rain.,1,2,107548,7cc10ceb20cd751b27d0ce3212243e47,1024,1024,RGB,JPEG,103.340087890625,49.97404479980469,True,340
2043,img_02043.jpg,A cat looking out of a vehicle window during rain.,1,3,143891,f596f4472075370b84826bb043012517,1024,1024,RGB,JPEG,102.720458984375,87.89373016357422,True,340
2044,img_02044.jpg,A cat looking out of a vehicle window during rain.,1,4,14598,f56a7f4f33fdc3a7dba0a1f0f35a9e32,270,270,RGB,JPEG,116.744873046875,66.53785705566406,True,340
2045,img_02045.jpg,A cat looking out of a vehicle window during rain.,1,5,23316,c80a6f92b843bd9f475f1112fc0f78e6,436,436,RGB,JPEG,51.357666015625,39.60381317138672,True,340
2046,img_02046.jpg,A white toilet sitting next to a tub next to a sink,0,0,23928,b3544fcfcf3292a5ca2d9585760367b2,375,500,RGB,JPEG,119.82080078125,37.07307815551758,True,341
2047,img_02047.jpg,A white toilet sitting next to a tub next to a sink,1,1,51869,9740c2755d59a6a243593e9adbb0b2a1,768,768,RGB,JPEG,127.55615234375,43.222530364990234,True,341
2048,img_02048.jpg,A white toilet sitting next to a tub next to a sink,1,2,72439,fa3e243103d26dace2a6e26048735afd,1024,1024,RGB,JPEG,151.021484375,39.42800521850586,True,341
2049,img_02049.jpg,A white toilet sitting next to a tub next to a sink,1,3,54715,f3a2985620f2502bc7cb071b35eb0a5d,1024,1024,RGB,JPEG,137.697021484375,65.24104309082031,True,341
2050,img_02050.jpg,A white toilet sitting next to a tub next to a sink,1,4,11965,bdff3ca00838bf3b8e31cec707f78ba3,270,270,RGB,JPEG,127.27001953125,66.71772766113281,True,341
2051,img_02051.jpg,A white toilet sitting next to a tub next to a sink,1,5,19700,f045a5eff626c8d9c9c6cfa7325314a8,436,436,RGB,JPEG,156.7763671875,49.37141418457031,True,341
2052,img_02052.jpg,A pair of remote controlled planes flying through the air.,0,0,14085,fb5e2b954bc468a8afc9c4e26cfb443e,640,419,RGB,JPEG,147.6318359375,22.132915496826172,True,342
2053,img_02053.jpg,A pair of remote controlled planes flying through the air.,1,1,88132,ee9e8d275b801caef15f889052f543e8,768,768,RGB,JPEG,127.5078125,41.86859130859375,True,342
2054,img_02054.jpg,A pair of remote controlled planes flying through the air.,1,2,44662,d9b34ca4ee2d3a780ca6bff20288057f,1024,1024,RGB,JPEG,164.41552734375,34.7657356262207,True,342
2055,img_02055.jpg,A pair of remote controlled planes flying through the air.,1,3,37889,3a3fbc49e951cb6a38062a825546dcc8,1024,1024,RGB,JPEG,172.218994140625,26.36811637878418,True,342
2056,img_02056.jpg,A pair of remote controlled planes flying through the air.,1,4,15862,a5c97253e0b220b4c8d2f0f667f58f59,270,270,RGB,JPEG,124.32861328125,60.62802505493164,True,342
2057,img_02057.jpg,A pair of remote controlled planes flying through the air.,1,5,20641,623ed9833358abe7e2447fe63ca3167e,436,436,RGB,JPEG,167.44921875,48.274559020996094,True,342
2058,img_02058.jpg,A line of buses in a parking lot with people standing around.,0,0,63759,0cef30190334929b3a31fa3e601d020a,640,480,RGB,JPEG,109.069580078125,57.30295181274414,True,343
2059,img_02059.jpg,A line of buses in a parking lot with people standing around.,1,1,110859,54738a5204a59da25d9f103df3085bc4,768,768,RGB,JPEG,124.838623046875,63.985923767089844,True,343
2060,img_02060.jpg,A line of buses in a parking lot with people standing around.,1,2,115637,49bff8aa20368c700358af28fe8935ba,1024,1024,RGB,JPEG,102.535888671875,39.46870422363281,True,343
2061,img_02061.jpg,A line of buses in a parking lot with people standing around.,1,3,208138,bc67b599fff91dfd1b1fcb4f0165280b,1024,1024,RGB,JPEG,146.85400390625,67.18196105957031,True,343
2062,img_02062.jpg,A line of buses in a parking lot with people standing around.,1,4,24457,f237e72a123cd272caf3d9fbb1222567,270,270,RGB,JPEG,91.00830078125,46.976139068603516,True,343
2063,img_02063.jpg,A line of buses in a parking lot with people standing around.,1,5,26888,75365b1b0de8198bbd8786f38d9de85f,436,436,RGB,JPEG,105.618896484375,50.26816177368164,True,343
2064,img_02064.jpg,an empty street and signals that are red,0,0,54467,e259ebccbe9e344abb376322445fe889,640,480,RGB,JPEG,116.798583984375,73.87006378173828,True,344
2065,img_02065.jpg,an empty street and signals that are red,1,1,100085,b91c65696c2512af30e352be9ec001af,768,768,RGB,JPEG,105.924560546875,48.23053741455078,True,344
2066,img_02066.jpg,an empty street and signals that are red,1,2,94623,f6da0b6de2fcdbf2df26825a8283dd98,1024,1024,RGB,JPEG,145.04150390625,48.69361114501953,True,344
2067,img_02067.jpg,an empty street and signals that are red,1,3,189550,b02033c372c45dbf65b96248fd563904,1024,1024,RGB,JPEG,123.65380859375,61.093135833740234,True,344
2068,img_02068.jpg,an empty street and signals that are red,1,4,18199,6de7a6c161c942f53b4365c0530e41c9,270,270,RGB,JPEG,94.08154296875,47.64141082763672,True,344
2069,img_02069.jpg,an empty street and signals that are red,1,5,22316,42127aa39dd4afee4195580585e90ea7,436,436,RGB,JPEG,70.94287109375,30.483051300048828,True,344
2070,img_02070.jpg,A black and white image of a plane flying over treetops.,0,0,24405,b1f74d24433676629f3c71fe9faa3f4d,640,427,RGB,JPEG,85.3388671875,57.92225646972656,True,345
2071,img_02071.jpg,A black and white image of a plane flying over treetops.,1,1,111572,7507f4bb93991d1f256794d537135ba0,768,768,RGB,JPEG,121.5107421875,42.57139587402344,True,345
2072,img_02072.jpg,A black and white image of a plane flying over treetops.,1,2,210480,e3f0652227cb3674655e35f5bcfce5e2,1024,1024,RGB,JPEG,119.437255859375,61.323387145996094,True,345
2073,img_02073.jpg,A black and white image of a plane flying over treetops.,1,3,165919,d48406f86f80b4b3a56509bde3b6b916,1024,1024,RGB,JPEG,140.452880859375,113.26837158203125,True,345
2074,img_02074.jpg,A black and white image of a plane flying over treetops.,1,4,12743,7835cf108c8238ee5dad24fb7f83325c,270,270,RGB,JPEG,120.528564453125,76.06037902832031,True,345
2075,img_02075.jpg,A black and white image of a plane flying over treetops.,1,5,23160,4e3b7faa522620987d900808b77950a6,436,436,RGB,JPEG,92.56201171875,50.2620849609375,True,345
2076,img_02076.jpg,A group of young men standing outside of a subway train.,0,0,54325,10f5eff19f5dd9584347dd95e8130dd9,640,424,RGB,JPEG,80.21630859375,60.631839752197266,True,346
2077,img_02077.jpg,A group of young men standing outside of a subway train.,1,1,66978,df7dfcc6b4df6a26a54fc23314b8bb43,768,768,RGB,JPEG,104.48779296875,64.31192016601562,True,346
2078,img_02078.jpg,A group of young men standing outside of a subway train.,1,2,122307,625f660deda821e16c23821fea164b49,1024,1024,RGB,JPEG,96.625732421875,53.56734085083008,True,346
2079,img_02079.jpg,A group of young men standing outside of a subway train.,1,3,169448,2edf54c443d097b04a7e2427e6da3d23,1024,1024,RGB,JPEG,112.556396484375,65.76099395751953,True,346
2080,img_02080.jpg,A group of young men standing outside of a subway train.,1,4,20259,aadb977bf03e72ac709019bebd8a3fe3,270,270,RGB,JPEG,86.012451171875,43.774471282958984,True,346
2081,img_02081.jpg,A group of young men standing outside of a subway train.,1,5,19255,138528c6934cfa38fa29387e40cf5090,436,436,RGB,JPEG,61.671142578125,64.29817199707031,True,346
2082,img_02082.jpg,There is a bus and a car on the road.,0,0,67718,3fe89286b77f6cbe7f8cd89faf73212b,640,397,RGB,JPEG,93.19580078125,52.199405670166016,True,347
2083,img_02083.jpg,There is a bus and a car on the road.,1,1,79109,75967e80881d13a59175a5ee69c16a5d,768,768,RGB,JPEG,124.896240234375,29.142250061035156,True,347
2084,img_02084.jpg,There is a bus and a car on the road.,1,2,121649,20387894cb2883dd09c93b50b2af0b2b,1024,1024,RGB,JPEG,117.718994140625,49.546302795410156,True,347
2085,img_02085.jpg,There is a bus and a car on the road.,1,3,147101,b856d927a335df05ffcd14a9ed2bfaac,1024,1024,RGB,JPEG,125.67626953125,67.21875762939453,True,347
2086,img_02086.jpg,There is a bus and a car on the road.,1,4,19478,f7040a8b15b41cf23d61d1af20f68ab2,270,270,RGB,JPEG,115.95263671875,54.64276123046875,True,347
2087,img_02087.jpg,There is a bus and a car on the road.,1,5,27494,04f96174d329c0050197946dfeeea969,436,436,RGB,JPEG,107.896484375,51.63232421875,True,347
2088,img_02088.jpg,Young man holding a tennis racket while standing in front of a fence.,0,0,58170,de1d997a0dc041f19c46bf3131f4312f,353,640,RGB,JPEG,96.402099609375,39.94108963012695,True,348
2089,img_02089.jpg,Young man holding a tennis racket while standing in front of a fence.,1,1,112428,ea1b17da87a3771cfd492c0e629d9e7b,768,768,RGB,JPEG,120.671630859375,36.06360626220703,True,348
2090,img_02090.jpg,Young man holding a tennis racket while standing in front of a fence.,1,2,130699,0b6ad1db90748c0f75de0c8ea4aa3eec,1024,1024,RGB,JPEG,127.172607421875,51.29859924316406,True,348
2091,img_02091.jpg,Young man holding a tennis racket while standing in front of a fence.,1,3,242452,0074df1a2ae1834343cabab3ee928053,1024,1024,RGB,JPEG,127.211181640625,50.267547607421875,True,348
2092,img_02092.jpg,Young man holding a tennis racket while standing in front of a fence.,1,4,19071,74d8d04526963d9b43cc963ea4d2fdc5,270,270,RGB,JPEG,107.804443359375,60.349971771240234,True,348
2093,img_02093.jpg,Young man holding a tennis racket while standing in front of a fence.,1,5,26804,0858a81b653e8b26b5b7a6e6a906a6b0,436,436,RGB,JPEG,94.48876953125,43.1802864074707,True,348
2094,img_02094.jpg,A fire hydrant that is partially buried in snow.,0,0,77427,7f15bcd64f57d4770e9f3d9b964047ab,612,612,RGB,JPEG,143.322021484375,81.06812286376953,True,349
2095,img_02095.jpg,A fire hydrant that is partially buried in snow.,1,1,97386,1d6c20348f0f93462dd7d59fa23212b2,768,768,RGB,JPEG,133.362060546875,62.35087203979492,True,349
2096,img_02096.jpg,A fire hydrant that is partially buried in snow.,1,2,73603,2bb0ab3be7a91d0c1d0520d55acc8626,1024,1024,RGB,JPEG,153.9931640625,32.7365608215332,True,349
2097,img_02097.jpg,A fire hydrant that is partially buried in snow.,1,3,165258,68b01ac9632c117b5fe172e35a3e2ab4,1024,1024,RGB,JPEG,163.263427734375,89.26851654052734,True,349
2098,img_02098.jpg,A fire hydrant that is partially buried in snow.,1,4,14963,4239844d07a58e40add953912a2370f4,270,270,RGB,JPEG,148.229248046875,52.59623718261719,True,349
2099,img_02099.jpg,A fire hydrant that is partially buried in snow.,1,5,22220,9e7130126d05aa72a5cdd307e9a234d1,436,436,RGB,JPEG,184.194091796875,42.04574966430664,True,349
2100,img_02100.jpg,A train coming out of a bridge next to a  river.,0,0,58273,97249f5855263f077de5081c67fc099d,640,426,RGB,JPEG,87.294677734375,58.01112747192383,True,350
2101,img_02101.jpg,A train coming out of a bridge next to a  river.,1,1,114067,137addc6aa9811246a2b142c662f06a5,768,768,RGB,JPEG,113.384765625,50.571678161621094,True,350
2102,img_02102.jpg,A train coming out of a bridge next to a  river.,1,2,158429,e9022c80ddaac7a93f788678c8260415,1024,1024,RGB,JPEG,89.293212890625,38.16947555541992,True,350
2103,img_02103.jpg,A train coming out of a bridge next to a  river.,1,3,216684,cebfdfbeb203e7a62d84bdfbf869049d,1024,1024,RGB,JPEG,119.098876953125,78.4427261352539,True,350
2104,img_02104.jpg,A train coming out of a bridge next to a  river.,1,4,13475,0a6f2e92462dab18223f2640f843609f,270,270,RGB,JPEG,100.81884765625,61.76809310913086,True,350
2105,img_02105.jpg,A train coming out of a bridge next to a  river.,1,5,25443,2bf75ee0fc4f3ff5e108605177341d22,436,436,RGB,JPEG,90.376220703125,60.07621765136719,True,350
2106,img_02106.jpg,A foot ball fan is showing off his team spirit,0,0,54911,c33764f03296b8a9b45950b0a2b96122,640,480,RGB,JPEG,71.01318359375,57.1754264831543,True,351
2107,img_02107.jpg,A foot ball fan is showing off his team spirit,1,1,119802,5e9b4b9df21cd967169205dab4eb8c6a,768,768,RGB,JPEG,110.072509765625,54.30345916748047,True,351
2108,img_02108.jpg,A foot ball fan is showing off his team spirit,1,2,107444,4a6878982743a4e05bbbc4733b10b55a,1024,1024,RGB,JPEG,105.355712890625,37.331703186035156,True,351
2109,img_02109.jpg,A foot ball fan is showing off his team spirit,1,3,139028,eeb808740c3de74ee4b46dd730f27c46,1024,1024,RGB,JPEG,111.209228515625,61.61375427246094,True,351
2110,img_02110.jpg,A foot ball fan is showing off his team spirit,1,4,22419,40b195648eea7981c069317103cc948c,270,270,RGB,JPEG,74.9892578125,54.00725173950195,True,351
2111,img_02111.jpg,A foot ball fan is showing off his team spirit,1,5,30883,366d785c0c0cb7437924f3b6062d7bcd,436,436,RGB,JPEG,108.389892578125,54.231929779052734,True,351
2112,img_02112.jpg,A motorcycle has three people riding on it.,0,0,84948,447dae7fd489c2cdec1d2302f6c918b3,640,480,RGB,JPEG,99.094970703125,50.99412155151367,True,352
2113,img_02113.jpg,A motorcycle has three people riding on it.,1,1,109128,32f48fbee9de32bbbb9d5582ce12652a,768,768,RGB,JPEG,111.283203125,52.384788513183594,True,352
2114,img_02114.jpg,A motorcycle has three people riding on it.,1,2,126090,53706f62e536c10e996f4b86ef332fd7,1024,1024,RGB,JPEG,109.3740234375,48.595890045166016,True,352
2115,img_02115.jpg,A motorcycle has three people riding on it.,1,3,170935,ca647076ea4d83dfbcd2e2d1fc9c3df0,1024,1024,RGB,JPEG,129.13818359375,77.4793701171875,True,352
2116,img_02116.jpg,A motorcycle has three people riding on it.,1,4,21419,f243c9138125caec2f68265ef1328321,270,270,RGB,JPEG,136.92138671875,64.75613403320312,True,352
2117,img_02117.jpg,A motorcycle has three people riding on it.,1,5,27614,3b24eafe409d84c95e9d91a11f2b47a8,436,436,RGB,JPEG,126.65771484375,57.814125061035156,True,352
2118,img_02118.jpg,A very skinny red fire hydrant with silver top and sides. ,0,0,39332,bfcccb5d99230c066064308fd12f76d1,640,423,RGB,JPEG,86.12646484375,51.01280975341797,True,353
2119,img_02119.jpg,A very skinny red fire hydrant with silver top and sides. ,1,1,93776,87c05c79b5682c0c5303b3adc1c7902d,768,768,RGB,JPEG,118.673828125,41.68556594848633,True,353
2120,img_02120.jpg,A very skinny red fire hydrant with silver top and sides. ,1,2,86137,bf96bec4d33ac469dc24dfa1e061fcb8,1024,1024,RGB,JPEG,88.1455078125,40.50105285644531,True,353
2121,img_02121.jpg,A very skinny red fire hydrant with silver top and sides. ,1,3,42753,60d45b6795a5dc232246f9296bbc926e,1024,1024,RGB,JPEG,166.80712890625,46.01118469238281,True,353
2122,img_02122.jpg,A very skinny red fire hydrant with silver top and sides. ,1,4,8394,16381c1457b4c80f1d56fd714558dd5b,270,270,RGB,JPEG,149.0810546875,43.39226150512695,True,353
2123,img_02123.jpg,A very skinny red fire hydrant with silver top and sides. ,1,5,28780,a4a85fed07fe3076efc0c5ef7ba58250,436,436,RGB,JPEG,118.68798828125,42.64194869995117,True,353
2124,img_02124.jpg,A train rides alongside another train on the tracks.,0,0,68015,1a6fe217ae57d3ba36a1ca5f445ae687,428,640,RGB,JPEG,151.015380859375,69.95758056640625,True,354
2125,img_02125.jpg,A train rides alongside another train on the tracks.,1,1,118789,deaa9991e04ad16a714082f2c3ba7b69,768,768,RGB,JPEG,102.275146484375,32.1907958984375,True,354
2126,img_02126.jpg,A train rides alongside another train on the tracks.,1,2,193857,29c098aad5d3d55f7e5b59beda8efc0e,1024,1024,RGB,JPEG,98.612548828125,36.79448318481445,True,354
2127,img_02127.jpg,A train rides alongside another train on the tracks.,1,3,221276,a5105b62dfacce186f89fe3c6aeeb116,1024,1024,RGB,JPEG,108.836181640625,57.82054901123047,True,354
2128,img_02128.jpg,A train rides alongside another train on the tracks.,1,4,20711,cc2871ec40f954f6e627568d5ca26d7e,270,270,RGB,JPEG,156.184814453125,49.86735153198242,True,354
2129,img_02129.jpg,A train rides alongside another train on the tracks.,1,5,28309,92421b6aaa781300aaf0e068fb164713,436,436,RGB,JPEG,64.522216796875,32.492488861083984,True,354
2130,img_02130.jpg,A beautiful woman with red hair sitting at a table.,0,0,35349,a754bb21e4ea6fdab01d14330881031a,460,640,RGB,JPEG,128.94921875,74.36627960205078,True,355
2131,img_02131.jpg,A beautiful woman with red hair sitting at a table.,1,1,35741,b0425e7da9031bbda614788db030b5da,768,768,RGB,JPEG,107.687255859375,37.72471237182617,True,355
2132,img_02132.jpg,A beautiful woman with red hair sitting at a table.,1,2,92193,0dd1130b37412d3af82bb6b1c4ef4ac4,1024,1024,RGB,JPEG,133.926513671875,49.43970489501953,True,355
2133,img_02133.jpg,A beautiful woman with red hair sitting at a table.,1,3,80940,2b55357781c17e76725ff757dd6ed078,1024,1024,RGB,JPEG,115.603271484375,74.11619567871094,True,355
2134,img_02134.jpg,A beautiful woman with red hair sitting at a table.,1,4,12806,270be9ae38934224e5beec9488c1137b,270,270,RGB,JPEG,80.2685546875,50.96635055541992,True,355
2135,img_02135.jpg,A beautiful woman with red hair sitting at a table.,1,5,20511,3cdb7ba324d8ea00d9509c975613d3f7,436,436,RGB,JPEG,88.772705078125,36.074275970458984,True,355
2136,img_02136.jpg,a close up of a small bird on a tree branch,0,0,53589,9c590e49e76ed92b146ccf8f12bdf729,640,426,RGB,JPEG,63.675537109375,42.61626434326172,True,356
2137,img_02137.jpg,a close up of a small bird on a tree branch,1,1,35082,753ab628ef21cbc0f4280bca838b21f2,768,768,RGB,JPEG,125.69580078125,24.03843879699707,True,356
2138,img_02138.jpg,a close up of a small bird on a tree branch,1,2,72562,856cfbb83154ccf58d6a635976bb3e58,1024,1024,RGB,JPEG,132.171875,39.33000564575195,True,356
2139,img_02139.jpg,a close up of a small bird on a tree branch,1,3,85284,cf5737d18607984539ddd98731751431,1024,1024,RGB,JPEG,141.052978515625,44.12618637084961,True,356
2140,img_02140.jpg,a close up of a small bird on a tree branch,1,4,12489,e427b9f3b054942ef1b4901e665f4850,270,270,RGB,JPEG,82.324462890625,50.88811492919922,True,356
2141,img_02141.jpg,a close up of a small bird on a tree branch,1,5,20422,fa2f8d2f85873a12084008fd138baeb7,436,436,RGB,JPEG,116.310546875,53.05793380737305,True,356
2142,img_02142.jpg,A cyclist checks his wrist heart rain monitor in front of a stop sign.,0,0,67862,8697d8ba35e9e9d44cb492c393b86361,478,640,RGB,JPEG,87.1240234375,59.24531936645508,True,357
2143,img_02143.jpg,A cyclist checks his wrist heart rain monitor in front of a stop sign.,1,1,87577,1ed27a30a6bea591e2a43bf4ee0cf8e1,768,768,RGB,JPEG,116.468994140625,54.475677490234375,True,357
2144,img_02144.jpg,A cyclist checks his wrist heart rain monitor in front of a stop sign.,1,2,118534,af634b65d31b47a9c59a321ac085161d,1024,1024,RGB,JPEG,116.99609375,55.489295959472656,True,357
2145,img_02145.jpg,A cyclist checks his wrist heart rain monitor in front of a stop sign.,1,3,121534,e88a5d0b252871b403bcab4a94e5c4e3,1024,1024,RGB,JPEG,115.10888671875,58.005958557128906,True,357
2146,img_02146.jpg,A cyclist checks his wrist heart rain monitor in front of a stop sign.,1,4,18933,11f9999c6f1d5937bfe3b38609403f16,270,270,RGB,JPEG,109.56494140625,65.490234375,True,357
2147,img_02147.jpg,A cyclist checks his wrist heart rain monitor in front of a stop sign.,1,5,22551,aab0d793096c875124e0ece4c2322043,436,436,RGB,JPEG,85.024169921875,55.93377685546875,True,357
2148,img_02148.jpg,there is a large bucket and a small pot in this bathroom,0,0,20271,f983c3b0d1a5953b1d657fa6037ff78a,500,375,RGB,JPEG,135.2177734375,58.961387634277344,True,358
2149,img_02149.jpg,there is a large bucket and a small pot in this bathroom,1,1,62217,154f95ab08155e3a5e69730424b57ddd,768,768,RGB,JPEG,125.472412109375,52.84162139892578,True,358
2150,img_02150.jpg,there is a large bucket and a small pot in this bathroom,1,2,92047,491ed1fe5478618a0643ac1acc6dc4de,1024,1024,RGB,JPEG,115.251220703125,45.11159896850586,True,358
2151,img_02151.jpg,there is a large bucket and a small pot in this bathroom,1,3,63990,fe3e54e6638929d975e7a5900ae60c6a,1024,1024,RGB,JPEG,148.59130859375,41.1434211730957,True,358
2152,img_02152.jpg,there is a large bucket and a small pot in this bathroom,1,4,16945,d4d5a4fd62ecd155358ac8b9def79f77,270,270,RGB,JPEG,120.006591796875,56.14554977416992,True,358
2153,img_02153.jpg,there is a large bucket and a small pot in this bathroom,1,5,19210,e9f3f0bd95bed030c5a6c083a568dc6c,436,436,RGB,JPEG,143.77978515625,50.015602111816406,True,358
2154,img_02154.jpg,A airplane is on display behind an enclosure with snow on the ground,0,0,33271,a5669f9a4188cd406c2473f2f4a24f67,640,480,RGB,JPEG,137.5,81.79792785644531,True,359
2155,img_02155.jpg,A airplane is on display behind an enclosure with snow on the ground,1,1,85817,24c709b1157e7f3ef4d28b9ebe6d7d5c,768,768,RGB,JPEG,129.469970703125,44.401363372802734,True,359
2156,img_02156.jpg,A airplane is on display behind an enclosure with snow on the ground,1,2,88430,412420f2d722ebee616f4d273dbe8c82,1024,1024,RGB,JPEG,157.115966796875,44.22662353515625,True,359
2157,img_02157.jpg,A airplane is on display behind an enclosure with snow on the ground,1,3,159796,9b89d7188a1a82e6517bf256fdfa8770,1024,1024,RGB,JPEG,152.31298828125,60.06407165527344,True,359
2158,img_02158.jpg,A airplane is on display behind an enclosure with snow on the ground,1,4,19824,56d80622f3b025a224a545e5b8549f0b,270,270,RGB,JPEG,101.731201171875,52.166988372802734,True,359
2159,img_02159.jpg,A airplane is on display behind an enclosure with snow on the ground,1,5,26393,99226c3452fbcb905f32eaf2381d73fe,436,436,RGB,JPEG,73.609619140625,51.99106979370117,True,359
2160,img_02160.jpg,a couple of sheep walking across a grass covered field.,0,0,80050,231b21ffa095012753e0f7381f86ab13,640,480,RGB,JPEG,118.84716796875,47.67497253417969,True,360
2161,img_02161.jpg,a couple of sheep walking across a grass covered field.,1,1,103628,0a409599cf17b9fe86686b6020caedf0,768,768,RGB,JPEG,108.090576171875,38.020729064941406,True,360
2162,img_02162.jpg,a couple of sheep walking across a grass covered field.,1,2,85701,b20467af779dfeeb359f103e38249920,1024,1024,RGB,JPEG,128.705078125,25.365636825561523,True,360
2163,img_02163.jpg,a couple of sheep walking across a grass covered field.,1,3,108967,0f01f810195dba1d5b4f4fc10bc43928,1024,1024,RGB,JPEG,131.0888671875,31.91534423828125,True,360
2164,img_02164.jpg,a couple of sheep walking across a grass covered field.,1,4,15552,7b1d634c344f95ed33ab154ca8e1e394,270,270,RGB,JPEG,122.17724609375,68.12184143066406,True,360
2165,img_02165.jpg,a couple of sheep walking across a grass covered field.,1,5,28170,1c853922a20a53991251004dafecf7bb,436,436,RGB,JPEG,93.78271484375,44.06734085083008,True,360
2166,img_02166.jpg,Red and blue train sits along the tracks,0,0,63708,1c0a06ec705a6dc5c1880447fd231060,640,400,RGB,JPEG,122.345947265625,61.23021697998047,True,361
2167,img_02167.jpg,Red and blue train sits along the tracks,1,1,116851,ecc7beb7e9798dd5f4fc6289cfac1d73,768,768,RGB,JPEG,103.197265625,39.08068084716797,True,361
2168,img_02168.jpg,Red and blue train sits along the tracks,1,2,180222,ef09e574a57cc1aaef3e785b472d3301,1024,1024,RGB,JPEG,106.525634765625,35.21284866333008,True,361
2169,img_02169.jpg,Red and blue train sits along the tracks,1,3,161193,2b0deb356a4a42daa40cda6dd7607802,1024,1024,RGB,JPEG,125.439208984375,77.57355499267578,True,361
2170,img_02170.jpg,Red and blue train sits along the tracks,1,4,22461,95578d303463624b88974c09bb4dd877,270,270,RGB,JPEG,96.6943359375,52.19566345214844,True,361
2171,img_02171.jpg,Red and blue train sits along the tracks,1,5,31211,df4df056871212539b78d45d37f4dbd0,436,436,RGB,JPEG,127.6923828125,67.28394317626953,True,361
2172,img_02172.jpg,A red double decker bus driving down a street.,0,0,51355,4d4be819f618e4426b9d44082f5914f0,640,480,RGB,JPEG,109.028076171875,46.78537368774414,True,362
2173,img_02173.jpg,A red double decker bus driving down a street.,1,1,97437,e1b77acd623b6172f0142b5803ec9dd7,768,768,RGB,JPEG,112.883056640625,62.00748825073242,True,362
2174,img_02174.jpg,A red double decker bus driving down a street.,1,2,175344,a9a22562831632505ee36ebfa537b6e7,1024,1024,RGB,JPEG,101.0595703125,44.92302322387695,True,362
2175,img_02175.jpg,A red double decker bus driving down a street.,1,3,172568,dfbd0e5c3b0765db4d4098de176eec12,1024,1024,RGB,JPEG,122.832275390625,70.79884338378906,True,362
2176,img_02176.jpg,A red double decker bus driving down a street.,1,4,18952,30ae6a91966d4a5bad15c9ab36768cac,270,270,RGB,JPEG,114.210693359375,54.91472625732422,True,362
2177,img_02177.jpg,A red double decker bus driving down a street.,1,5,34348,80ac462c1b2d2829ccbf4a36b9f71326,436,436,RGB,JPEG,108.485595703125,59.275245666503906,True,362
2178,img_02178.jpg,A black bird flying over a body of water.,0,0,20920,c1dfe3a59bf91f1e373372925be0a025,640,425,RGB,JPEG,141.074951171875,28.11496353149414,True,363
2179,img_02179.jpg,A black bird flying over a body of water.,1,1,35813,089c1addce59f4847e5907004bc74668,768,768,RGB,JPEG,131.93359375,45.75773620605469,True,363
2180,img_02180.jpg,A black bird flying over a body of water.,1,2,45498,c162a55e81046da527c71bfdbad2bddb,1024,1024,RGB,JPEG,145.267333984375,18.079849243164062,True,363
2181,img_02181.jpg,A black bird flying over a body of water.,1,3,84856,5e25de02023e83096d7e97b0c7c5e446,1024,1024,RGB,JPEG,162.24609375,32.599205017089844,True,363
2182,img_02182.jpg,A black bird flying over a body of water.,1,4,11548,2d53b4e248bcec711d42d865c3d62137,270,270,RGB,JPEG,114.544921875,57.4710578918457,True,363
2183,img_02183.jpg,A black bird flying over a body of water.,1,5,13711,8ebb07314f0489f2b150185be51d84da,436,436,RGB,JPEG,142.76123046875,51.40559387207031,True,363
2184,img_02184.jpg,A bird reaches into a cup to take a drink.,0,0,33500,8b13238c68b48421656b8559ae5f19d7,479,640,RGB,JPEG,119.9189453125,65.03939819335938,True,364
2185,img_02185.jpg,A bird reaches into a cup to take a drink.,1,1,40300,f85c63cefd2949d770de6520a2f6b343,768,768,RGB,JPEG,124.35302734375,35.33784866333008,True,364
2186,img_02186.jpg,A bird reaches into a cup to take a drink.,1,2,94876,5e4c15631513d6992dc844f111e586b2,1024,1024,RGB,JPEG,156.91455078125,37.313682556152344,True,364
2187,img_02187.jpg,A bird reaches into a cup to take a drink.,1,3,55479,77db1144da246407a35f20fd65033c14,1024,1024,RGB,JPEG,138.67333984375,32.175750732421875,True,364
2188,img_02188.jpg,A bird reaches into a cup to take a drink.,1,4,12999,32642e94be8ab46d366f02492833dcc8,270,270,RGB,JPEG,116.49609375,66.62043762207031,True,364
2189,img_02189.jpg,A bird reaches into a cup to take a drink.,1,5,19086,925aeaea56612b7dcd3e8bd9deb95afd,436,436,RGB,JPEG,96.61865234375,47.731258392333984,True,364
2190,img_02190.jpg,A kitchen filled with appliances and an open laptop.,0,0,49577,75866f1e2ec4b4c4ea2cc70f20bdf764,640,480,RGB,JPEG,83.603759765625,49.80857849121094,True,365
2191,img_02191.jpg,A kitchen filled with appliances and an open laptop.,1,1,69523,673b97c8213df484db870c94746e4779,768,768,RGB,JPEG,136.23291015625,56.88650131225586,True,365
2192,img_02192.jpg,A kitchen filled with appliances and an open laptop.,1,2,101519,fbae86d49bdc74ad1afa8b55f873846d,1024,1024,RGB,JPEG,143.4326171875,44.95445251464844,True,365
2193,img_02193.jpg,A kitchen filled with appliances and an open laptop.,1,3,80263,226197aab120bdfbe2ac2f02b29a31f1,1024,1024,RGB,JPEG,184.034423828125,59.93400955200195,True,365
2194,img_02194.jpg,A kitchen filled with appliances and an open laptop.,1,4,20427,bfaa93bb500028de5bae94fc3fcdfcf1,270,270,RGB,JPEG,123.875244140625,54.295536041259766,True,365
2195,img_02195.jpg,A kitchen filled with appliances and an open laptop.,1,5,26669,15930a662d621dbfe35db8e45790308c,436,436,RGB,JPEG,95.76220703125,52.030330657958984,True,365
2196,img_02196.jpg,A steel bench sitting next to a wall.,0,0,26938,8ed977ec59dd242188fa12da60ef77b9,480,640,RGB,JPEG,88.375244140625,39.90960693359375,True,366
2197,img_02197.jpg,A steel bench sitting next to a wall.,1,1,83964,e70ed43dadf18ecf127681e256925545,768,768,RGB,JPEG,114.7138671875,45.753990173339844,True,366
2198,img_02198.jpg,A steel bench sitting next to a wall.,1,2,80185,fa98cf5c24f2cbe58c79a89cb7210642,1024,1024,RGB,JPEG,110.27783203125,39.43949508666992,True,366
2199,img_02199.jpg,A steel bench sitting next to a wall.,1,3,279476,574bcfb47c52adf143e5c88d756ceb46,1024,1024,RGB,JPEG,163.76318359375,46.52886199951172,True,366
2200,img_02200.jpg,A steel bench sitting next to a wall.,1,4,12737,fa38b21461ec0c576d5eee769ba56ea7,270,270,RGB,JPEG,104.566650390625,52.483489990234375,True,366
2201,img_02201.jpg,A steel bench sitting next to a wall.,1,5,22505,9677c0bfd66afa0cc1258f5be1091da9,436,436,RGB,JPEG,136.0390625,35.84886932373047,True,366
2202,img_02202.jpg,A toilet that is very clean in a bathroom.,0,0,43401,2122948d6a27942d8cc5c6085807acce,640,426,RGB,JPEG,81.2509765625,71.85173034667969,True,367
2203,img_02203.jpg,A toilet that is very clean in a bathroom.,1,1,35885,e1480b37b03c67f8afec81c9523ad855,768,768,RGB,JPEG,118.054443359375,47.52167892456055,True,367
2204,img_02204.jpg,A toilet that is very clean in a bathroom.,1,2,74925,f5423d02678a61c4cfa909602bfc7e0c,1024,1024,RGB,JPEG,143.7568359375,37.66890335083008,True,367
2205,img_02205.jpg,A toilet that is very clean in a bathroom.,1,3,67609,f79e4a1ab639c5e6783ce5ad030fe3ee,1024,1024,RGB,JPEG,143.558837890625,51.408660888671875,True,367
2206,img_02206.jpg,A toilet that is very clean in a bathroom.,1,4,11734,56e54eedcd4b9636e54ba7aecb92a620,270,270,RGB,JPEG,169.391845703125,48.29114532470703,True,367
2207,img_02207.jpg,A toilet that is very clean in a bathroom.,1,5,19589,83fd022850eb0cf322bb496424fc6a7c,436,436,RGB,JPEG,141.0126953125,39.10512924194336,True,367
2208,img_02208.jpg,Two roosters standing next to a wooden fence.,0,0,67281,762df47f68ff4dc214504b409f7e42a0,640,408,RGB,JPEG,97.5478515625,46.618717193603516,True,368
2209,img_02209.jpg,Two roosters standing next to a wooden fence.,1,1,114041,43eb3e0e273f7e9f76f4be27972a2572,768,768,RGB,JPEG,130.8583984375,52.0759162902832,True,368
2210,img_02210.jpg,Two roosters standing next to a wooden fence.,1,2,121413,36d3050d005d53f5d94dd7d903592d33,1024,1024,RGB,JPEG,104.280517578125,51.36880874633789,True,368
2211,img_02211.jpg,Two roosters standing next to a wooden fence.,1,3,250150,b58a82406afb9af49e6068c29945ce23,1024,1024,RGB,JPEG,116.943603515625,46.77029037475586,True,368
2212,img_02212.jpg,Two roosters standing next to a wooden fence.,1,4,19932,e3add3100d130d9c188d769e09366839,270,270,RGB,JPEG,98.032958984375,53.67261505126953,True,368
2213,img_02213.jpg,Two roosters standing next to a wooden fence.,1,5,27995,9ec6033af1bae327b5d8eb12e63635f5,436,436,RGB,JPEG,79.9599609375,35.21471405029297,True,368
2214,img_02214.jpg,A brown park bench next to signs reading wildwood and danger.,0,0,94881,cb666f9091cb90516add034d7767ea00,640,480,RGB,JPEG,98.69677734375,80.55804443359375,True,369
2215,img_02215.jpg,A brown park bench next to signs reading wildwood and danger.,1,1,144367,e9d43343f3521bfa3c7328eb2c4019d7,768,768,RGB,JPEG,104.9794921875,41.317901611328125,True,369
2216,img_02216.jpg,A brown park bench next to signs reading wildwood and danger.,1,2,209439,5b13d75091c1b85ade916b9e47805688,1024,1024,RGB,JPEG,89.31005859375,32.65713882446289,True,369
2217,img_02217.jpg,A brown park bench next to signs reading wildwood and danger.,1,3,329166,6e6077ebe85ae815d1af02bd721c9d8b,1024,1024,RGB,JPEG,122.89453125,59.451080322265625,True,369
2218,img_02218.jpg,A brown park bench next to signs reading wildwood and danger.,1,4,19316,7c617c398f9d176e1efca593cc36bd73,270,270,RGB,JPEG,85.863525390625,48.9084358215332,True,369
2219,img_02219.jpg,A brown park bench next to signs reading wildwood and danger.,1,5,33334,19d0cb12bcf6f1909ac99dbacbcb1ced,436,436,RGB,JPEG,117.70849609375,62.13642120361328,True,369
2220,img_02220.jpg,A school bus and pedestrians crossing a bridge in a city.,0,0,46282,8d4e2e12fde15647dfc83c064ea2407b,640,427,RGB,JPEG,116.82470703125,46.32265090942383,True,370
2221,img_02221.jpg,A school bus and pedestrians crossing a bridge in a city.,1,1,107690,4139e3acd26129cdf45c8b369de52721,768,768,RGB,JPEG,111.25634765625,46.00535202026367,True,370
2222,img_02222.jpg,A school bus and pedestrians crossing a bridge in a city.,1,2,156937,fbb4061d178b533c93d81e709c59f806,1024,1024,RGB,JPEG,147.060791015625,43.52973175048828,True,370
2223,img_02223.jpg,A school bus and pedestrians crossing a bridge in a city.,1,3,132750,41265b699ab98b01c106f2346ff6814e,1024,1024,RGB,JPEG,146.408203125,66.88094329833984,True,370
2224,img_02224.jpg,A school bus and pedestrians crossing a bridge in a city.,1,4,20803,5ff722e5dafe540fac9cbe906107d5ed,270,270,RGB,JPEG,151.666015625,47.45759201049805,True,370
2225,img_02225.jpg,A school bus and pedestrians crossing a bridge in a city.,1,5,36213,73a1b9e0da83b19ace167bd5618582bb,436,436,RGB,JPEG,168.08203125,49.42958450317383,True,370
2226,img_02226.jpg,A stop sign sitting above a road barricade.,0,0,50904,92cc663acab97d355a7ba40b3468959f,640,429,RGB,JPEG,132.97314453125,77.73151397705078,True,371
2227,img_02227.jpg,A stop sign sitting above a road barricade.,1,1,80126,be2991c9b1e40a7639660fb28a2a80c1,768,768,RGB,JPEG,116.983642578125,56.593727111816406,True,371
2228,img_02228.jpg,A stop sign sitting above a road barricade.,1,2,79523,bb421abf00a3fdc95e9254e274509e27,1024,1024,RGB,JPEG,118.65625,34.50035095214844,True,371
2229,img_02229.jpg,A stop sign sitting above a road barricade.,1,3,109473,c6c128c1502607b879f0780e7516da6c,1024,1024,RGB,JPEG,139.2353515625,78.5826187133789,True,371
2230,img_02230.jpg,A stop sign sitting above a road barricade.,1,4,16376,1d2dc365548fc41d03e2b73c21815a49,270,270,RGB,JPEG,111.660400390625,56.35653305053711,True,371
2231,img_02231.jpg,A stop sign sitting above a road barricade.,1,5,24249,ba2d1b2727fa3142f13e32f13a9afe84,436,436,RGB,JPEG,121.22607421875,47.99996566772461,True,371
2232,img_02232.jpg,A green train traveling down train tracks next to another train.,0,0,53841,241feca4ff1ef6dba43266ae253ba9c0,427,640,RGB,JPEG,139.42529296875,70.71229553222656,True,372
2233,img_02233.jpg,A green train traveling down train tracks next to another train.,1,1,171072,8902409c6d5d87e38886e6a3f198b011,768,768,RGB,JPEG,115.09814453125,45.7713508605957,True,372
2234,img_02234.jpg,A green train traveling down train tracks next to another train.,1,2,228712,be0883a675a47d712e4294e9da69f8bb,1024,1024,RGB,JPEG,95.547119140625,38.73501205444336,True,372
2235,img_02235.jpg,A green train traveling down train tracks next to another train.,1,3,190893,5512c0eb2894eedbe586f491a93deaef,1024,1024,RGB,JPEG,86.63037109375,57.9986686706543,True,372
2236,img_02236.jpg,A green train traveling down train tracks next to another train.,1,4,19080,6b5ed0db9c8244b496fa518ed9fd99b8,270,270,RGB,JPEG,119.882568359375,67.37468719482422,True,372
2237,img_02237.jpg,A green train traveling down train tracks next to another train.,1,5,30886,b5a05ef0a4b4649f0238feeb3a1f6d8b,436,436,RGB,JPEG,67.538330078125,37.212249755859375,True,372
2238,img_02238.jpg,A large long train on a steel track.,0,0,57060,91669d5fe4fd7836488759d16381fb0e,386,640,RGB,JPEG,121.980712890625,59.34630584716797,True,373
2239,img_02239.jpg,A large long train on a steel track.,1,1,130764,98caafa566fa733d5a41dbfd9a8adcf1,768,768,RGB,JPEG,128.2080078125,66.46370697021484,True,373
2240,img_02240.jpg,A large long train on a steel track.,1,2,150570,24acfae26498579d2bb05337ad9daff4,1024,1024,RGB,JPEG,119.99072265625,35.081295013427734,True,373
2241,img_02241.jpg,A large long train on a steel track.,1,3,166192,1f05111e189535b8dd2705d3ab66c412,1024,1024,RGB,JPEG,152.63330078125,62.1207160949707,True,373
2242,img_02242.jpg,A large long train on a steel track.,1,4,18595,bddc97f2a2031d06dd05e07fee8cc823,270,270,RGB,JPEG,88.131103515625,43.14291763305664,True,373
2243,img_02243.jpg,A large long train on a steel track.,1,5,26490,bce1cca0a8c8420186f52860c2124eed,436,436,RGB,JPEG,92.7080078125,69.79279327392578,True,373
2244,img_02244.jpg,Dogs drinking water next to a statue of a dog.,0,0,87765,be19d2af4826304d97961554e28ad966,640,480,RGB,JPEG,147.426513671875,68.0720443725586,True,374
2245,img_02245.jpg,Dogs drinking water next to a statue of a dog.,1,1,100623,2cef016e4a759de6cc149565c9a96ef9,768,768,RGB,JPEG,116.529052734375,54.42147445678711,True,374
2246,img_02246.jpg,Dogs drinking water next to a statue of a dog.,1,2,130931,1f634a6ec2d495b949aff7de5ca894fe,1024,1024,RGB,JPEG,107.570556640625,44.3994026184082,True,374
2247,img_02247.jpg,Dogs drinking water next to a statue of a dog.,1,3,143671,9a74a2fd05d6e2a2700210fcb9bb69b2,1024,1024,RGB,JPEG,152.14208984375,54.6231575012207,True,374
2248,img_02248.jpg,Dogs drinking water next to a statue of a dog.,1,4,18963,1e6b0532ddd20b53f66bb489724c786b,270,270,RGB,JPEG,95.059814453125,62.48041915893555,True,374
2249,img_02249.jpg,Dogs drinking water next to a statue of a dog.,1,5,25691,67cc17a31f24af0d93f7d96f3ad5afd0,436,436,RGB,JPEG,87.19921875,49.20621871948242,True,374
2250,img_02250.jpg,A white bathroom sink sitting next to a toilet.,0,0,41097,809dab2ca6e0ddea2b5de41fc01a71db,480,640,RGB,JPEG,104.105712890625,70.44823455810547,True,375
2251,img_02251.jpg,A white bathroom sink sitting next to a toilet.,1,1,62657,87518e4be6535d066c9ca04bdfeff9eb,768,768,RGB,JPEG,129.749755859375,43.96460723876953,True,375
2252,img_02252.jpg,A white bathroom sink sitting next to a toilet.,1,2,80781,2993e76646be9ef6604f94fdcac8ceea,1024,1024,RGB,JPEG,155.139404296875,40.79434585571289,True,375
2253,img_02253.jpg,A white bathroom sink sitting next to a toilet.,1,3,60902,aec56ed4e7ef9c9b655a8d8d8dc2d7a4,1024,1024,RGB,JPEG,157.302490234375,64.2164306640625,True,375
2254,img_02254.jpg,A white bathroom sink sitting next to a toilet.,1,4,14942,010e5e478f4f6c95d937bb303a92b2cf,270,270,RGB,JPEG,160.35205078125,55.698646545410156,True,375
2255,img_02255.jpg,A white bathroom sink sitting next to a toilet.,1,5,17853,4c7c655743ddef2f83de50dcf235f0ca,436,436,RGB,JPEG,122.432861328125,63.75020980834961,True,375
2256,img_02256.jpg,A blue bird is sitting on a wooden post.,0,0,40822,af624de85582d047df08a6425d824d19,640,480,RGB,JPEG,136.86279296875,31.213621139526367,True,376
2257,img_02257.jpg,A blue bird is sitting on a wooden post.,1,1,41513,83137055bb8b227ed26eed1cd545603b,768,768,RGB,JPEG,114.4375,22.070720672607422,True,376
2258,img_02258.jpg,A blue bird is sitting on a wooden post.,1,2,75027,271f8518885e95148bb67909fc7934de,1024,1024,RGB,JPEG,111.427978515625,33.89757537841797,True,376
2259,img_02259.jpg,A blue bird is sitting on a wooden post.,1,3,74121,f552336a8c6a58d8d3d23bf93276780d,1024,1024,RGB,JPEG,178.269775390625,40.583431243896484,True,376
2260,img_02260.jpg,A blue bird is sitting on a wooden post.,1,4,12287,5af6b2c59f8ebd2816501f53e04e6d72,270,270,RGB,JPEG,83.755615234375,56.988311767578125,True,376
2261,img_02261.jpg,A blue bird is sitting on a wooden post.,1,5,17918,f4ecd1d2a78ea952f4a5407847dd77e7,436,436,RGB,JPEG,64.7978515625,42.6979866027832,True,376
2262,img_02262.jpg,A bath tub sitting next to a sink in a bathroom.,0,0,44260,7ae3b1525d122559822862228cf7d2a3,480,640,RGB,JPEG,139.713623046875,57.3153190612793,True,377
2263,img_02263.jpg,A bath tub sitting next to a sink in a bathroom.,1,1,71839,42f1d911ee420c1589d98246b2589102,768,768,RGB,JPEG,124.20068359375,48.11137008666992,True,377
2264,img_02264.jpg,A bath tub sitting next to a sink in a bathroom.,1,2,87158,d045ea786e97c0cfef6f9daaea70998c,1024,1024,RGB,JPEG,144.00244140625,35.33919906616211,True,377
2265,img_02265.jpg,A bath tub sitting next to a sink in a bathroom.,1,3,76162,aee407cb6c739e80e3705c765a9daf5e,1024,1024,RGB,JPEG,173.732421875,63.81196594238281,True,377
2266,img_02266.jpg,A bath tub sitting next to a sink in a bathroom.,1,4,16292,9c4f491d5c087475b93b114f8afe04b4,270,270,RGB,JPEG,128.5771484375,65.52589416503906,True,377
2267,img_02267.jpg,A bath tub sitting next to a sink in a bathroom.,1,5,22543,b38d9d458ab685e27e0124c77a615c9a,436,436,RGB,JPEG,96.54931640625,57.490501403808594,True,377
2268,img_02268.jpg,A bike parked in the  middle of a sidewalk next to a street.,0,0,32327,66642c9576cccf0f41c825824dd1f51d,500,333,RGB,JPEG,61.020263671875,48.91495895385742,True,378
2269,img_02269.jpg,A bike parked in the  middle of a sidewalk next to a street.,1,1,114844,0849fc4d9104a952df3f827d53b09dd8,768,768,RGB,JPEG,129.258056640625,56.338748931884766,True,378
2270,img_02270.jpg,A bike parked in the  middle of a sidewalk next to a street.,1,2,101975,069b9aaa69cf3d2825b7cca93463839b,1024,1024,RGB,JPEG,109.95068359375,44.4300537109375,True,378
2271,img_02271.jpg,A bike parked in the  middle of a sidewalk next to a street.,1,3,280766,152a4fe2485b539d54adb9c561e3fa16,1024,1024,RGB,JPEG,168.74462890625,59.590187072753906,True,378
2272,img_02272.jpg,A bike parked in the  middle of a sidewalk next to a street.,1,4,20119,f1207bd98e6d035293c275478754a18f,270,270,RGB,JPEG,110.674560546875,58.803524017333984,True,378
2273,img_02273.jpg,A bike parked in the  middle of a sidewalk next to a street.,1,5,30219,fb551bf20c7da464b7510872af007e7a,436,436,RGB,JPEG,123.30078125,57.43996047973633,True,378
2274,img_02274.jpg,A herd of sheep standing on a grass covered hillside.,0,0,71282,09aff9f8760de06569697419f0fe3e39,640,424,RGB,JPEG,114.970703125,41.3237190246582,True,379
2275,img_02275.jpg,A herd of sheep standing on a grass covered hillside.,1,1,101776,9a65e0a6d4d1f45e3a3162b5332ddde1,768,768,RGB,JPEG,116.8720703125,47.041839599609375,True,379
2276,img_02276.jpg,A herd of sheep standing on a grass covered hillside.,1,2,115413,ef2a19916c6babd44c62a8a3cc58186d,1024,1024,RGB,JPEG,110.701904296875,31.555524826049805,True,379
2277,img_02277.jpg,A herd of sheep standing on a grass covered hillside.,1,3,229879,63501a380643a7e541c70c7831ab981d,1024,1024,RGB,JPEG,133.945556640625,49.85694122314453,True,379
2278,img_02278.jpg,A herd of sheep standing on a grass covered hillside.,1,4,17767,1df4847007b444dc3c9adb1882df6eff,270,270,RGB,JPEG,98.899658203125,59.46282958984375,True,379
2279,img_02279.jpg,A herd of sheep standing on a grass covered hillside.,1,5,28846,87474c59008298edda9310f1a47456cb,436,436,RGB,JPEG,146.5732421875,62.426673889160156,True,379
2280,img_02280.jpg,A woman that is sitting on a motorcycle in the grass.,0,0,80536,309061f30b4d4bb0601b0eb4eefdf36e,640,480,RGB,JPEG,118.9375,47.96425247192383,True,380
2281,img_02281.jpg,A woman that is sitting on a motorcycle in the grass.,1,1,112807,665e330f5cac169aba71cd6a9791beca,768,768,RGB,JPEG,103.9921875,43.34183120727539,True,380
2282,img_02282.jpg,A woman that is sitting on a motorcycle in the grass.,1,2,149200,986a217da65c73b13b8fcb8e4ef485f9,1024,1024,RGB,JPEG,98.20849609375,47.12832260131836,True,380
2283,img_02283.jpg,A woman that is sitting on a motorcycle in the grass.,1,3,216413,c7d967e414f720012d35c8fdd0895475,1024,1024,RGB,JPEG,112.240478515625,62.99958038330078,True,380
2284,img_02284.jpg,A woman that is sitting on a motorcycle in the grass.,1,4,14980,15f9e32a0e904fe53dde000e7a978886,270,270,RGB,JPEG,121.533447265625,55.57453155517578,True,380
2285,img_02285.jpg,A woman that is sitting on a motorcycle in the grass.,1,5,21986,fac8e0f6e7bdc323fb4366d7fce60337,436,436,RGB,JPEG,87.10693359375,46.23976516723633,True,380
2286,img_02286.jpg,Some very cute small dogs laying by each other.,0,0,74303,66495dc31c86b8b123eeee66a51e738e,612,612,RGB,JPEG,113.6796875,66.58793640136719,True,381
2287,img_02287.jpg,Some very cute small dogs laying by each other.,1,1,57052,23d60d6eaea8929890d630f675b87ab7,768,768,RGB,JPEG,109.399169921875,46.717437744140625,True,381
2288,img_02288.jpg,Some very cute small dogs laying by each other.,1,2,83450,17bc319891f03e825f987aff43a1beb7,1024,1024,RGB,JPEG,112.734130859375,53.501739501953125,True,381
2289,img_02289.jpg,Some very cute small dogs laying by each other.,1,3,107019,c17b530255472e7f557319305f344bfd,1024,1024,RGB,JPEG,139.77001953125,59.6551628112793,True,381
2290,img_02290.jpg,Some very cute small dogs laying by each other.,1,4,15165,35a7b932f10495d5fb16f39dbe10b902,270,270,RGB,JPEG,128.556396484375,76.36149597167969,True,381
2291,img_02291.jpg,Some very cute small dogs laying by each other.,1,5,24429,7de810215f6447562416f0eee4fba559,436,436,RGB,JPEG,145.81982421875,78.1738510131836,True,381
2292,img_02292.jpg,a mirror that has a big white sink on it,0,0,35536,fbfb8c109099de6480db2ce5416eee74,640,480,RGB,JPEG,72.7099609375,55.8688850402832,True,382
2293,img_02293.jpg,a mirror that has a big white sink on it,1,1,57181,f290225e49a70043756918ad25910109,768,768,RGB,JPEG,131.06494140625,46.80059814453125,True,382
2294,img_02294.jpg,a mirror that has a big white sink on it,1,2,62790,9df559e6eed345363f7b63d30312681c,1024,1024,RGB,JPEG,154.529052734375,29.132888793945312,True,382
2295,img_02295.jpg,a mirror that has a big white sink on it,1,3,102661,6d340444b4b352c0c763fda335ebabe8,1024,1024,RGB,JPEG,154.2919921875,60.72386932373047,True,382
2296,img_02296.jpg,a mirror that has a big white sink on it,1,4,11509,68b3082e3f262ea6d7dd923fa202f2f4,270,270,RGB,JPEG,150.705810546875,64.45631408691406,True,382
2297,img_02297.jpg,a mirror that has a big white sink on it,1,5,16847,5833a86349f7408e33a3c6f48593a34b,436,436,RGB,JPEG,134.66748046875,43.72652053833008,True,382
2298,img_02298.jpg,A sky full of a flock of birds on a cloudy day.,0,0,31263,ea83392fa9890bf111615fb2fcad9060,640,406,RGB,JPEG,178.378173828125,41.68318557739258,True,383
2299,img_02299.jpg,A sky full of a flock of birds on a cloudy day.,1,1,93633,f6c0a92b5a2ca2d969d3bfac35200ac9,768,768,RGB,JPEG,134.164794921875,25.9510498046875,True,383
2300,img_02300.jpg,A sky full of a flock of birds on a cloudy day.,1,2,53714,2ee20eaad806e0dac48c5bcd90f95778,1024,1024,RGB,JPEG,144.32861328125,23.450712203979492,True,383
2301,img_02301.jpg,A sky full of a flock of birds on a cloudy day.,1,3,45623,4c9f1d1e12a4a46bf006c10a6efcb668,1024,1024,RGB,JPEG,184.16357421875,30.322694778442383,True,383
2302,img_02302.jpg,A sky full of a flock of birds on a cloudy day.,1,4,17288,f58e20b90b4ec99344c5e0ba4074a54d,270,270,RGB,JPEG,138.86865234375,63.50950241088867,True,383
2303,img_02303.jpg,A sky full of a flock of birds on a cloudy day.,1,5,17096,7d3c94cf3493ad0d2f1ef0f9f5cfb890,436,436,RGB,JPEG,194.834228515625,34.8331184387207,True,383
2304,img_02304.jpg,Three birds sitting next to each other on an electrical wire.,0,0,21151,f7f74a4c3d393ba396ec641981458fcd,612,612,RGB,JPEG,146.2607421875,54.14292907714844,True,384
2305,img_02305.jpg,Three birds sitting next to each other on an electrical wire.,1,1,18883,9bb05a2ec63c6c69018b94cf886327be,768,768,RGB,JPEG,133.07177734375,15.617474555969238,True,384
2306,img_02306.jpg,Three birds sitting next to each other on an electrical wire.,1,2,52936,abe9b27293c2aefb5ffaf8f9408baae0,1024,1024,RGB,JPEG,160.70361328125,33.981834411621094,True,384
2307,img_02307.jpg,Three birds sitting next to each other on an electrical wire.,1,3,38215,c4e81c6a891c5e7cd8d65df77eee2efd,1024,1024,RGB,JPEG,192.272705078125,36.54742431640625,True,384
2308,img_02308.jpg,Three birds sitting next to each other on an electrical wire.,1,4,9370,0671d0f7fbd458e2583743e728091320,270,270,RGB,JPEG,152.37646484375,65.45246124267578,True,384
2309,img_02309.jpg,Three birds sitting next to each other on an electrical wire.,1,5,10576,1dae57afb22826ad2c439b5c74f3cae9,436,436,RGB,JPEG,216.83984375,36.435203552246094,True,384
2310,img_02310.jpg,Two signs that are attached to a metal pole.,0,0,29891,003ce390cdf173df504e868821e46d63,428,640,RGB,JPEG,147.62841796875,56.09562683105469,True,385
2311,img_02311.jpg,Two signs that are attached to a metal pole.,1,1,82227,cd99a2eb38efb5350848844cde6489a2,768,768,RGB,JPEG,123.660888671875,45.265018463134766,True,385
2312,img_02312.jpg,Two signs that are attached to a metal pole.,1,2,128949,e8628c7db511149b82b58f74c6a60932,1024,1024,RGB,JPEG,121.946533203125,47.53965377807617,True,385
2313,img_02313.jpg,Two signs that are attached to a metal pole.,1,3,62884,7d2870086265050c5347f5b7e139b731,1024,1024,RGB,JPEG,175.34716796875,59.251747131347656,True,385
2314,img_02314.jpg,Two signs that are attached to a metal pole.,1,4,14798,16d4d1abfdd5a023cfe7668c47ae8e93,270,270,RGB,JPEG,95.18115234375,55.54058837890625,True,385
2315,img_02315.jpg,Two signs that are attached to a metal pole.,1,5,23767,b81f655b6e5f8534d4bfb96ea56ae9b8,436,436,RGB,JPEG,130.062255859375,65.02464294433594,True,385
2316,img_02316.jpg,A man in a kitchen instructing a woman on what to do ,0,0,59931,86a67994c2ba062d23440ca8d6115800,640,427,RGB,JPEG,110.37060546875,58.01516342163086,True,386
2317,img_02317.jpg,A man in a kitchen instructing a woman on what to do ,1,1,60236,6e2da684f223540689cd34ea81496aac,768,768,RGB,JPEG,127.50244140625,66.1041030883789,True,386
2318,img_02318.jpg,A man in a kitchen instructing a woman on what to do ,1,2,95773,9813e2c395cc2305b38ac8cc647ae726,1024,1024,RGB,JPEG,143.426025390625,50.73112487792969,True,386
2319,img_02319.jpg,A man in a kitchen instructing a woman on what to do ,1,3,133294,17082eac92b8241bbb396636424fd745,1024,1024,RGB,JPEG,153.79248046875,77.57559967041016,True,386
2320,img_02320.jpg,A man in a kitchen instructing a woman on what to do ,1,4,16318,8ea8f0a37343bba1b905390f9f5b1923,270,270,RGB,JPEG,149.3408203125,60.9766960144043,True,386
2321,img_02321.jpg,A man in a kitchen instructing a woman on what to do ,1,5,28797,35e47e1315ab62b6b04e7ca99e1c753e,436,436,RGB,JPEG,74.794921875,52.35359573364258,True,386
2322,img_02322.jpg,The large green city bus is driving on a road.,0,0,69852,8a130ee2f1563d6acae89cd858a29d92,640,567,RGB,JPEG,119.82666015625,67.90741729736328,True,387
2323,img_02323.jpg,The large green city bus is driving on a road.,1,1,128888,a59683c22cc7f1099f50d867ffd7f734,768,768,RGB,JPEG,120.296142578125,58.403438568115234,True,387
2324,img_02324.jpg,The large green city bus is driving on a road.,1,2,173436,597fc46544fa5d32bfc39cc2271447ba,1024,1024,RGB,JPEG,111.041748046875,47.635562896728516,True,387
2325,img_02325.jpg,The large green city bus is driving on a road.,1,3,127538,38240cc7f0e865df500d08036765d74d,1024,1024,RGB,JPEG,135.16650390625,68.62401580810547,True,387
2326,img_02326.jpg,The large green city bus is driving on a road.,1,4,16428,2f0a158c490d2c882b7c846ec4b3dbe1,270,270,RGB,JPEG,114.60546875,66.11105346679688,True,387
2327,img_02327.jpg,The large green city bus is driving on a road.,1,5,30963,55f8a400ffc8d60602783d43bf2f3084,436,436,RGB,JPEG,84.7333984375,60.878902435302734,True,387
2328,img_02328.jpg,A man on a skateboard riding on a street.,0,0,60649,798fbab086d00e26d90a8745c3306dd2,512,640,RGB,JPEG,95.67431640625,61.749568939208984,True,388
2329,img_02329.jpg,A man on a skateboard riding on a street.,1,1,75338,b371068ba7eecfc83a11e94d29fbb2be,768,768,RGB,JPEG,140.158935546875,60.97555160522461,True,388
2330,img_02330.jpg,A man on a skateboard riding on a street.,1,2,91739,974955ce12bcc982bf9340a9056691a8,1024,1024,RGB,JPEG,120.99072265625,50.33997344970703,True,388
2331,img_02331.jpg,A man on a skateboard riding on a street.,1,3,98447,213731407b3ce1eb195360bda1060992,1024,1024,RGB,JPEG,155.22705078125,63.702877044677734,True,388
2332,img_02332.jpg,A man on a skateboard riding on a street.,1,4,20071,28b06d30b30f02948dda8626256089ae,270,270,RGB,JPEG,100.484130859375,52.551692962646484,True,388
2333,img_02333.jpg,A man on a skateboard riding on a street.,1,5,27715,b599cc32e8d938b3274ca85e1e86d96e,436,436,RGB,JPEG,109.96728515625,54.70843505859375,True,388
2334,img_02334.jpg,A laptop computer sitting on top of a wooden desk.,0,0,56758,5be1cde23c217aea90ef99221ae56c70,640,480,RGB,JPEG,111.041015625,65.75592041015625,True,389
2335,img_02335.jpg,A laptop computer sitting on top of a wooden desk.,1,1,92835,0df9a56634d8b4e2bfb457da4487c177,768,768,RGB,JPEG,117.70654296875,47.83815002441406,True,389
2336,img_02336.jpg,A laptop computer sitting on top of a wooden desk.,1,2,124072,60408941d18b364df94e851291ebe3f5,1024,1024,RGB,JPEG,103.993896484375,55.987579345703125,True,389
2337,img_02337.jpg,A laptop computer sitting on top of a wooden desk.,1,3,94007,433d20daf2287a46b58b5dc9aa0a7d18,1024,1024,RGB,JPEG,117.416259765625,88.01580810546875,True,389
2338,img_02338.jpg,A laptop computer sitting on top of a wooden desk.,1,4,18695,9bbd7f3aa5e39da33d64da8daf6e0592,270,270,RGB,JPEG,97.156494140625,58.39015579223633,True,389
2339,img_02339.jpg,A laptop computer sitting on top of a wooden desk.,1,5,22574,8f86ebd32783d5da71ab40e5a0979156,436,436,RGB,JPEG,124.023193359375,66.58000946044922,True,389
2340,img_02340.jpg,A picture of a street sign with various posts on it.,0,0,78636,f93b65936a2fcdade1b41aaa8654a44f,360,640,RGB,JPEG,114.452880859375,41.42719650268555,True,390
2341,img_02341.jpg,A picture of a street sign with various posts on it.,1,1,43152,4e9d110642af34ad8933a19e4a9a2753,768,768,RGB,JPEG,144.572265625,56.044002532958984,True,390
2342,img_02342.jpg,A picture of a street sign with various posts on it.,1,2,109909,be533e465944a13554d2b0d68a1351bb,1024,1024,RGB,JPEG,123.572509765625,53.46617889404297,True,390
2343,img_02343.jpg,A picture of a street sign with various posts on it.,1,3,267099,7f9810d14385f9d8ee46411b6f043c1d,1024,1024,RGB,JPEG,130.8291015625,58.683013916015625,True,390
2344,img_02344.jpg,A picture of a street sign with various posts on it.,1,4,23089,2761eb0be914239af20ed23c9fbede4d,270,270,RGB,JPEG,160.743408203125,54.83359909057617,True,390
2345,img_02345.jpg,A picture of a street sign with various posts on it.,1,5,29686,1edca2e4d6536d16760a9c9f7ab3996e,436,436,RGB,JPEG,149.107421875,67.51524353027344,True,390
2346,img_02346.jpg,A young boy is dressed up in a black pinstriped suit and hat.,0,0,28877,c86e237fad7d4f94e36015ab24e28a53,354,640,RGB,JPEG,196.206787109375,88.0284652709961,True,391
2347,img_02347.jpg,A young boy is dressed up in a black pinstriped suit and hat.,1,1,45770,6daff380e44340329171dc8a6b88c84b,768,768,RGB,JPEG,112.971923828125,42.15859603881836,True,391
2348,img_02348.jpg,A young boy is dressed up in a black pinstriped suit and hat.,1,2,88200,c8c5b83821df701a637ce78fc22e6193,1024,1024,RGB,JPEG,91.414794921875,47.18257522583008,True,391
2349,img_02349.jpg,A young boy is dressed up in a black pinstriped suit and hat.,1,3,66297,14467dc24c7d302d775a7238e0ec6bd8,1024,1024,RGB,JPEG,128.80126953125,83.87905883789062,True,391
2350,img_02350.jpg,A young boy is dressed up in a black pinstriped suit and hat.,1,4,12397,a1c05f1fe453deb4d2701a1abb2c0f37,270,270,RGB,JPEG,77.72265625,67.08821868896484,True,391
2351,img_02351.jpg,A young boy is dressed up in a black pinstriped suit and hat.,1,5,16395,4db6cc8d704db7c7cf7439aa5ccfb997,436,436,RGB,JPEG,39.92236328125,32.787174224853516,True,391
2352,img_02352.jpg,A cat laying on a rug next to a sliding glass door.,0,0,47974,4708ea83d700a1d418649b5d23e7b9b6,640,480,RGB,JPEG,98.395263671875,65.4472427368164,True,392
2353,img_02353.jpg,A cat laying on a rug next to a sliding glass door.,1,1,111176,7891b150cc4c9ef44422e5a65006a520,768,768,RGB,JPEG,125.505615234375,51.52220153808594,True,392
2354,img_02354.jpg,A cat laying on a rug next to a sliding glass door.,1,2,83379,802b36569242f1e340ceb28996239a92,1024,1024,RGB,JPEG,131.98193359375,52.37717056274414,True,392
2355,img_02355.jpg,A cat laying on a rug next to a sliding glass door.,1,3,150047,d9536a447d58f6907beafabe1ca4be01,1024,1024,RGB,JPEG,143.95947265625,71.37669372558594,True,392
2356,img_02356.jpg,A cat laying on a rug next to a sliding glass door.,1,4,14900,0f23ed6ec37efbaa16376750f5d955a4,270,270,RGB,JPEG,88.844482421875,61.376190185546875,True,392
2357,img_02357.jpg,A cat laying on a rug next to a sliding glass door.,1,5,27048,79ad59f307c9dfbf724ce9d577bc23a8,436,436,RGB,JPEG,117.16259765625,62.75698471069336,True,392
2358,img_02358.jpg,A train with a green and orange stripe is sitting on the tracks.,0,0,73634,861b47a9aa3758d187798b823551955f,640,424,RGB,JPEG,76.213134765625,52.38526153564453,True,393
2359,img_02359.jpg,A train with a green and orange stripe is sitting on the tracks.,1,1,137965,b3b3844b527b328bc0314d3c102a09b0,768,768,RGB,JPEG,116.77587890625,49.409690856933594,True,393
2360,img_02360.jpg,A train with a green and orange stripe is sitting on the tracks.,1,2,193357,9d493c954eafa05a56b72a83e1561898,1024,1024,RGB,JPEG,108.005859375,38.99723815917969,True,393
2361,img_02361.jpg,A train with a green and orange stripe is sitting on the tracks.,1,3,212751,417d25c57b2d43b92561a590e11bdf7e,1024,1024,RGB,JPEG,128.26513671875,66.06230926513672,True,393
2362,img_02362.jpg,A train with a green and orange stripe is sitting on the tracks.,1,4,20543,a7bd548041c6983c18273bb7b815cb99,270,270,RGB,JPEG,85.879638671875,50.311641693115234,True,393
2363,img_02363.jpg,A train with a green and orange stripe is sitting on the tracks.,1,5,19676,ac073839e36d76c99bc7c3d852d411bf,436,436,RGB,JPEG,92.286865234375,57.511470794677734,True,393
2364,img_02364.jpg,A couple flying a kite at dusk on the seaside.,0,0,38524,7b4e15b31961eb6c347b525b4c82d091,640,473,RGB,JPEG,139.1171875,72.88005065917969,True,394
2365,img_02365.jpg,A couple flying a kite at dusk on the seaside.,1,1,68788,139275099ea79c5efd7d0ccf9c960098,768,768,RGB,JPEG,131.5859375,44.11723327636719,True,394
2366,img_02366.jpg,A couple flying a kite at dusk on the seaside.,1,2,49423,890f0e58fad93b7c4339623845bcc127,1024,1024,RGB,JPEG,119.20166015625,30.513866424560547,True,394
2367,img_02367.jpg,A couple flying a kite at dusk on the seaside.,1,3,63911,60f845a458bb166eb27a1c9e81af9ead,1024,1024,RGB,JPEG,151.630126953125,61.984222412109375,True,394
2368,img_02368.jpg,A couple flying a kite at dusk on the seaside.,1,4,16545,087cf7835b1d1790bdf9e9e88a9fe418,270,270,RGB,JPEG,124.057373046875,64.00677490234375,True,394
2369,img_02369.jpg,A couple flying a kite at dusk on the seaside.,1,5,20943,b34aa1e7940f6c12b4d894c5b258754f,436,436,RGB,JPEG,88.14794921875,35.135562896728516,True,394
2370,img_02370.jpg,A passenger train passes a freight train traveling in opposite directions,0,0,60935,2b787ce66c9e40ca2bf1daa17ca364f7,640,480,RGB,JPEG,104.51611328125,73.05223083496094,True,395
2371,img_02371.jpg,A passenger train passes a freight train traveling in opposite directions,1,1,121607,70227c98c3ad754e97624e4c9bd86c07,768,768,RGB,JPEG,118.090087890625,43.34134292602539,True,395
2372,img_02372.jpg,A passenger train passes a freight train traveling in opposite directions,1,2,193238,572d18e988fa00c882b35fe3563eac2e,1024,1024,RGB,JPEG,109.27197265625,37.650840759277344,True,395
2373,img_02373.jpg,A passenger train passes a freight train traveling in opposite directions,1,3,251723,d145610dfbb9fbf6fc04dadd3bd961a6,1024,1024,RGB,JPEG,117.754638671875,51.13357162475586,True,395
2374,img_02374.jpg,A passenger train passes a freight train traveling in opposite directions,1,4,18772,e77b5083ab1d21f37afe58b965ceef6b,270,270,RGB,JPEG,103.91015625,59.506954193115234,True,395
2375,img_02375.jpg,A passenger train passes a freight train traveling in opposite directions,1,5,28591,4093caeb773b7d49929532d4af48ae85,436,436,RGB,JPEG,98.529541015625,51.67999267578125,True,395
2376,img_02376.jpg,Three people standing around a brown horse with a white stripe on his face. ,0,0,91764,9547fac1c139338556186bf8d01d3a90,480,640,RGB,JPEG,112.771728515625,47.44249725341797,True,396
2377,img_02377.jpg,Three people standing around a brown horse with a white stripe on his face. ,1,1,104740,b7882147f6943704b2212078cf9a9d21,768,768,RGB,JPEG,111.174560546875,42.41927719116211,True,396
2378,img_02378.jpg,Three people standing around a brown horse with a white stripe on his face. ,1,2,99382,5ff28c54d057f5baaf2ddb741b26dace,1024,1024,RGB,JPEG,100.3388671875,41.00014114379883,True,396
2379,img_02379.jpg,Three people standing around a brown horse with a white stripe on his face. ,1,3,140026,35da31ca939c0f1cd47abb284fe08f9c,1024,1024,RGB,JPEG,107.392578125,71.0440673828125,True,396
2380,img_02380.jpg,Three people standing around a brown horse with a white stripe on his face. ,1,4,16187,9d1801b829f4ecf7adb5c8e82892f475,270,270,RGB,JPEG,165.04443359375,83.8519287109375,True,396
2381,img_02381.jpg,Three people standing around a brown horse with a white stripe on his face. ,1,5,23108,09a532d2507d94642a3a1f043942ebf0,436,436,RGB,JPEG,145.066650390625,62.912906646728516,True,396
2382,img_02382.jpg,Vintage bathroom with sink and toilet with toiletries,0,0,25464,b028a8604a84fe6f98b3a050a2cfd07a,640,359,RGB,JPEG,90.598876953125,61.5947380065918,True,397
2383,img_02383.jpg,Vintage bathroom with sink and toilet with toiletries,1,1,99394,31359dfbffecf84d2f6f22008104969b,768,768,RGB,JPEG,127.6357421875,50.4771614074707,True,397
2384,img_02384.jpg,Vintage bathroom with sink and toilet with toiletries,1,2,106070,70681dc881bd13ce50f6345b5ac2308b,1024,1024,RGB,JPEG,118.275146484375,42.7840690612793,True,397
2385,img_02385.jpg,Vintage bathroom with sink and toilet with toiletries,1,3,78421,eacf793b53e889b2d04ea8b37e6eb19d,1024,1024,RGB,JPEG,166.17822265625,54.19975662231445,True,397
2386,img_02386.jpg,Vintage bathroom with sink and toilet with toiletries,1,4,20271,736b3da08be1b93ac114f93fae155bb6,270,270,RGB,JPEG,97.139404296875,55.42909622192383,True,397
2387,img_02387.jpg,Vintage bathroom with sink and toilet with toiletries,1,5,27988,6cce814da54113dd69cde08c68e19838,436,436,RGB,JPEG,127.406494140625,61.4544677734375,True,397
2388,img_02388.jpg,cars riding down a lit street with a bright light post ,0,0,52221,e103b976608c0c89acf039735aa07ef4,480,640,RGB,JPEG,58.082763671875,51.51664733886719,True,398
2389,img_02389.jpg,cars riding down a lit street with a bright light post ,1,1,90555,08817b2a785961106c3d7e72c420a5ca,768,768,RGB,JPEG,100.60595703125,63.06913757324219,True,398
2390,img_02390.jpg,cars riding down a lit street with a bright light post ,1,2,109244,7ec994cd1303f889ec18abf6e4307e8e,1024,1024,RGB,JPEG,90.2431640625,39.38468933105469,True,398
2391,img_02391.jpg,cars riding down a lit street with a bright light post ,1,3,115213,a2aef8fed4fc4186229ac823bfebf686,1024,1024,RGB,JPEG,55.93212890625,60.057334899902344,True,398
2392,img_02392.jpg,cars riding down a lit street with a bright light post ,1,4,18025,d79280d90981a3c33a3f6d11050ac332,270,270,RGB,JPEG,117.143798828125,57.95113754272461,True,398
2393,img_02393.jpg,cars riding down a lit street with a bright light post ,1,5,17315,73cc3a7f294facfbedf1cdc31c027de0,436,436,RGB,JPEG,56.892333984375,53.58736038208008,True,398
2394,img_02394.jpg,A little boy that is standing in the dirt next to a basket.,0,0,67330,99963557977213fca122f71352a6b7fe,480,640,RGB,JPEG,109.868896484375,41.057064056396484,True,399
2395,img_02395.jpg,A little boy that is standing in the dirt next to a basket.,1,1,117487,6f81ff489784bf3847b4793d3165ac52,768,768,RGB,JPEG,107.113037109375,36.11211395263672,True,399
2396,img_02396.jpg,A little boy that is standing in the dirt next to a basket.,1,2,110507,b595f12e4a00d05b639d48d7fd7c9d6d,1024,1024,RGB,JPEG,123.746826171875,43.56389617919922,True,399
2397,img_02397.jpg,A little boy that is standing in the dirt next to a basket.,1,3,139555,8dd2583710a91ab9a9f5e043b83a57fe,1024,1024,RGB,JPEG,143.562255859375,45.95065689086914,True,399
2398,img_02398.jpg,A little boy that is standing in the dirt next to a basket.,1,4,17105,0418ca72e92ce0043bda05369b85c4ae,270,270,RGB,JPEG,91.839599609375,46.07600784301758,True,399
2399,img_02399.jpg,A little boy that is standing in the dirt next to a basket.,1,5,30174,1d2060ee932fb55b38b3e08c0fcba28f,436,436,RGB,JPEG,83.70556640625,41.006778717041016,True,399
2400,img_02400.jpg,Various items used for cooking a recipe atop a clean table.,0,0,22292,d1e2f653aed7bae700f668e5767ff772,500,375,RGB,JPEG,191.7685546875,38.608680725097656,True,400
2401,img_02401.jpg,Various items used for cooking a recipe atop a clean table.,1,1,77040,551d984179ce922e18d9adeb6eb2388d,768,768,RGB,JPEG,118.4150390625,44.939659118652344,True,400
2402,img_02402.jpg,Various items used for cooking a recipe atop a clean table.,1,2,127545,9a203b72a5128d769125289abb8f9263,1024,1024,RGB,JPEG,114.0751953125,54.214717864990234,True,400
2403,img_02403.jpg,Various items used for cooking a recipe atop a clean table.,1,3,127422,56fbcd32d021d308b16e9619ffae7dec,1024,1024,RGB,JPEG,181.123046875,63.355777740478516,True,400
2404,img_02404.jpg,Various items used for cooking a recipe atop a clean table.,1,4,19535,4d21986d05c01fd076d99e06cdc1f279,270,270,RGB,JPEG,158.05029296875,54.50779724121094,True,400
2405,img_02405.jpg,Various items used for cooking a recipe atop a clean table.,1,5,25708,eb6f892178344f6e6adb3ccd9608f415,436,436,RGB,JPEG,172.266845703125,50.34061813354492,True,400
2406,img_02406.jpg,A wooden bench covered with pots and containers of plants.,0,0,101863,d70aa0e4df85e5c53113d24cc104e363,640,480,RGB,JPEG,88.158447265625,57.5327262878418,True,401
2407,img_02407.jpg,A wooden bench covered with pots and containers of plants.,1,1,117657,0b3a16ea6d6b48ae48b8cde494f035eb,768,768,RGB,JPEG,102.064208984375,48.66492462158203,True,401
2408,img_02408.jpg,A wooden bench covered with pots and containers of plants.,1,2,167270,500b7d6d179ba3b296acd275bd072c15,1024,1024,RGB,JPEG,111.495849609375,43.12863540649414,True,401
2409,img_02409.jpg,A wooden bench covered with pots and containers of plants.,1,3,196892,cfeaeef8f25ba3d4109c88bdca44efca,1024,1024,RGB,JPEG,153.581787109375,63.78661346435547,True,401
2410,img_02410.jpg,A wooden bench covered with pots and containers of plants.,1,4,23506,11b47e13697bd82c6fa6d3f9016a0a27,270,270,RGB,JPEG,97.281494140625,52.0494384765625,True,401
2411,img_02411.jpg,A wooden bench covered with pots and containers of plants.,1,5,36688,44445637c2e8cf42cd8f53c563e0af35,436,436,RGB,JPEG,76.255859375,35.768516540527344,True,401
2412,img_02412.jpg,Lots of fruit sits on bowls on the counter of this kitchen. ,0,0,30928,d7062abdcefe73818c4baaa91aa70fb3,640,427,RGB,JPEG,81.987060546875,44.98517990112305,True,402
2413,img_02413.jpg,Lots of fruit sits on bowls on the counter of this kitchen. ,1,1,64051,cf0179d79d00c2857127688ebe851699,768,768,RGB,JPEG,119.977294921875,58.36654281616211,True,402
2414,img_02414.jpg,Lots of fruit sits on bowls on the counter of this kitchen. ,1,2,106500,c0ce4127a37370cab488ccaf0bc45df1,1024,1024,RGB,JPEG,150.48828125,40.29550552368164,True,402
2415,img_02415.jpg,Lots of fruit sits on bowls on the counter of this kitchen. ,1,3,181718,d2f7c860ffad6a81aff288ef2d43478a,1024,1024,RGB,JPEG,141.943603515625,57.05348587036133,True,402
2416,img_02416.jpg,Lots of fruit sits on bowls on the counter of this kitchen. ,1,4,22883,738972746bc135526e0ce8223bc57a5c,270,270,RGB,JPEG,124.565673828125,59.033203125,True,402
2417,img_02417.jpg,Lots of fruit sits on bowls on the counter of this kitchen. ,1,5,27151,af0b0521ece1666cdf933cae7ab3ffb7,436,436,RGB,JPEG,179.4755859375,45.700687408447266,True,402
2418,img_02418.jpg,a steam locomotive on a narrow gauge track,0,0,60762,f1ee5700cae132db939d19ccda1276b2,640,423,RGB,JPEG,119.70849609375,68.14425659179688,True,403
2419,img_02419.jpg,a steam locomotive on a narrow gauge track,1,1,83839,fb79fa0abbb05ed0bb7894ac772adf71,768,768,RGB,JPEG,115.890869140625,40.29615020751953,True,403
2420,img_02420.jpg,a steam locomotive on a narrow gauge track,1,2,176039,6c034dcc1b22b3303f9697af215400f6,1024,1024,RGB,JPEG,106.792724609375,42.061248779296875,True,403
2421,img_02421.jpg,a steam locomotive on a narrow gauge track,1,3,304918,82fd8a45bbcda719256640e65fb48d7d,1024,1024,RGB,JPEG,128.22900390625,66.25863647460938,True,403
2422,img_02422.jpg,a steam locomotive on a narrow gauge track,1,4,21462,d43185627a941a7a1ad3a1a26299b8e0,270,270,RGB,JPEG,86.16552734375,53.7884407043457,True,403
2423,img_02423.jpg,a steam locomotive on a narrow gauge track,1,5,30660,bcb1cd723a49c0f406bc38a6080a5583,436,436,RGB,JPEG,121.367919921875,62.663902282714844,True,403
2424,img_02424.jpg,A kitchen counter covered in metal bowls and dishes filled with food.,0,0,58044,5298b9fb1d6e18e2864f04974722c445,640,425,RGB,JPEG,92.365966796875,57.622310638427734,True,404
2425,img_02425.jpg,A kitchen counter covered in metal bowls and dishes filled with food.,1,1,67009,29098e46b6a31fdbba24ec09d99d9ace,768,768,RGB,JPEG,130.357177734375,60.082210540771484,True,404
2426,img_02426.jpg,A kitchen counter covered in metal bowls and dishes filled with food.,1,2,127286,4ef2865d5551fa6007c7f3e2e0d47b07,1024,1024,RGB,JPEG,111.795654296875,49.19730758666992,True,404
2427,img_02427.jpg,A kitchen counter covered in metal bowls and dishes filled with food.,1,3,121759,40b0ae51060ad030c2e299c2edc9d87d,1024,1024,RGB,JPEG,128.342041015625,58.6469841003418,True,404
2428,img_02428.jpg,A kitchen counter covered in metal bowls and dishes filled with food.,1,4,23331,159ae052a8b689bdde0b0876c356ccad,270,270,RGB,JPEG,99.3564453125,50.47401428222656,True,404
2429,img_02429.jpg,A kitchen counter covered in metal bowls and dishes filled with food.,1,5,31743,d3456c654cd18e2622ada04092a47b2d,436,436,RGB,JPEG,98.73779296875,55.22687530517578,True,404
2430,img_02430.jpg,Women smiling looking into a mirror while fixing their hair.,0,0,39261,403e208c3646b34e2094966e86e34d65,500,375,RGB,JPEG,85.187255859375,65.36841583251953,True,405
2431,img_02431.jpg,Women smiling looking into a mirror while fixing their hair.,1,1,37076,b4f3e5e4d7024bcdb950a966cef3ecd4,768,768,RGB,JPEG,129.420166015625,50.483036041259766,True,405
2432,img_02432.jpg,Women smiling looking into a mirror while fixing their hair.,1,2,66048,236a9a9f49060990e8ab567c2d85a5d5,1024,1024,RGB,JPEG,134.4306640625,45.75453186035156,True,405
2433,img_02433.jpg,Women smiling looking into a mirror while fixing their hair.,1,3,83489,3ed666a6650c2ddff78381abb4d848b4,1024,1024,RGB,JPEG,162.968994140625,74.08772277832031,True,405
2434,img_02434.jpg,Women smiling looking into a mirror while fixing their hair.,1,4,15453,07ae2f4e9a458b6d16905ca21eef2b77,270,270,RGB,JPEG,99.6767578125,59.80267333984375,True,405
2435,img_02435.jpg,Women smiling looking into a mirror while fixing their hair.,1,5,20936,876cadd36ab8ad0c904ebd12316109f8,436,436,RGB,JPEG,81.036376953125,45.60271453857422,True,405
2436,img_02436.jpg,a street sign on the corner with buildings in the background,0,0,41208,28c756e64ea04b975250aec327a3c6ce,500,334,RGB,JPEG,128.88916015625,59.35418701171875,True,406
2437,img_02437.jpg,a street sign on the corner with buildings in the background,1,1,64161,647e8da6e12fe50835f86448d9316162,768,768,RGB,JPEG,114.44970703125,44.94691848754883,True,406
2438,img_02438.jpg,a street sign on the corner with buildings in the background,1,2,149524,8ede4c1a39da3f71b81453998663c10e,1024,1024,RGB,JPEG,116.748779296875,53.605411529541016,True,406
2439,img_02439.jpg,a street sign on the corner with buildings in the background,1,3,111826,eada72bef65443724c2d14b04f612eff,1024,1024,RGB,JPEG,146.61474609375,77.63111114501953,True,406
2440,img_02440.jpg,a street sign on the corner with buildings in the background,1,4,22847,5a734e4df8aff15453d43578829cf4cc,270,270,RGB,JPEG,139.5283203125,64.77664947509766,True,406
2441,img_02441.jpg,a street sign on the corner with buildings in the background,1,5,33681,7ccdd95d3bb48f0b574bca150f22d7c1,436,436,RGB,JPEG,112.172607421875,62.426353454589844,True,406
2442,img_02442.jpg,people with their head covered on a motorbike,0,0,61466,f93a822e27dbb2caad45d9fac6d0fd8e,640,480,RGB,JPEG,54.0947265625,55.29322052001953,True,407
2443,img_02443.jpg,people with their head covered on a motorbike,1,1,90619,8c1283f4e56a22fa9eb2753f2bd9c1a7,768,768,RGB,JPEG,118.143798828125,55.613197326660156,True,407
2444,img_02444.jpg,people with their head covered on a motorbike,1,2,139121,f25d76ddb666dfe9b868557a55e51e5f,1024,1024,RGB,JPEG,106.775390625,53.71989822387695,True,407
2445,img_02445.jpg,people with their head covered on a motorbike,1,3,162759,30a7fd2b02902ed703bcde61e4215046,1024,1024,RGB,JPEG,115.562255859375,65.58807373046875,True,407
2446,img_02446.jpg,people with their head covered on a motorbike,1,4,18965,2c360743acd2b94012638cb809f40ffa,270,270,RGB,JPEG,113.306396484375,53.52008819580078,True,407
2447,img_02447.jpg,people with their head covered on a motorbike,1,5,28393,67d06bb4c3ee3c545bff52e6d16dc04d,436,436,RGB,JPEG,94.704833984375,50.065670013427734,True,407
2448,img_02448.jpg,A man sitting on green bench on top of a stone walkway.,0,0,63571,b5ff12c8f580af38022c75f9cb9cd9cd,640,480,RGB,JPEG,150.74365234375,41.62312698364258,True,408
2449,img_02449.jpg,A man sitting on green bench on top of a stone walkway.,1,1,107972,cd30eeb8a4b7403ef83733f4fccc570d,768,768,RGB,JPEG,112.951416015625,53.8597412109375,True,408
2450,img_02450.jpg,A man sitting on green bench on top of a stone walkway.,1,2,122456,ca94aee78d23eadaf8964796cbd4c8c9,1024,1024,RGB,JPEG,131.5908203125,43.444732666015625,True,408
2451,img_02451.jpg,A man sitting on green bench on top of a stone walkway.,1,3,166781,8faf53cfba4432be339623f14961b24f,1024,1024,RGB,JPEG,148.55908203125,64.81393432617188,True,408
2452,img_02452.jpg,A man sitting on green bench on top of a stone walkway.,1,4,17779,aea26c1145de2517e1380d9d90d53930,270,270,RGB,JPEG,93.239013671875,59.59886932373047,True,408
2453,img_02453.jpg,A man sitting on green bench on top of a stone walkway.,1,5,36963,fe5767152bdc79352073a7c9857480d3,436,436,RGB,JPEG,97.5732421875,53.06334686279297,True,408
2454,img_02454.jpg,A German language street directional sign that reads Bauminghausstrasse. ,0,0,60137,b47af857733c59d71b43dda8ef552368,640,409,RGB,JPEG,136.482177734375,48.84779739379883,True,409
2455,img_02455.jpg,A German language street directional sign that reads Bauminghausstrasse. ,1,1,68923,a1ac00d5180af8ffb7a65bd0c4dbf842,768,768,RGB,JPEG,121.445556640625,58.2637825012207,True,409
2456,img_02456.jpg,A German language street directional sign that reads Bauminghausstrasse. ,1,2,120411,c2fc80f15f5591525bab06e2e6c6c268,1024,1024,RGB,JPEG,127.17529296875,51.94904327392578,True,409
2457,img_02457.jpg,A German language street directional sign that reads Bauminghausstrasse. ,1,3,125053,58bddd489a8c5f9b7bd4661873f14d1b,1024,1024,RGB,JPEG,170.126220703125,92.1736831665039,True,409
2458,img_02458.jpg,A German language street directional sign that reads Bauminghausstrasse. ,1,4,17900,eedce4e2d41399a1bc21707f944fb514,270,270,RGB,JPEG,115.322265625,54.37144470214844,True,409
2459,img_02459.jpg,A German language street directional sign that reads Bauminghausstrasse. ,1,5,27790,b9ebf3eb50b9c2c257a01d038f80bdc5,436,436,RGB,JPEG,99.667724609375,64.29493713378906,True,409
2460,img_02460.jpg,A large white teddy bear sitting on top of an SUV.,0,0,35699,7876570a720483bd01c883db9251c290,428,640,RGB,JPEG,75.86376953125,46.55304718017578,True,410
2461,img_02461.jpg,A large white teddy bear sitting on top of an SUV.,1,1,81218,06155da20c3cd52a2a7b836aefbd7fd4,768,768,RGB,JPEG,125.02783203125,71.23143768310547,True,410
2462,img_02462.jpg,A large white teddy bear sitting on top of an SUV.,1,2,126972,2343de13a0faf25bc40f5ed5c61437ac,1024,1024,RGB,JPEG,108.273193359375,57.07697296142578,True,410
2463,img_02463.jpg,A large white teddy bear sitting on top of an SUV.,1,3,171858,a1a86d8c43227b2efd6e98df82e68858,1024,1024,RGB,JPEG,129.5234375,76.52709197998047,True,410
2464,img_02464.jpg,A large white teddy bear sitting on top of an SUV.,1,4,16689,8f8e68a11d41088adfe8693b20cbb80f,270,270,RGB,JPEG,139.12060546875,68.79134368896484,True,410
2465,img_02465.jpg,A large white teddy bear sitting on top of an SUV.,1,5,21311,b872709c875995647b9ad82ddced43bd,436,436,RGB,JPEG,153.53173828125,50.839637756347656,True,410
2466,img_02466.jpg,Red and white plane sitting in a green field.,0,0,44614,f97be9a5748930958d8e25b588f9d93a,640,425,RGB,JPEG,120.14794921875,69.05843353271484,True,411
2467,img_02467.jpg,Red and white plane sitting in a green field.,1,1,118346,f5da943d2484fc1a0075ab235fa24fe4,768,768,RGB,JPEG,100.52001953125,53.67328643798828,True,411
2468,img_02468.jpg,Red and white plane sitting in a green field.,1,2,94605,87c131fdc6916167b4e1f86a83fbf597,1024,1024,RGB,JPEG,125.1396484375,33.85902404785156,True,411
2469,img_02469.jpg,Red and white plane sitting in a green field.,1,3,135135,0b42653a8cc064803253c86a857d23bd,1024,1024,RGB,JPEG,121.565673828125,38.00962448120117,True,411
2470,img_02470.jpg,Red and white plane sitting in a green field.,1,4,16302,d259c5e7317df44523f1f3d9eb6f0fa1,270,270,RGB,JPEG,120.429443359375,61.89309310913086,True,411
2471,img_02471.jpg,Red and white plane sitting in a green field.,1,5,25905,ea084ade6e7c24dac1e33bb6f48ef064,436,436,RGB,JPEG,60.270263671875,35.6961669921875,True,411
2472,img_02472.jpg,A bathroom with focus on a counter with dual sinks.,0,0,30705,f87ad3f73ce7f6c1904776017199581d,640,366,RGB,JPEG,146.946533203125,70.38612365722656,True,412
2473,img_02473.jpg,A bathroom with focus on a counter with dual sinks.,1,1,63292,480b5c372304f903ef55778fdcc322fa,768,768,RGB,JPEG,123.435546875,51.09524154663086,True,412
2474,img_02474.jpg,A bathroom with focus on a counter with dual sinks.,1,2,79362,5b7b558be6b493c484c6e177627879a8,1024,1024,RGB,JPEG,134.678955078125,37.58538818359375,True,412
2475,img_02475.jpg,A bathroom with focus on a counter with dual sinks.,1,3,87230,cb7e6d27948bd2d47da1ac745c8eeac1,1024,1024,RGB,JPEG,148.40966796875,66.95645904541016,True,412
2476,img_02476.jpg,A bathroom with focus on a counter with dual sinks.,1,4,14790,8b25fb82059797f77fb01efd928ebb21,270,270,RGB,JPEG,144.489990234375,54.319942474365234,True,412
2477,img_02477.jpg,A bathroom with focus on a counter with dual sinks.,1,5,20626,fd81e11af102d7fa4ae49b0e2c6b58ee,436,436,RGB,JPEG,150.978759765625,33.503780364990234,True,412
2478,img_02478.jpg,Stop light featuring Main Street and a green light,0,0,39418,6630533070c1f4285eaf100f375ca279,298,448,RGB,JPEG,95.628173828125,38.37332534790039,True,413
2479,img_02479.jpg,Stop light featuring Main Street and a green light,1,1,108570,7e17ba646104fd348be259cb05157ef3,768,768,RGB,JPEG,105.89697265625,53.817893981933594,True,413
2480,img_02480.jpg,Stop light featuring Main Street and a green light,1,2,98612,282928d1985641bc4003a4e4e0ee88ce,1024,1024,RGB,JPEG,133.58544921875,51.27164840698242,True,413
2481,img_02481.jpg,Stop light featuring Main Street and a green light,1,3,80909,9d1fcc83d0b9f5890f9dcd52eabf1c1d,1024,1024,RGB,JPEG,125.7685546875,43.715206146240234,True,413
2482,img_02482.jpg,Stop light featuring Main Street and a green light,1,4,21157,874c0e799fbecc304458900866e1fa04,270,270,RGB,JPEG,107.484375,64.39797973632812,True,413
2483,img_02483.jpg,Stop light featuring Main Street and a green light,1,5,12526,d64efe423b06b5085a81804660c21cac,436,436,RGB,JPEG,149.341552734375,43.249603271484375,True,413
2484,img_02484.jpg,People walking toward an airplane to board it.,0,0,48759,0937dcb5cca11ad9d46b6039afb76c27,640,427,RGB,JPEG,131.4677734375,50.02983093261719,True,414
2485,img_02485.jpg,People walking toward an airplane to board it.,1,1,69595,7f7dfefe28becdfb23de6a781a80e9ec,768,768,RGB,JPEG,125.815185546875,55.169158935546875,True,414
2486,img_02486.jpg,People walking toward an airplane to board it.,1,2,80643,cbd2f6b7876ca43ad9633991645c1122,1024,1024,RGB,JPEG,138.653564453125,34.340824127197266,True,414
2487,img_02487.jpg,People walking toward an airplane to board it.,1,3,132768,4cc01069c26b704ed2b5e39256b5a629,1024,1024,RGB,JPEG,159.808349609375,82.83553314208984,True,414
2488,img_02488.jpg,People walking toward an airplane to board it.,1,4,19872,5705c1fc086bc6913ec20959a5c051c9,270,270,RGB,JPEG,150.479248046875,58.55790328979492,True,414
2489,img_02489.jpg,People walking toward an airplane to board it.,1,5,27926,5753886772842ed7e9023355a2ec6cbf,436,436,RGB,JPEG,129.748046875,55.607032775878906,True,414
2490,img_02490.jpg,A couple of sheep standing on top of snow covered ground.,0,0,39453,e9d9b7a8e73ac1de75c9334bd8ea3681,640,343,RGB,JPEG,162.062744140625,51.10797119140625,True,415
2491,img_02491.jpg,A couple of sheep standing on top of snow covered ground.,1,1,85403,ebb84f060bf31b579dc23a9b3987fb21,768,768,RGB,JPEG,133.58251953125,61.109806060791016,True,415
2492,img_02492.jpg,A couple of sheep standing on top of snow covered ground.,1,2,69330,c857317a600548d48fda8a00f1bd42f3,1024,1024,RGB,JPEG,161.111572265625,37.39492416381836,True,415
2493,img_02493.jpg,A couple of sheep standing on top of snow covered ground.,1,3,86253,b19c51c9f7a873775f074ef278cd8156,1024,1024,RGB,JPEG,188.702392578125,50.136817932128906,True,415
2494,img_02494.jpg,A couple of sheep standing on top of snow covered ground.,1,4,12718,40195112df334591fbc00d6190861a3a,270,270,RGB,JPEG,183.08740234375,51.60390853881836,True,415
2495,img_02495.jpg,A couple of sheep standing on top of snow covered ground.,1,5,16751,31fb5eee97fee5877151267b5e7e6009,436,436,RGB,JPEG,217.618896484375,37.4571418762207,True,415
2496,img_02496.jpg,The bathroom is structured like they are old buildings.,0,0,53368,fb737446c25b5a08740415c77da02f21,480,640,RGB,JPEG,85.864990234375,56.79005432128906,True,416
2497,img_02497.jpg,The bathroom is structured like they are old buildings.,1,1,87101,76c74cce8c6cc2a27b58a2e1612bb287,768,768,RGB,JPEG,113.372314453125,45.59600067138672,True,416
2498,img_02498.jpg,The bathroom is structured like they are old buildings.,1,2,71350,7ad36f947c759e69217980eada5946e6,1024,1024,RGB,JPEG,121.06787109375,50.86375427246094,True,416
2499,img_02499.jpg,The bathroom is structured like they are old buildings.,1,3,96269,6d9c2e6676d4655f3858d16f02b1eaf6,1024,1024,RGB,JPEG,133.35205078125,60.21078872680664,True,416
2500,img_02500.jpg,The bathroom is structured like they are old buildings.,1,4,21327,b8b6f86d2b238c1f0dda562c1e0f6e49,270,270,RGB,JPEG,115.5712890625,57.698787689208984,True,416
2501,img_02501.jpg,The bathroom is structured like they are old buildings.,1,5,23161,1e16120eb69dfbaec245b0b20d0bd499,436,436,RGB,JPEG,100.033447265625,56.944705963134766,True,416
2502,img_02502.jpg,"A building front at the corner of N. Astor and E. Division St.
",0,0,67931,faac158227b83d8f744deee4e01382ab,640,427,RGB,JPEG,108.221923828125,65.72183990478516,True,417
2503,img_02503.jpg,"A building front at the corner of N. Astor and E. Division St.
",1,1,117356,f10f9fec58d589018c1fbd5f717ba1e3,768,768,RGB,JPEG,100.929443359375,44.50150680541992,True,417
2504,img_02504.jpg,"A building front at the corner of N. Astor and E. Division St.
",1,2,135782,61d6180d87cad31fb68241a6035e7df7,1024,1024,RGB,JPEG,101.63623046875,44.795101165771484,True,417
2505,img_02505.jpg,"A building front at the corner of N. Astor and E. Division St.
",1,3,177777,a6cf7785c83add26e6c8a75e933cdff4,1024,1024,RGB,JPEG,126.223388671875,80.67504119873047,True,417
2506,img_02506.jpg,"A building front at the corner of N. Astor and E. Division St.
",1,4,25011,4076b43c85cb079e80925b9094a1b77c,270,270,RGB,JPEG,96.00439453125,45.53127670288086,True,417
2507,img_02507.jpg,"A building front at the corner of N. Astor and E. Division St.
",1,5,21402,c42addc6643042f863ecb924b6346ef4,436,436,RGB,JPEG,143.36376953125,64.29170227050781,True,417
2508,img_02508.jpg,A black and white cat laying on top of a desk.,0,0,36455,62d606f2e52530b503b27e83113b8c28,640,478,RGB,JPEG,160.86328125,88.1513900756836,True,418
2509,img_02509.jpg,A black and white cat laying on top of a desk.,1,1,40813,f618d849cb106fce43ede586b13c5345,768,768,RGB,JPEG,137.457763671875,62.330101013183594,True,418
2510,img_02510.jpg,A black and white cat laying on top of a desk.,1,2,80909,1c29ade2cdc74939bec6db2f49622fd8,1024,1024,RGB,JPEG,117.29638671875,62.72553634643555,True,418
2511,img_02511.jpg,A black and white cat laying on top of a desk.,1,3,83379,3f20c821c6fc00e55ec3aeddb739259a,1024,1024,RGB,JPEG,136.170654296875,89.93333435058594,True,418
2512,img_02512.jpg,A black and white cat laying on top of a desk.,1,4,11049,676b8a28f882778f189d1ac2eb92ca35,270,270,RGB,JPEG,125.369873046875,68.58771514892578,True,418
2513,img_02513.jpg,A black and white cat laying on top of a desk.,1,5,22492,64a913fda641814e46b12f424a2994f2,436,436,RGB,JPEG,100.2998046875,66.84078979492188,True,418
2514,img_02514.jpg,A red double-decker bus sits in a parking lot.,0,0,50297,86693fac7c49cb36214e8d361c9b9f80,640,427,RGB,JPEG,113.1474609375,74.1031494140625,True,419
2515,img_02515.jpg,A red double-decker bus sits in a parking lot.,1,1,124862,8b329061470323ab8d93baad8e5dc0c5,768,768,RGB,JPEG,106.16943359375,52.120567321777344,True,419
2516,img_02516.jpg,A red double-decker bus sits in a parking lot.,1,2,139640,c015e14ac47259c7dc947e3ab1e18e9c,1024,1024,RGB,JPEG,105.14404296875,46.063594818115234,True,419
2517,img_02517.jpg,A red double-decker bus sits in a parking lot.,1,3,174697,7dfd03ca041eb95bc85f344071b8dcb8,1024,1024,RGB,JPEG,160.4765625,69.44783782958984,True,419
2518,img_02518.jpg,A red double-decker bus sits in a parking lot.,1,4,19604,b64a7ee082b42d00f9871a10764e2dd7,270,270,RGB,JPEG,93.319580078125,52.67790603637695,True,419
2519,img_02519.jpg,A red double-decker bus sits in a parking lot.,1,5,13843,c86a06f708d30ad50ef2d553e8d1d9c9,436,436,RGB,JPEG,172.955078125,61.78816223144531,True,419
2520,img_02520.jpg,A busted up toilet sitting inside of a bath tub.,0,0,20733,c315caf2bffc12d89282ef50dc3c3b1a,640,426,RGB,JPEG,168.190673828125,38.001800537109375,True,420
2521,img_02521.jpg,A busted up toilet sitting inside of a bath tub.,1,1,48448,dd0d9620c70e867f5f32e0bd6070afa2,768,768,RGB,JPEG,113.876708984375,57.045902252197266,True,420
2522,img_02522.jpg,A busted up toilet sitting inside of a bath tub.,1,2,80305,84d865aa5dfa4d4de9cd170c2214794d,1024,1024,RGB,JPEG,129.95556640625,40.55915832519531,True,420
2523,img_02523.jpg,A busted up toilet sitting inside of a bath tub.,1,3,72074,1358d970c5b307bdc3f19c9dc02291df,1024,1024,RGB,JPEG,156.180419921875,44.140663146972656,True,420
2524,img_02524.jpg,A busted up toilet sitting inside of a bath tub.,1,4,15664,1d22b43abaed1fdc2d8aafe0fd6459ca,270,270,RGB,JPEG,111.5263671875,56.82806396484375,True,420
2525,img_02525.jpg,A busted up toilet sitting inside of a bath tub.,1,5,27304,c15c2fff4462512d003d7893617653ea,436,436,RGB,JPEG,135.424560546875,44.05083084106445,True,420
2526,img_02526.jpg,Plane on the tar mat of an airport.,0,0,31901,1b5ca1d74fc5233b3d0c9a15337d34ec,640,480,RGB,JPEG,126.689697265625,94.27287292480469,True,421
2527,img_02527.jpg,Plane on the tar mat of an airport.,1,1,62771,b25799e9fc1b8f97babf81af109ab64d,768,768,RGB,JPEG,117.848876953125,32.466896057128906,True,421
2528,img_02528.jpg,Plane on the tar mat of an airport.,1,2,101755,de9510ba499ea505aef76e289085b369,1024,1024,RGB,JPEG,108.966064453125,36.12380599975586,True,421
2529,img_02529.jpg,Plane on the tar mat of an airport.,1,3,176414,1d4ad758f67d603452c196af2b9238ac,1024,1024,RGB,JPEG,133.107177734375,38.09109115600586,True,421
2530,img_02530.jpg,Plane on the tar mat of an airport.,1,4,19855,f8a25469e0749773244f7fba5dc496ce,270,270,RGB,JPEG,119.255615234375,60.75459671020508,True,421
2531,img_02531.jpg,Plane on the tar mat of an airport.,1,5,23474,1ed01524abbee117dbad9e72be21405b,436,436,RGB,JPEG,76.1142578125,36.36567687988281,True,421
2532,img_02532.jpg,A stop sign with a dead end sign near a construction site.,0,0,50027,3bfa9406d060cbe2e317e04253cd71e9,478,640,RGB,JPEG,121.39990234375,59.99299240112305,True,422
2533,img_02533.jpg,A stop sign with a dead end sign near a construction site.,1,1,94974,2d3a0e5e4da70b2e724962525a201fa8,768,768,RGB,JPEG,130.312255859375,43.95315933227539,True,422
2534,img_02534.jpg,A stop sign with a dead end sign near a construction site.,1,2,168361,faf8ca6a967928664d2541f3e0bc6225,1024,1024,RGB,JPEG,107.52197265625,38.78675842285156,True,422
2535,img_02535.jpg,A stop sign with a dead end sign near a construction site.,1,3,283015,76cdda6f4c3ad474a0ff5e185c43a8ce,1024,1024,RGB,JPEG,130.934814453125,52.49811553955078,True,422
2536,img_02536.jpg,A stop sign with a dead end sign near a construction site.,1,4,21166,ee8338d0ca83ec7ad92f7601c3b6577f,270,270,RGB,JPEG,103.365478515625,61.210716247558594,True,422
2537,img_02537.jpg,A stop sign with a dead end sign near a construction site.,1,5,27102,3550a99092a7e94c8cdabba76e0f158b,436,436,RGB,JPEG,100.665283203125,62.41330337524414,True,422
2538,img_02538.jpg,A group of sheep are in a grassy field near a house.,0,0,70237,120701904dafb14725ff16a462926cd8,640,427,RGB,JPEG,132.11279296875,49.647464752197266,True,423
2539,img_02539.jpg,A group of sheep are in a grassy field near a house.,1,1,74467,9d3221842c739d2637164b601034e588,768,768,RGB,JPEG,123.970458984375,47.67072677612305,True,423
2540,img_02540.jpg,A group of sheep are in a grassy field near a house.,1,2,137484,4e76eda7249f28d83f9c6ae692848968,1024,1024,RGB,JPEG,113.61572265625,40.610816955566406,True,423
2541,img_02541.jpg,A group of sheep are in a grassy field near a house.,1,3,222611,5125b430e83399081acf7a48277f334f,1024,1024,RGB,JPEG,137.74951171875,56.886287689208984,True,423
2542,img_02542.jpg,A group of sheep are in a grassy field near a house.,1,4,18054,f5931aad4778b7f6c4a28d443d0e168c,270,270,RGB,JPEG,119.10400390625,68.96324920654297,True,423
2543,img_02543.jpg,A group of sheep are in a grassy field near a house.,1,5,27833,f2bbca2681d89684a3d2db09abb6f4ed,436,436,RGB,JPEG,129.906494140625,61.32524108886719,True,423
2544,img_02544.jpg,A street corner flanked by a display board.,0,0,42709,5e910dd2275505df226052642a838cbe,640,480,RGB,JPEG,102.775146484375,73.12969207763672,True,424
2545,img_02545.jpg,A street corner flanked by a display board.,1,1,115323,825b3c69dcedb4f6ddc683a255451a76,768,768,RGB,JPEG,120.65185546875,52.17619323730469,True,424
2546,img_02546.jpg,A street corner flanked by a display board.,1,2,132252,e8fdfb94f27b7a1d3e85ef09776c2387,1024,1024,RGB,JPEG,113.779052734375,50.41329574584961,True,424
2547,img_02547.jpg,A street corner flanked by a display board.,1,3,208417,31c1f236bc69fd2f0b9b7515c4ccb163,1024,1024,RGB,JPEG,115.486083984375,56.18505859375,True,424
2548,img_02548.jpg,A street corner flanked by a display board.,1,4,24273,4f14bae385524959fb7b17249725d640,270,270,RGB,JPEG,122.380615234375,56.97965621948242,True,424
2549,img_02549.jpg,A street corner flanked by a display board.,1,5,25098,423b7d9dc8abad878f9230523f98fa0a,436,436,RGB,JPEG,116.261962890625,53.71913528442383,True,424
2550,img_02550.jpg,A bench outside against a wall with several flower pots in front of it.,0,0,47326,16e99b79801a0afd2bbdd66cf1650788,640,493,RGB,JPEG,137.0185546875,47.97172164916992,True,425
2551,img_02551.jpg,A bench outside against a wall with several flower pots in front of it.,1,1,120589,b73fea618b78d7f73d131c856cc9b1cd,768,768,RGB,JPEG,105.87109375,50.644439697265625,True,425
2552,img_02552.jpg,A bench outside against a wall with several flower pots in front of it.,1,2,111508,a56eef4e295a44ee2a6ad358d2ca1f8a,1024,1024,RGB,JPEG,118.339599609375,37.674888610839844,True,425
2553,img_02553.jpg,A bench outside against a wall with several flower pots in front of it.,1,3,280497,402315d21d1d98c85ae99a941b485c61,1024,1024,RGB,JPEG,182.935546875,60.82607650756836,True,425
2554,img_02554.jpg,A bench outside against a wall with several flower pots in front of it.,1,4,18412,9e708214ce02668b751c42b27c30d625,270,270,RGB,JPEG,97.4189453125,53.104740142822266,True,425
2555,img_02555.jpg,A bench outside against a wall with several flower pots in front of it.,1,5,29905,3fda50e6c48f7d8f8754ecc94fdccb43,436,436,RGB,JPEG,110.865478515625,49.215538024902344,True,425
2556,img_02556.jpg,A city street filled with traffic and traffic lights.,0,0,30455,285865494c51f288029b5e4fc164d343,640,425,RGB,JPEG,88.635009765625,93.53897857666016,True,426
2557,img_02557.jpg,A city street filled with traffic and traffic lights.,1,1,129800,029da40b7a8519b1c7f28a70c9f17d41,768,768,RGB,JPEG,121.392822265625,36.51792526245117,True,426
2558,img_02558.jpg,A city street filled with traffic and traffic lights.,1,2,134715,350c38f777f946751c116a37130fe82a,1024,1024,RGB,JPEG,93.06787109375,39.237579345703125,True,426
2559,img_02559.jpg,A city street filled with traffic and traffic lights.,1,3,193075,f933ab7bd5598f3339be68e78355dddf,1024,1024,RGB,JPEG,107.804443359375,72.14175415039062,True,426
2560,img_02560.jpg,A city street filled with traffic and traffic lights.,1,4,22458,c0ddaf737b8eff9f9d73f9e91e428af1,270,270,RGB,JPEG,94.680419921875,50.43491744995117,True,426
2561,img_02561.jpg,A city street filled with traffic and traffic lights.,1,5,30202,c9b0cfa9644bb6c5f88a752d5f85a5d0,436,436,RGB,JPEG,62.311767578125,35.737430572509766,True,426
2562,img_02562.jpg,A large airplane sits on a wet airstrip on the other side of barred windows.,0,0,30064,372db0f2d06ac43c429ab009e0a058eb,640,425,RGB,JPEG,160.985595703125,68.32781982421875,True,427
2563,img_02563.jpg,A large airplane sits on a wet airstrip on the other side of barred windows.,1,1,71659,e731c73ab467efb595f725f428f60d49,768,768,RGB,JPEG,118.870361328125,33.42986297607422,True,427
2564,img_02564.jpg,A large airplane sits on a wet airstrip on the other side of barred windows.,1,2,68002,13576a528ed9cbd98be71baa35d8306d,1024,1024,RGB,JPEG,122.51220703125,30.827857971191406,True,427
2565,img_02565.jpg,A large airplane sits on a wet airstrip on the other side of barred windows.,1,3,76388,7a80f3648b8bc9a5fba93b14708240cd,1024,1024,RGB,JPEG,128.143310546875,86.8778305053711,True,427
2566,img_02566.jpg,A large airplane sits on a wet airstrip on the other side of barred windows.,1,4,17599,9f6c3c707afbaee3940fc9c2e5509642,270,270,RGB,JPEG,92.06494140625,56.98771667480469,True,427
2567,img_02567.jpg,A large airplane sits on a wet airstrip on the other side of barred windows.,1,5,27190,90e535d99a78eb4ef4b729f7fadc24b2,436,436,RGB,JPEG,126.706298828125,63.2888069152832,True,427
2568,img_02568.jpg,A man riding on the back of a brown horse in front of a truck.,0,0,45057,a478f9e4311f44152fd69b7fd99524b5,640,427,RGB,JPEG,121.8994140625,57.601200103759766,True,428
2569,img_02569.jpg,A man riding on the back of a brown horse in front of a truck.,1,1,62242,01ff07e9e8e8ef13affc519b1fc8dc02,768,768,RGB,JPEG,112.895263671875,42.72956085205078,True,428
2570,img_02570.jpg,A man riding on the back of a brown horse in front of a truck.,1,2,114739,a97933a60875da98d2efc24a59496d9b,1024,1024,RGB,JPEG,123.5390625,60.4970703125,True,428
2571,img_02571.jpg,A man riding on the back of a brown horse in front of a truck.,1,3,138745,de95418c569a19e577534afb3fb75a6a,1024,1024,RGB,JPEG,129.33544921875,74.13801574707031,True,428
2572,img_02572.jpg,A man riding on the back of a brown horse in front of a truck.,1,4,14819,7a24fa861c3c109d089d59e851da38f7,270,270,RGB,JPEG,107.200927734375,55.79317855834961,True,428
2573,img_02573.jpg,A man riding on the back of a brown horse in front of a truck.,1,5,21626,3f7f961c323bccf63395345650f5a6c1,436,436,RGB,JPEG,124.990478515625,49.06331253051758,True,428
2574,img_02574.jpg,there is a very colorful bus coming up the street,0,0,60522,cc454d21c1159e41f54df02c916c2b87,640,427,RGB,JPEG,136.66943359375,52.03659439086914,True,429
2575,img_02575.jpg,there is a very colorful bus coming up the street,1,1,109237,1231ba32420ba46f1573e3ec6aa2728d,768,768,RGB,JPEG,118.479736328125,48.72611999511719,True,429
2576,img_02576.jpg,there is a very colorful bus coming up the street,1,2,149529,24f2fe317592ad3ce3c42b8a70c997d9,1024,1024,RGB,JPEG,113.689208984375,41.74263000488281,True,429
2577,img_02577.jpg,there is a very colorful bus coming up the street,1,3,213696,a1355904f0d7c7efadfec1ae64313193,1024,1024,RGB,JPEG,139.781005859375,74.01850891113281,True,429
2578,img_02578.jpg,there is a very colorful bus coming up the street,1,4,25996,561d069ee80e4a19057aa4b2b7ab9d17,270,270,RGB,JPEG,144.469482421875,50.73723602294922,True,429
2579,img_02579.jpg,there is a very colorful bus coming up the street,1,5,40318,04d5b828964b9d2bdd30af537b3cfb5f,436,436,RGB,JPEG,83.765869140625,41.0660285949707,True,429
2580,img_02580.jpg,There is a stop sign with a factory in the distance.,0,0,41791,c6e2c3c6dab46bca1280ec6577dbd9f5,640,480,RGB,JPEG,127.4970703125,46.50076675415039,True,430
2581,img_02581.jpg,There is a stop sign with a factory in the distance.,1,1,96697,12549ce1c200ec176c9a3ef44a87bbe5,768,768,RGB,JPEG,109.598876953125,45.28504180908203,True,430
2582,img_02582.jpg,There is a stop sign with a factory in the distance.,1,2,113782,bb0c43e3ae378ac826a96567b2d57062,1024,1024,RGB,JPEG,114.30712890625,44.094905853271484,True,430
2583,img_02583.jpg,There is a stop sign with a factory in the distance.,1,3,200533,c91b53125bffe5aada37076a550b5f2b,1024,1024,RGB,JPEG,163.600341796875,55.98188400268555,True,430
2584,img_02584.jpg,There is a stop sign with a factory in the distance.,1,4,13536,ebb5e25d8579a151c71f6e5a87a7e4d9,270,270,RGB,JPEG,132.461181640625,49.4897346496582,True,430
2585,img_02585.jpg,There is a stop sign with a factory in the distance.,1,5,23044,17e1b533280e1410b553560a3e12fbec,436,436,RGB,JPEG,144.2666015625,49.91835403442383,True,430
2586,img_02586.jpg,An image looking down in to a toilet.,0,0,11656,f7000f730e347682da522971142d13a1,500,375,RGB,JPEG,113.407470703125,22.855817794799805,True,431
2587,img_02587.jpg,An image looking down in to a toilet.,1,1,118935,bd1d7f5a6eb0b87d57f339318481040e,768,768,RGB,JPEG,89.629638671875,50.29793930053711,True,431
2588,img_02588.jpg,An image looking down in to a toilet.,1,2,68939,22ec1156c8c4e9b5b11ae954dc7fdc8f,1024,1024,RGB,JPEG,142.174560546875,45.16107940673828,True,431
2589,img_02589.jpg,An image looking down in to a toilet.,1,3,74212,6a4f70ec8f3cb14b3237d82036c920b1,1024,1024,RGB,JPEG,153.901611328125,57.708251953125,True,431
2590,img_02590.jpg,An image looking down in to a toilet.,1,4,17037,71f1424f2ffd5b6943ca8929c0e122ea,270,270,RGB,JPEG,149.748779296875,49.43865203857422,True,431
2591,img_02591.jpg,An image looking down in to a toilet.,1,5,27481,9534b911b99aae12f8bf47d1e30047ef,436,436,RGB,JPEG,93.29833984375,62.87751007080078,True,431
2592,img_02592.jpg,Street signs are advising people to proceed while being aware of their surroundings.,0,0,49179,26425f1834a79adc061c44d9f61fac54,427,640,RGB,JPEG,113.292724609375,66.41838836669922,True,432
2593,img_02593.jpg,Street signs are advising people to proceed while being aware of their surroundings.,1,1,94447,0bd94046be804ccd253cb49d8c311074,768,768,RGB,JPEG,116.256591796875,46.10725021362305,True,432
2594,img_02594.jpg,Street signs are advising people to proceed while being aware of their surroundings.,1,2,109862,c3a34bbd8323eceb59cd4853e24e92f0,1024,1024,RGB,JPEG,136.988525390625,64.78734588623047,True,432
2595,img_02595.jpg,Street signs are advising people to proceed while being aware of their surroundings.,1,3,282172,faaac9305bfee7a8a8c42ec121ff751d,1024,1024,RGB,JPEG,131.243408203125,55.84259033203125,True,432
2596,img_02596.jpg,Street signs are advising people to proceed while being aware of their surroundings.,1,4,19072,5d5b48cd58ff558873b4b3f4353fbb59,270,270,RGB,JPEG,97.662841796875,57.999778747558594,True,432
2597,img_02597.jpg,Street signs are advising people to proceed while being aware of their surroundings.,1,5,23976,392536930aa069edd7504d15cb5a7f10,436,436,RGB,JPEG,80.033935546875,64.83316802978516,True,432
2598,img_02598.jpg,There is a crowd of people waiting for the train. ,0,0,64455,4c0b1640af3d46e728bdf50dc1a6fa51,640,428,RGB,JPEG,87.713134765625,47.25102996826172,True,433
2599,img_02599.jpg,There is a crowd of people waiting for the train. ,1,1,115874,87fcb02b2154bab6d03c65c23e7798e2,768,768,RGB,JPEG,106.368408203125,63.49091339111328,True,433
2600,img_02600.jpg,There is a crowd of people waiting for the train. ,1,2,151432,2e02a108b28c18ecf011dfdf36fd0bfb,1024,1024,RGB,JPEG,114.385009765625,38.167057037353516,True,433
2601,img_02601.jpg,There is a crowd of people waiting for the train. ,1,3,155916,300afd600f973b52bb7470c0df14e86e,1024,1024,RGB,JPEG,79.139892578125,71.090576171875,True,433
2602,img_02602.jpg,There is a crowd of people waiting for the train. ,1,4,21762,e7d2dc4c915d24ace8fee41eea737868,270,270,RGB,JPEG,171.914306640625,45.87297439575195,True,433
2603,img_02603.jpg,There is a crowd of people waiting for the train. ,1,5,21238,20b4328700f6f33a89946829ef00cb61,436,436,RGB,JPEG,70.681640625,39.2999382019043,True,433
2604,img_02604.jpg,A street sign that is on the side of the road.,0,0,57651,a315f8356e9556a6af73fab682b22507,640,480,RGB,JPEG,139.14501953125,67.92488098144531,True,434
2605,img_02605.jpg,A street sign that is on the side of the road.,1,1,101655,7bccce2056c3b23c94df5488c36bc28e,768,768,RGB,JPEG,108.743896484375,42.87504959106445,True,434
2606,img_02606.jpg,A street sign that is on the side of the road.,1,2,141232,c89a6fd7c5f2611ab113b63c7f784f0e,1024,1024,RGB,JPEG,115.759033203125,47.288272857666016,True,434
2607,img_02607.jpg,A street sign that is on the side of the road.,1,3,169822,59853a6ea0b638cde0aa73e8fe375407,1024,1024,RGB,JPEG,153.8271484375,55.11741638183594,True,434
2608,img_02608.jpg,A street sign that is on the side of the road.,1,4,13150,e453cac213f19ea4808989e1451738bd,270,270,RGB,JPEG,106.83447265625,58.736289978027344,True,434
2609,img_02609.jpg,A street sign that is on the side of the road.,1,5,20913,dd3879419ca134d98054f47c7f7f6bc8,436,436,RGB,JPEG,141.544677734375,47.397613525390625,True,434
2610,img_02610.jpg,A train with lights on riding down a track in front of buildings.,0,0,63339,9c6d0e676c88096df5fce276c7944039,640,426,RGB,JPEG,103.268798828125,64.03221893310547,True,435
2611,img_02611.jpg,A train with lights on riding down a track in front of buildings.,1,1,121353,4a3b3e96a0b3fea07437dc3b79a03098,768,768,RGB,JPEG,91.853271484375,56.422725677490234,True,435
2612,img_02612.jpg,A train with lights on riding down a track in front of buildings.,1,2,142779,ea22ddaa2cb7a6257c4519ddbe846a0a,1024,1024,RGB,JPEG,82.3125,47.26067352294922,True,435
2613,img_02613.jpg,A train with lights on riding down a track in front of buildings.,1,3,166585,dc63c45961ca92b187faaf1b6a3f4a1a,1024,1024,RGB,JPEG,84.24072265625,48.08414840698242,True,435
2614,img_02614.jpg,A train with lights on riding down a track in front of buildings.,1,4,19412,b0ecc3e599fe70306f34ceafbec9607d,270,270,RGB,JPEG,80.68896484375,40.41335678100586,True,435
2615,img_02615.jpg,A train with lights on riding down a track in front of buildings.,1,5,31022,bd73ff194decb1f0e193fb215484c521,436,436,RGB,JPEG,72.225830078125,43.4229736328125,True,435
2616,img_02616.jpg,A series of photos showing different restroom items.,0,0,40904,7b2eb5cf6548fad9a8f27d114610f28c,600,455,RGB,JPEG,104.349365234375,45.151363372802734,True,436
2617,img_02617.jpg,A series of photos showing different restroom items.,1,1,78299,811cc15e3994827902b43b63363776df,768,768,RGB,JPEG,108.39794921875,49.8636474609375,True,436
2618,img_02618.jpg,A series of photos showing different restroom items.,1,2,100702,a0e80c8d80fe386d39693a8dbcb73be0,1024,1024,RGB,JPEG,118.687255859375,52.971221923828125,True,436
2619,img_02619.jpg,A series of photos showing different restroom items.,1,3,90975,af88adc5d7d9de1011819e9b56cdae08,1024,1024,RGB,JPEG,164.029052734375,51.26908493041992,True,436
2620,img_02620.jpg,A series of photos showing different restroom items.,1,4,18578,5387b6fe6fe47b4cb97144bac2f5845e,270,270,RGB,JPEG,181.67431640625,62.254512786865234,True,436
2621,img_02621.jpg,A series of photos showing different restroom items.,1,5,13884,75a6cc343c3fe5f80ea3c9438ca92611,436,436,RGB,JPEG,216.53515625,28.986068725585938,True,436
2622,img_02622.jpg,A man standing next to a red motorcycle next to a orange van.,0,0,42281,09ccdef950c6f7259fb2b3d794478b52,500,355,RGB,JPEG,113.002197265625,68.93272399902344,True,437
2623,img_02623.jpg,A man standing next to a red motorcycle next to a orange van.,1,1,123184,b6d4a59fe39fc4cd9b7321ff000c39be,768,768,RGB,JPEG,108.981689453125,56.00218963623047,True,437
2624,img_02624.jpg,A man standing next to a red motorcycle next to a orange van.,1,2,108295,8ba04b5be0de6f82c93c7374f2b8a246,1024,1024,RGB,JPEG,85.98779296875,37.840980529785156,True,437
2625,img_02625.jpg,A man standing next to a red motorcycle next to a orange van.,1,3,185030,87b198ca3c5f4a0e69170e7ae171f3a7,1024,1024,RGB,JPEG,93.394287109375,63.49980545043945,True,437
2626,img_02626.jpg,A man standing next to a red motorcycle next to a orange van.,1,4,20209,b6f3bf4cd63373c474ae2363df7788f8,270,270,RGB,JPEG,91.72216796875,50.83855056762695,True,437
2627,img_02627.jpg,A man standing next to a red motorcycle next to a orange van.,1,5,17701,299c4c44d02999a59c4b30d7084f9fcc,436,436,RGB,JPEG,153.50048828125,65.0379867553711,True,437
2628,img_02628.jpg,A row of motorcycles parked next to each other on a lush green field.,0,0,92376,eb3129324a0d79a16d8e64da60164176,640,480,RGB,JPEG,118.767822265625,68.43065643310547,True,438
2629,img_02629.jpg,A row of motorcycles parked next to each other on a lush green field.,1,1,133725,85f26d336f11e83a0f91280934fa5bdd,768,768,RGB,JPEG,108.2919921875,62.8853759765625,True,438
2630,img_02630.jpg,A row of motorcycles parked next to each other on a lush green field.,1,2,148843,386aa648af0ff1f8b1e45ddef87f2460,1024,1024,RGB,JPEG,114.78173828125,51.556129455566406,True,438
2631,img_02631.jpg,A row of motorcycles parked next to each other on a lush green field.,1,3,302314,0dc63ced0a74953a92b37ae31a7b01f1,1024,1024,RGB,JPEG,152.179931640625,57.82105255126953,True,438
2632,img_02632.jpg,A row of motorcycles parked next to each other on a lush green field.,1,4,21488,54f08ee7c2276466f12106198e3b5c2d,270,270,RGB,JPEG,96.98486328125,55.738555908203125,True,438
2633,img_02633.jpg,A row of motorcycles parked next to each other on a lush green field.,1,5,28409,f661867efc88ebb9490f6be73bfc7b85,436,436,RGB,JPEG,89.971435546875,48.39559555053711,True,438
2634,img_02634.jpg,"A view of a kitchen sink, knives, hanging cups, and wine glasses.",0,0,32422,1a152efc67c10a9557e50d4035b473d8,640,480,RGB,JPEG,119.018310546875,40.072967529296875,True,439
2635,img_02635.jpg,"A view of a kitchen sink, knives, hanging cups, and wine glasses.",1,1,71654,548cdba4db51c18f9889531c8a9fb8c9,768,768,RGB,JPEG,125.7373046875,57.346893310546875,True,439
2636,img_02636.jpg,"A view of a kitchen sink, knives, hanging cups, and wine glasses.",1,2,130828,cfc16be16153e8ea57553d85ec9a8033,1024,1024,RGB,JPEG,145.89599609375,45.296504974365234,True,439
2637,img_02637.jpg,"A view of a kitchen sink, knives, hanging cups, and wine glasses.",1,3,91753,9047c9739987521bf3be07eca381acee,1024,1024,RGB,JPEG,154.907470703125,75.12390899658203,True,439
2638,img_02638.jpg,"A view of a kitchen sink, knives, hanging cups, and wine glasses.",1,4,22473,e01263c767d7463209c7c3f44a70155f,270,270,RGB,JPEG,95.430908203125,58.86154556274414,True,439
2639,img_02639.jpg,"A view of a kitchen sink, knives, hanging cups, and wine glasses.",1,5,29402,8f8f18aa2334cc9b2cec684a6e0d12ce,436,436,RGB,JPEG,60.176025390625,54.30459213256836,True,439
2640,img_02640.jpg,A double decker bus parked in a bus station next to a baby stroller.,0,0,52462,2a116004c3eeaf2ca168d19006419fd6,640,480,RGB,JPEG,104.634033203125,59.94080352783203,True,440
2641,img_02641.jpg,A double decker bus parked in a bus station next to a baby stroller.,1,1,112576,11d216c1d2e94b0e0aca93d5ae0fa9de,768,768,RGB,JPEG,113.7138671875,42.62810516357422,True,440
2642,img_02642.jpg,A double decker bus parked in a bus station next to a baby stroller.,1,2,128771,ded1af6378c5e900feacf0d9ab3fc5f5,1024,1024,RGB,JPEG,114.31982421875,52.76016616821289,True,440
2643,img_02643.jpg,A double decker bus parked in a bus station next to a baby stroller.,1,3,169044,1dd65e587913bddae209ec3c33b4e0f5,1024,1024,RGB,JPEG,122.96337890625,64.62332153320312,True,440
2644,img_02644.jpg,A double decker bus parked in a bus station next to a baby stroller.,1,4,18882,a5c5f66732ac16fa60d106792bd6f1f6,270,270,RGB,JPEG,113.428955078125,61.08830642700195,True,440
2645,img_02645.jpg,A double decker bus parked in a bus station next to a baby stroller.,1,5,28144,9944018eb15d428bd6daa26fe6e4d109,436,436,RGB,JPEG,115.529052734375,71.35848999023438,True,440
2646,img_02646.jpg,An airplane flies low to the ground near a mountain range.,0,0,34583,08ba7aa632f66b1b566e2d478494d34d,640,427,RGB,JPEG,152.6591796875,58.086605072021484,True,441
2647,img_02647.jpg,An airplane flies low to the ground near a mountain range.,1,1,92545,0b7b9d69bfe89ac1b49ad2ecf3b110d4,768,768,RGB,JPEG,102.847900390625,23.701112747192383,True,441
2648,img_02648.jpg,An airplane flies low to the ground near a mountain range.,1,2,78928,952828b07e71a71e39e395088e6c48f8,1024,1024,RGB,JPEG,134.674560546875,42.294498443603516,True,441
2649,img_02649.jpg,An airplane flies low to the ground near a mountain range.,1,3,59485,1c7259a974c85918cfb499abfe3c678b,1024,1024,RGB,JPEG,124.530029296875,35.41084289550781,True,441
2650,img_02650.jpg,An airplane flies low to the ground near a mountain range.,1,4,15580,93fa58a6d34db2c095db3c81c3de6543,270,270,RGB,JPEG,94.077392578125,49.457489013671875,True,441
2651,img_02651.jpg,An airplane flies low to the ground near a mountain range.,1,5,29253,5ba9ebc88ebe70922f81bff93a1312aa,436,436,RGB,JPEG,123.208984375,67.0562744140625,True,441
2652,img_02652.jpg,Two giraffe standing next to each other around a tree.,0,0,106422,ed2010598af2600c5c59404cc00be679,640,427,RGB,JPEG,107.6376953125,52.54814529418945,True,442
2653,img_02653.jpg,Two giraffe standing next to each other around a tree.,1,1,105048,d0699c7602512164727e664c8a865b52,768,768,RGB,JPEG,96.93115234375,36.76469421386719,True,442
2654,img_02654.jpg,Two giraffe standing next to each other around a tree.,1,2,108388,bd94d0b754235002e9ce1034246851b8,1024,1024,RGB,JPEG,120.793212890625,41.391632080078125,True,442
2655,img_02655.jpg,Two giraffe standing next to each other around a tree.,1,3,226253,b6fae78ee807cf0aa2d26064fdc800b0,1024,1024,RGB,JPEG,151.962890625,65.29413604736328,True,442
2656,img_02656.jpg,Two giraffe standing next to each other around a tree.,1,4,17575,4c6afef5efe9741ab5c55903e39c2b58,270,270,RGB,JPEG,133.71630859375,68.69149017333984,True,442
2657,img_02657.jpg,Two giraffe standing next to each other around a tree.,1,5,31141,f079f9340ceb79740451ed521c2e111a,436,436,RGB,JPEG,88.028564453125,62.31391906738281,True,442
2658,img_02658.jpg,A lamb standing in the middle of a lush green field.,0,0,109526,dab9ffabe5b9d44b939fc96b8aacd356,640,512,RGB,JPEG,108.332763671875,50.25138854980469,True,443
2659,img_02659.jpg,A lamb standing in the middle of a lush green field.,1,1,89441,c2a87fc65fc96a394c314a6813334016,768,768,RGB,JPEG,102.106201171875,38.441871643066406,True,443
2660,img_02660.jpg,A lamb standing in the middle of a lush green field.,1,2,75762,7f67b5ee3c5b061dc140bafbc3b067d5,1024,1024,RGB,JPEG,138.39111328125,47.502838134765625,True,443
2661,img_02661.jpg,A lamb standing in the middle of a lush green field.,1,3,149882,da1c883f96177cfa64a8f763515ecbba,1024,1024,RGB,JPEG,151.59765625,29.67997932434082,True,443
2662,img_02662.jpg,A lamb standing in the middle of a lush green field.,1,4,22059,8d478622b872ea5f2367746bf5aca44e,270,270,RGB,JPEG,113.674072265625,52.72628402709961,True,443
2663,img_02663.jpg,A lamb standing in the middle of a lush green field.,1,5,24682,af316fee3cb0f35581f318ff495bbeb7,436,436,RGB,JPEG,88.31982421875,38.78330993652344,True,443
2664,img_02664.jpg,A man is feeding a griaffe off of the stand,0,0,69347,f4dcc48b6f04711ddd9761ad92cb462d,640,404,RGB,JPEG,89.950439453125,50.55136489868164,True,444
2665,img_02665.jpg,A man is feeding a griaffe off of the stand,1,1,109105,db41a0c5cc6c034d77401654a1428ced,768,768,RGB,JPEG,108.63623046875,50.09516525268555,True,444
2666,img_02666.jpg,A man is feeding a griaffe off of the stand,1,2,135999,6d770991dee76efd5df89c29973ecc96,1024,1024,RGB,JPEG,112.8740234375,38.64569091796875,True,444
2667,img_02667.jpg,A man is feeding a griaffe off of the stand,1,3,126995,2b2de5e3ccba4521ceebe54ba40d0a60,1024,1024,RGB,JPEG,123.202392578125,86.3153076171875,True,444
2668,img_02668.jpg,A man is feeding a griaffe off of the stand,1,4,20332,b495580f3853568fe400d134b8a1d5b6,270,270,RGB,JPEG,129.071044921875,70.86036682128906,True,444
2669,img_02669.jpg,A man is feeding a griaffe off of the stand,1,5,24329,65f02b926f00626fc6af71b6aad5aa8b,436,436,RGB,JPEG,97.106689453125,38.90536880493164,True,444
2670,img_02670.jpg,A yellow street sign sitting on the side of a road.,0,0,54421,1e733c576da27c1d415fa06c893a7a68,480,640,RGB,JPEG,110.4482421875,40.53318786621094,True,445
2671,img_02671.jpg,A yellow street sign sitting on the side of a road.,1,1,104526,741f811608518f1abd9d62d10b49268f,768,768,RGB,JPEG,117.177978515625,49.86386489868164,True,445
2672,img_02672.jpg,A yellow street sign sitting on the side of a road.,1,2,102942,2c0a48ecb9a343c82988b90e5fb367b9,1024,1024,RGB,JPEG,127.142333984375,47.37212371826172,True,445
2673,img_02673.jpg,A yellow street sign sitting on the side of a road.,1,3,143882,40ea640662147b4e41ecdf669eb7fbda,1024,1024,RGB,JPEG,155.42529296875,52.32654571533203,True,445
2674,img_02674.jpg,A yellow street sign sitting on the side of a road.,1,4,16914,3a72a01ee727b6ffb3c48fa07aa7a798,270,270,RGB,JPEG,114.052490234375,66.9754638671875,True,445
2675,img_02675.jpg,A yellow street sign sitting on the side of a road.,1,5,19330,de611bde766124673b98d24c2130b6cb,436,436,RGB,JPEG,109.50927734375,65.6996078491211,True,445
2676,img_02676.jpg,This is a picture of a post with several street signs attached. ,0,0,48284,cc134db0a8b6209f18552ab95a139620,414,640,RGB,JPEG,93.939208984375,61.55850601196289,True,446
2677,img_02677.jpg,This is a picture of a post with several street signs attached. ,1,1,110408,c33cd17fa003926261232930f080d048,768,768,RGB,JPEG,122.921875,62.334625244140625,True,446
2678,img_02678.jpg,This is a picture of a post with several street signs attached. ,1,2,168182,a4682fd74e33e22183472f18a93ce32f,1024,1024,RGB,JPEG,107.079345703125,43.889095306396484,True,446
2679,img_02679.jpg,This is a picture of a post with several street signs attached. ,1,3,120366,6fb71391f08f511f496ca17f9cc5dc32,1024,1024,RGB,JPEG,151.782958984375,70.18803405761719,True,446
2680,img_02680.jpg,This is a picture of a post with several street signs attached. ,1,4,14757,9f7d89a16e9e91c3ef3e23635714736d,270,270,RGB,JPEG,124.323486328125,61.195003509521484,True,446
2681,img_02681.jpg,This is a picture of a post with several street signs attached. ,1,5,23894,132e3e9dd42a920e95bb3a2601a7145e,436,436,RGB,JPEG,157.74560546875,56.811832427978516,True,446
2682,img_02682.jpg,Heavily loaded green truck with passengers on back in roadway in urban area.,0,0,61054,568d4bf7ec00e18e319e08dd0066a29b,640,425,RGB,JPEG,98.501708984375,53.61073303222656,True,447
2683,img_02683.jpg,Heavily loaded green truck with passengers on back in roadway in urban area.,1,1,126905,dfaf9369dfa9621e6df245e6053cdee8,768,768,RGB,JPEG,100.338623046875,49.1424674987793,True,447
2684,img_02684.jpg,Heavily loaded green truck with passengers on back in roadway in urban area.,1,2,120776,be8d89d2e3fe3ce4c31f463b820c78a3,1024,1024,RGB,JPEG,102.698974609375,54.9193000793457,True,447
2685,img_02685.jpg,Heavily loaded green truck with passengers on back in roadway in urban area.,1,3,165128,01c2bc24eaff038b5b62d9214a841e25,1024,1024,RGB,JPEG,132.0439453125,63.578147888183594,True,447
2686,img_02686.jpg,Heavily loaded green truck with passengers on back in roadway in urban area.,1,4,20230,348216245efc6b78648ffe393f6b2e9f,270,270,RGB,JPEG,102.679443359375,63.67641830444336,True,447
2687,img_02687.jpg,Heavily loaded green truck with passengers on back in roadway in urban area.,1,5,31372,78336abdcc10a233f2fcb90a233df927,436,436,RGB,JPEG,101.94482421875,57.502342224121094,True,447
2688,img_02688.jpg,A large passenger jet taking off from an airport runway.,0,0,59034,7e3b6694bfd0f9916dabb756d2144022,640,427,RGB,JPEG,139.271728515625,40.7869873046875,True,448
2689,img_02689.jpg,A large passenger jet taking off from an airport runway.,1,1,92335,519b5a3b2310c71fcc77019d1b7429ce,768,768,RGB,JPEG,122.497314453125,41.34054183959961,True,448
2690,img_02690.jpg,A large passenger jet taking off from an airport runway.,1,2,64642,7aba19ff5a2a4098f07f876ce197c5ce,1024,1024,RGB,JPEG,135.1064453125,37.215171813964844,True,448
2691,img_02691.jpg,A large passenger jet taking off from an airport runway.,1,3,94590,fa74bf4c13800900435ea8123179c3ec,1024,1024,RGB,JPEG,152.664794921875,45.18235397338867,True,448
2692,img_02692.jpg,A large passenger jet taking off from an airport runway.,1,4,14843,c2647f875c8ceb4351f2a69e5113094a,270,270,RGB,JPEG,135.10791015625,54.37246322631836,True,448
2693,img_02693.jpg,A large passenger jet taking off from an airport runway.,1,5,20647,57e2e9f2f24bacd207b88dda9d29aec3,436,436,RGB,JPEG,97.510986328125,50.58098220825195,True,448
2694,img_02694.jpg,there is a glass vase with a cloudy liquid in it,0,0,26126,5f974bf1972843f5414481143de34c48,500,375,RGB,JPEG,113.088623046875,72.26264190673828,True,449
2695,img_02695.jpg,there is a glass vase with a cloudy liquid in it,1,1,27506,70b6a9315eeaf8416f776438473d7a3c,768,768,RGB,JPEG,130.42333984375,18.30731201171875,True,449
2696,img_02696.jpg,there is a glass vase with a cloudy liquid in it,1,2,60023,fa9706992607bfe6f512f65a8c5672f2,1024,1024,RGB,JPEG,149.24560546875,29.444561004638672,True,449
2697,img_02697.jpg,there is a glass vase with a cloudy liquid in it,1,3,57969,a205006436853721ed3a546a5006fc0e,1024,1024,RGB,JPEG,137.34375,60.17686080932617,True,449
2698,img_02698.jpg,there is a glass vase with a cloudy liquid in it,1,4,15889,3a47686c53c925a4441f26ef5767b3a6,270,270,RGB,JPEG,145.7978515625,56.519554138183594,True,449
2699,img_02699.jpg,there is a glass vase with a cloudy liquid in it,1,5,10933,5cbc2de309a1fe38ff0142d313349447,436,436,RGB,JPEG,138.707275390625,32.44282150268555,True,449
2700,img_02700.jpg,A miniature train in a park full of people.,0,0,80992,a39df6a98923315bba80bfd6563922a5,640,480,RGB,JPEG,137.96337890625,63.867374420166016,True,450
2701,img_02701.jpg,A miniature train in a park full of people.,1,1,139376,6d7561054d55b699d96a7e094aa3d1b7,768,768,RGB,JPEG,95.8154296875,56.79758834838867,True,450
2702,img_02702.jpg,A miniature train in a park full of people.,1,2,158380,5368a83b0c28ae21f694c06899e9160b,1024,1024,RGB,JPEG,111.1142578125,54.623260498046875,True,450
2703,img_02703.jpg,A miniature train in a park full of people.,1,3,280304,2a7708d8262cf422e59a546e92086bda,1024,1024,RGB,JPEG,137.185791015625,64.905029296875,True,450
2704,img_02704.jpg,A miniature train in a park full of people.,1,4,17866,9cffde1ba26953e4acf5f94e628d5a30,270,270,RGB,JPEG,128.85302734375,55.55752944946289,True,450
2705,img_02705.jpg,A miniature train in a park full of people.,1,5,32687,3270d7bf844d96ced3f7e17c1b75fafb,436,436,RGB,JPEG,82.51416015625,43.07631301879883,True,450
2706,img_02706.jpg,People sitting and standing in the grass near an umbrella.,0,0,88554,e5c1246c415ebcd3c2d4d5d8e48b91b5,640,428,RGB,JPEG,111.66650390625,54.97483825683594,True,451
2707,img_02707.jpg,People sitting and standing in the grass near an umbrella.,1,1,63909,66ad1b23d8cfb45bc2adfafe11352ff9,768,768,RGB,JPEG,133.854736328125,50.98158264160156,True,451
2708,img_02708.jpg,People sitting and standing in the grass near an umbrella.,1,2,134400,5efb80176c134b81c4c77811df1a090f,1024,1024,RGB,JPEG,110.913330078125,42.41646194458008,True,451
2709,img_02709.jpg,People sitting and standing in the grass near an umbrella.,1,3,299863,8de212f69cdef5433f95322a3ff579c9,1024,1024,RGB,JPEG,139.916015625,51.36741638183594,True,451
2710,img_02710.jpg,People sitting and standing in the grass near an umbrella.,1,4,21230,55051f1840c47e1369e08eb9262c6a19,270,270,RGB,JPEG,157.30224609375,66.66496276855469,True,451
2711,img_02711.jpg,People sitting and standing in the grass near an umbrella.,1,5,34120,24131b9464738bfbb4e95a880c78a265,436,436,RGB,JPEG,95.57568359375,45.84172439575195,True,451
2712,img_02712.jpg,this is giraffes standing around in the dirt,0,0,67567,199b49a2fce072e0a1750118adc5da48,640,523,RGB,JPEG,127.2763671875,51.20111846923828,True,452
2713,img_02713.jpg,this is giraffes standing around in the dirt,1,1,96879,56d37ecbb5a105cef7b109fd77f54362,768,768,RGB,JPEG,124.9638671875,36.909725189208984,True,452
2714,img_02714.jpg,this is giraffes standing around in the dirt,1,2,128518,c3caf1fe6ead3c745aeb461c6e2da6a7,1024,1024,RGB,JPEG,121.22412109375,31.10289764404297,True,452
2715,img_02715.jpg,this is giraffes standing around in the dirt,1,3,197039,b4f65c0088d28bde046503729eabba03,1024,1024,RGB,JPEG,164.97509765625,47.01213836669922,True,452
2716,img_02716.jpg,this is giraffes standing around in the dirt,1,4,17864,f4066138229f3aa02a31fc2ecff58cd9,270,270,RGB,JPEG,123.316650390625,59.39441680908203,True,452
2717,img_02717.jpg,this is giraffes standing around in the dirt,1,5,30670,2f4b83b9df141a13202941c2c373397f,436,436,RGB,JPEG,130.007568359375,56.96298599243164,True,452
2718,img_02718.jpg,A wooden bench that is overlooking a body of water.,0,0,88359,47288d5b2c8d8d800d5312da9a10a928,612,612,RGB,JPEG,129.39208984375,59.037960052490234,True,453
2719,img_02719.jpg,A wooden bench that is overlooking a body of water.,1,1,89098,5117e7d74701f2a228505ed66c3885b8,768,768,RGB,JPEG,126.514892578125,61.64048385620117,True,453
2720,img_02720.jpg,A wooden bench that is overlooking a body of water.,1,2,182689,56a9029672cb9a4ee66f2285abe09e1a,1024,1024,RGB,JPEG,110.0869140625,49.612884521484375,True,453
2721,img_02721.jpg,A wooden bench that is overlooking a body of water.,1,3,214016,50216058e28206bea34eefe63f116828,1024,1024,RGB,JPEG,154.041748046875,79.7935562133789,True,453
2722,img_02722.jpg,A wooden bench that is overlooking a body of water.,1,4,15891,7c5f5b8d1c818138519a68a6ee0b3222,270,270,RGB,JPEG,105.857421875,70.91171264648438,True,453
2723,img_02723.jpg,A wooden bench that is overlooking a body of water.,1,5,29279,b87d6e9855f7217880197b9835ee6a4b,436,436,RGB,JPEG,116.20556640625,47.46294021606445,True,453
2724,img_02724.jpg,A man on bicycle carrying bunches of bananas through street.,0,0,64270,7d917835749d338bb7de6502fe1fe279,640,334,RGB,JPEG,58.872314453125,53.50551223754883,True,454
2725,img_02725.jpg,A man on bicycle carrying bunches of bananas through street.,1,1,111637,47bd48f19b577bafbae23f6bc3d784be,768,768,RGB,JPEG,116.159912109375,57.407798767089844,True,454
2726,img_02726.jpg,A man on bicycle carrying bunches of bananas through street.,1,2,123534,61bbf3b53ddd9e528e7ec6d8d85cd7a9,1024,1024,RGB,JPEG,116.1416015625,44.948158264160156,True,454
2727,img_02727.jpg,A man on bicycle carrying bunches of bananas through street.,1,3,166566,9fbc4927ae8a983ddb79a3763688a503,1024,1024,RGB,JPEG,100.6298828125,58.14337921142578,True,454
2728,img_02728.jpg,A man on bicycle carrying bunches of bananas through street.,1,4,17500,1e416b4d81149bf80cd429a0a9f7f17f,270,270,RGB,JPEG,107.023193359375,55.481788635253906,True,454
2729,img_02729.jpg,A man on bicycle carrying bunches of bananas through street.,1,5,29435,4aece72b06b643189b5d6420b967de1a,436,436,RGB,JPEG,101.65673828125,51.9106559753418,True,454
2730,img_02730.jpg,The shiny motorcycle is being shown on a display.,0,0,46266,9940cfa2e3aa6edc0461c76f1a198896,375,500,RGB,JPEG,73.840576171875,56.62029266357422,True,455
2731,img_02731.jpg,The shiny motorcycle is being shown on a display.,1,1,133937,884ec90a33e68a6d8e11f13f072603ee,768,768,RGB,JPEG,104.254638671875,61.01504898071289,True,455
2732,img_02732.jpg,The shiny motorcycle is being shown on a display.,1,2,147827,13b13d5f2d47e97266f7775399f85eb6,1024,1024,RGB,JPEG,95.47021484375,50.29476547241211,True,455
2733,img_02733.jpg,The shiny motorcycle is being shown on a display.,1,3,139828,437d0736723e15d22ca238505cfa3e3e,1024,1024,RGB,JPEG,125.451904296875,83.29423522949219,True,455
2734,img_02734.jpg,The shiny motorcycle is being shown on a display.,1,4,21270,b1e0dbb3b5c120fad96ee848ef9619dc,270,270,RGB,JPEG,90.667236328125,60.744667053222656,True,455
2735,img_02735.jpg,The shiny motorcycle is being shown on a display.,1,5,25669,325f90747bc62fb064c285c27104ad90,436,436,RGB,JPEG,80.328125,65.85572814941406,True,455
2736,img_02736.jpg,A colorful train engine on the railroad tracks.,0,0,54468,82823562930f4eb3ee177d2ce12650ee,640,434,RGB,JPEG,160.008544921875,81.17011260986328,True,456
2737,img_02737.jpg,A colorful train engine on the railroad tracks.,1,1,127094,f2c43c88397c25ee9eb982463031b967,768,768,RGB,JPEG,109.779052734375,50.594181060791016,True,456
2738,img_02738.jpg,A colorful train engine on the railroad tracks.,1,2,174002,a9dd4172b0775cc844923fb9d8c94478,1024,1024,RGB,JPEG,93.845458984375,39.44435501098633,True,456
2739,img_02739.jpg,A colorful train engine on the railroad tracks.,1,3,200684,c8ff8e01e7c4265ef869e28e3df8304e,1024,1024,RGB,JPEG,123.853759765625,74.447021484375,True,456
2740,img_02740.jpg,A colorful train engine on the railroad tracks.,1,4,23538,5ee6a94567e43d247defc3e8344a28b6,270,270,RGB,JPEG,132.834716796875,64.16532135009766,True,456
2741,img_02741.jpg,A colorful train engine on the railroad tracks.,1,5,36476,b0215bf6df337baf79b9eedcc5ce68ea,436,436,RGB,JPEG,105.534423828125,52.79898452758789,True,456
2742,img_02742.jpg,"group of giraffes mingling in a stand of trees
",0,0,81492,78eb71af5b21bc528faae9f6b31b07ec,640,425,RGB,JPEG,128.15380859375,72.52853393554688,True,457
2743,img_02743.jpg,"group of giraffes mingling in a stand of trees
",1,1,149692,1b7683d71cf4386884cd517849b6caa0,768,768,RGB,JPEG,106.078125,53.33429718017578,True,457
2744,img_02744.jpg,"group of giraffes mingling in a stand of trees
",1,2,154441,354a5e44670c9e1079963d94890fb677,1024,1024,RGB,JPEG,122.846923828125,47.667259216308594,True,457
2745,img_02745.jpg,"group of giraffes mingling in a stand of trees
",1,3,288084,7973ea382fe86d09832b96f421805ce3,1024,1024,RGB,JPEG,141.858642578125,63.183528900146484,True,457
2746,img_02746.jpg,"group of giraffes mingling in a stand of trees
",1,4,20532,576d601d030c2866febc5f5df3069795,270,270,RGB,JPEG,86.997802734375,52.81843948364258,True,457
2747,img_02747.jpg,"group of giraffes mingling in a stand of trees
",1,5,39117,506da9c19a659cf254198406581a427d,436,436,RGB,JPEG,120.45068359375,36.978702545166016,True,457
2748,img_02748.jpg,A very long shiny train on a bridge over some cars.,0,0,51230,6c5c4f553a051a548cdff3ec9a010a91,640,416,RGB,JPEG,111.033935546875,61.13576889038086,True,458
2749,img_02749.jpg,A very long shiny train on a bridge over some cars.,1,1,146251,64208f88f00b3105b62f93995f74e710,768,768,RGB,JPEG,101.247314453125,48.19047927856445,True,458
2750,img_02750.jpg,A very long shiny train on a bridge over some cars.,1,2,170725,50b38d0e9840670a4e7580d2044bb160,1024,1024,RGB,JPEG,90.73486328125,56.804019927978516,True,458
2751,img_02751.jpg,A very long shiny train on a bridge over some cars.,1,3,153403,2a3b93990a3c34b003a037bcf3647957,1024,1024,RGB,JPEG,130.1416015625,71.00764465332031,True,458
2752,img_02752.jpg,A very long shiny train on a bridge over some cars.,1,4,19817,3f82b5758cb27bbd4d1d70534fabd953,270,270,RGB,JPEG,95.417724609375,50.9525032043457,True,458
2753,img_02753.jpg,A very long shiny train on a bridge over some cars.,1,5,31101,f81e59e3b9bf2aa4b3d49022882fee38,436,436,RGB,JPEG,56.6142578125,53.20600509643555,True,458
2754,img_02754.jpg,A group of flamingos standing next to each other in water.,0,0,73491,3b15da75af3c4685ffbb6823e75205e4,640,423,RGB,JPEG,103.62255859375,35.9762077331543,True,459
2755,img_02755.jpg,A group of flamingos standing next to each other in water.,1,1,84659,a3fd4074b215f680576c580584375cdc,768,768,RGB,JPEG,122.298583984375,34.046119689941406,True,459
2756,img_02756.jpg,A group of flamingos standing next to each other in water.,1,2,135163,bd402c26952fb1b06ccb0d2da81621a7,1024,1024,RGB,JPEG,103.103271484375,43.18064498901367,True,459
2757,img_02757.jpg,A group of flamingos standing next to each other in water.,1,3,176468,6563e41edfd33606e6b71f0354b8dc45,1024,1024,RGB,JPEG,108.728759765625,38.78900909423828,True,459
2758,img_02758.jpg,A group of flamingos standing next to each other in water.,1,4,22113,882db08d00f33f6a71e056ae9b8ef813,270,270,RGB,JPEG,109.6064453125,54.01871109008789,True,459
2759,img_02759.jpg,A group of flamingos standing next to each other in water.,1,5,21380,ff13b98991e98d26d37246aa932eef4d,436,436,RGB,JPEG,43.787109375,51.74127960205078,True,459
2760,img_02760.jpg,"A bathroom with a bath tub, toilet and different designed light beige tile.",0,0,30455,3e4c2e8ee055518fa6fa8b55a6024f52,640,427,RGB,JPEG,142.195556640625,20.787031173706055,True,460
2761,img_02761.jpg,"A bathroom with a bath tub, toilet and different designed light beige tile.",1,1,57725,12c4920ba52af7d078992976c2d8df4e,768,768,RGB,JPEG,136.6083984375,36.82211685180664,True,460
2762,img_02762.jpg,"A bathroom with a bath tub, toilet and different designed light beige tile.",1,2,74001,116e9b7da8f68cea766daa4d510f766a,1024,1024,RGB,JPEG,148.70947265625,40.45280075073242,True,460
2763,img_02763.jpg,"A bathroom with a bath tub, toilet and different designed light beige tile.",1,3,73835,8c47d30aec44b7023228e91868f351e7,1024,1024,RGB,JPEG,161.937255859375,47.42401123046875,True,460
2764,img_02764.jpg,"A bathroom with a bath tub, toilet and different designed light beige tile.",1,4,15641,e897c1bf38ea4c2650ecaccf5943c59b,270,270,RGB,JPEG,149.304931640625,44.42878723144531,True,460
2765,img_02765.jpg,"A bathroom with a bath tub, toilet and different designed light beige tile.",1,5,17778,1ece3da69232b3bccb48b9476ed04510,436,436,RGB,JPEG,152.786376953125,38.658206939697266,True,460
2766,img_02766.jpg,A group of giraffe eating food from a tree.,0,0,92811,8387bb8aad8123552204103579cff98d,480,640,RGB,JPEG,103.739990234375,33.090667724609375,True,461
2767,img_02767.jpg,A group of giraffe eating food from a tree.,1,1,143333,7646755d067e54639dd721f733529ede,768,768,RGB,JPEG,101.16552734375,40.24366760253906,True,461
2768,img_02768.jpg,A group of giraffe eating food from a tree.,1,2,137922,af1ec6db2b79003ac21aec4e573117b5,1024,1024,RGB,JPEG,128.200927734375,36.64580535888672,True,461
2769,img_02769.jpg,A group of giraffe eating food from a tree.,1,3,309584,4588e12c58b27767182ba84421810fc4,1024,1024,RGB,JPEG,151.824951171875,53.912567138671875,True,461
2770,img_02770.jpg,A group of giraffe eating food from a tree.,1,4,19639,d3dec2080c51e5efe64ba3b39bf6eba8,270,270,RGB,JPEG,117.310546875,59.45609664916992,True,461
2771,img_02771.jpg,A group of giraffe eating food from a tree.,1,5,30100,85fbd36963a5847de3d23d65aacd6ff3,436,436,RGB,JPEG,148.786376953125,66.569580078125,True,461
2772,img_02772.jpg,A man yelling to the driver of a truck,0,0,53583,d7e3fbdf22cfe91adce529da45471e69,640,480,RGB,JPEG,134.6103515625,75.31757354736328,True,462
2773,img_02773.jpg,A man yelling to the driver of a truck,1,1,85864,54cc141188d8068ffe851ce54939740c,768,768,RGB,JPEG,125.18408203125,68.2403564453125,True,462
2774,img_02774.jpg,A man yelling to the driver of a truck,1,2,144962,96240477f8fd64159534a9c15e992d08,1024,1024,RGB,JPEG,121.4169921875,56.20185852050781,True,462
2775,img_02775.jpg,A man yelling to the driver of a truck,1,3,83627,55822dad71c0c0b8e16ef79677baf7b2,1024,1024,RGB,JPEG,108.04150390625,88.81356048583984,True,462
2776,img_02776.jpg,A man yelling to the driver of a truck,1,4,15776,7ecdddc721941e6a2546ea96a79647d2,270,270,RGB,JPEG,78.662841796875,45.034847259521484,True,462
2777,img_02777.jpg,A man yelling to the driver of a truck,1,5,26477,086912d45d5acd5f84b6d06bf4a015bd,436,436,RGB,JPEG,148.94384765625,58.50648880004883,True,462
2778,img_02778.jpg,a couple of people in uniforms are sitting together,0,0,44653,3193093e148000d2a7184a70bee7ae34,640,431,RGB,JPEG,97.24169921875,54.517330169677734,True,463
2779,img_02779.jpg,a couple of people in uniforms are sitting together,1,1,69472,3c71648e909ead21b64497125a88e433,768,768,RGB,JPEG,124.934326171875,41.8887939453125,True,463
2780,img_02780.jpg,a couple of people in uniforms are sitting together,1,2,70170,a78faab50132fea10ed714970add6faa,1024,1024,RGB,JPEG,133.283935546875,47.85030746459961,True,463
2781,img_02781.jpg,a couple of people in uniforms are sitting together,1,3,112246,2195394803a06ed60ee08961b1610ecf,1024,1024,RGB,JPEG,137.4970703125,84.60101318359375,True,463
2782,img_02782.jpg,a couple of people in uniforms are sitting together,1,4,19623,ae157fed4e46871c45c35b4004f46d29,270,270,RGB,JPEG,158.197265625,54.10135269165039,True,463
2783,img_02783.jpg,a couple of people in uniforms are sitting together,1,5,24806,dd0102e7ccae26d3da7cb3f2d6e29912,436,436,RGB,JPEG,69.14404296875,50.355125427246094,True,463
2784,img_02784.jpg,A man looking down with a backpack on in a house.,0,0,51463,c5e30f954e4ccd455f4b458835e59488,640,480,RGB,JPEG,76.489501953125,53.34680938720703,True,464
2785,img_02785.jpg,A man looking down with a backpack on in a house.,1,1,70711,369fb461ad532bc3028aa3639a4f0556,768,768,RGB,JPEG,94.513427734375,46.58377456665039,True,464
2786,img_02786.jpg,A man looking down with a backpack on in a house.,1,2,140056,9fc8480bc87d5da57aa2abfb7990567d,1024,1024,RGB,JPEG,111.98095703125,44.386749267578125,True,464
2787,img_02787.jpg,A man looking down with a backpack on in a house.,1,3,105827,9768df2a3b1cc28bcc74b7dc3fff5d87,1024,1024,RGB,JPEG,95.265625,71.3157730102539,True,464
2788,img_02788.jpg,A man looking down with a backpack on in a house.,1,4,18886,803e6c732416fbac4e14158621075660,270,270,RGB,JPEG,97.2109375,54.46595001220703,True,464
2789,img_02789.jpg,A man looking down with a backpack on in a house.,1,5,17815,2692a40507abeb884996a39f07d822fc,436,436,RGB,JPEG,57.71875,48.87507629394531,True,464
2790,img_02790.jpg,A large and small giraffe standing in a grassy field. ,0,0,66154,83d15bb3929d52a8eb79fb4db0dffb70,425,640,RGB,JPEG,147.681396484375,38.25868225097656,True,465
2791,img_02791.jpg,A large and small giraffe standing in a grassy field. ,1,1,88564,b62e53e7ad2b11d31e7169ec8ef6d545,768,768,RGB,JPEG,111.83349609375,33.944313049316406,True,465
2792,img_02792.jpg,A large and small giraffe standing in a grassy field. ,1,2,111537,ca76314d47bc8994f79f3d7c05e660f1,1024,1024,RGB,JPEG,159.926025390625,50.118900299072266,True,465
2793,img_02793.jpg,A large and small giraffe standing in a grassy field. ,1,3,118131,8ad3b69118c8090b4223bd67cde41d0d,1024,1024,RGB,JPEG,187.60888671875,52.162017822265625,True,465
2794,img_02794.jpg,A large and small giraffe standing in a grassy field. ,1,4,15337,46e93b1db1fafcd09a3b11801a8e8b3b,270,270,RGB,JPEG,140.110595703125,51.42978286743164,True,465
2795,img_02795.jpg,A large and small giraffe standing in a grassy field. ,1,5,18781,d05d2b6135c765cb3141235dc4a6f42d,436,436,RGB,JPEG,165.6337890625,30.706981658935547,True,465
2796,img_02796.jpg,A motorcycle sitting on the side of a street corner.,0,0,52640,a017747f1016d76e57de0c142f0d5a56,375,500,RGB,JPEG,127.55712890625,78.23039245605469,True,466
2797,img_02797.jpg,A motorcycle sitting on the side of a street corner.,1,1,70477,c20bdd9bd1b303d06b129220b538d19c,768,768,RGB,JPEG,120.2626953125,53.01573181152344,True,466
2798,img_02798.jpg,A motorcycle sitting on the side of a street corner.,1,2,116960,5907c7be2197185775e5b5dbda5dbb1f,1024,1024,RGB,JPEG,105.85107421875,50.992916107177734,True,466
2799,img_02799.jpg,A motorcycle sitting on the side of a street corner.,1,3,157804,ebfc5c45056ba4338572e4e35ec6f3a1,1024,1024,RGB,JPEG,119.2060546875,61.76705551147461,True,466
2800,img_02800.jpg,A motorcycle sitting on the side of a street corner.,1,4,18831,f399418e6689a00531c41f56fa2e81b0,270,270,RGB,JPEG,105.118408203125,63.93577575683594,True,466
2801,img_02801.jpg,A motorcycle sitting on the side of a street corner.,1,5,33857,f2238c10d39e8b6c9404492ed185bb81,436,436,RGB,JPEG,80.469970703125,42.74552917480469,True,466
2802,img_02802.jpg,An office cubicle with clutter on the desk,0,0,40376,642f0f8d9dc8d3ad0ed3a1d9a05d1c00,500,375,RGB,JPEG,124.4658203125,65.1869125366211,True,467
2803,img_02803.jpg,An office cubicle with clutter on the desk,1,1,62282,c0aecbf7ab7df8b5dcd26ce0e543a86a,768,768,RGB,JPEG,111.861083984375,54.829132080078125,True,467
2804,img_02804.jpg,An office cubicle with clutter on the desk,1,2,126591,92107d41b3880d3eddb5dac907c9e27e,1024,1024,RGB,JPEG,129.094482421875,55.39175796508789,True,467
2805,img_02805.jpg,An office cubicle with clutter on the desk,1,3,197874,19d930b1b8b6f50a794659c04e038841,1024,1024,RGB,JPEG,114.76416015625,65.06037139892578,True,467
2806,img_02806.jpg,An office cubicle with clutter on the desk,1,4,17661,14de3a6cca9aa75fa7eebfb50aa1fe7a,270,270,RGB,JPEG,142.38818359375,61.69264602661133,True,467
2807,img_02807.jpg,An office cubicle with clutter on the desk,1,5,24287,83804de8b9fd9b77ff9ad273b68a4dbd,436,436,RGB,JPEG,110.780029296875,76.81391143798828,True,467
2808,img_02808.jpg,A narrow kitchen with a white stove top oven.,0,0,38920,b8a8354e306efa5f112f4d304e0a1f75,640,480,RGB,JPEG,149.911376953125,38.8296012878418,True,468
2809,img_02809.jpg,A narrow kitchen with a white stove top oven.,1,1,74837,d50810589f1ef4a9bb5539abf0ada559,768,768,RGB,JPEG,137.2470703125,61.19590759277344,True,468
2810,img_02810.jpg,A narrow kitchen with a white stove top oven.,1,2,97055,bbf03cf844f3cdd05074e407a0c3eb35,1024,1024,RGB,JPEG,152.035400390625,40.19841003417969,True,468
2811,img_02811.jpg,A narrow kitchen with a white stove top oven.,1,3,109407,89e531af1ff9a22983bcbb5528b5d202,1024,1024,RGB,JPEG,171.831298828125,47.13505554199219,True,468
2812,img_02812.jpg,A narrow kitchen with a white stove top oven.,1,4,17396,35b50a906d01c8910f3a69e5706b8867,270,270,RGB,JPEG,120.99462890625,61.094871520996094,True,468
2813,img_02813.jpg,A narrow kitchen with a white stove top oven.,1,5,21378,54bf465679ddb477b05a890b5d43f759,436,436,RGB,JPEG,155.017822265625,47.44072341918945,True,468
2814,img_02814.jpg,A couple of sheep walking across a lush green field.,0,0,58100,a43a4142aff5cf599af8fe994e916c21,640,426,RGB,JPEG,154.089599609375,35.812034606933594,True,469
2815,img_02815.jpg,A couple of sheep walking across a lush green field.,1,1,101380,61ec791e3aa4be7aa639fdb82a6ce87c,768,768,RGB,JPEG,112.54296875,53.96193313598633,True,469
2816,img_02816.jpg,A couple of sheep walking across a lush green field.,1,2,94092,889fca5fe2b3a475088b9e2b1d426e8e,1024,1024,RGB,JPEG,119.393310546875,30.78360366821289,True,469
2817,img_02817.jpg,A couple of sheep walking across a lush green field.,1,3,126730,7cb86c9c876fba67c9d4217850a8c9b1,1024,1024,RGB,JPEG,134.8544921875,24.47258949279785,True,469
2818,img_02818.jpg,A couple of sheep walking across a lush green field.,1,4,13561,d48f4e06635654cbfc3ed38330910db9,270,270,RGB,JPEG,119.34521484375,57.07463073730469,True,469
2819,img_02819.jpg,A couple of sheep walking across a lush green field.,1,5,31162,ae3fb881b44767409ac018e34894179f,436,436,RGB,JPEG,138.771240234375,45.472145080566406,True,469
2820,img_02820.jpg,a toilet a toilet brush tiles and a door handle,0,0,14276,21531fbfdc62ce75e2ed3aea900064a3,500,325,RGB,JPEG,102.378662109375,72.80854797363281,True,470
2821,img_02821.jpg,a toilet a toilet brush tiles and a door handle,1,1,77507,52f5d7dc9fe05c25856ac71f2590b543,768,768,RGB,JPEG,99.036376953125,45.998573303222656,True,470
2822,img_02822.jpg,a toilet a toilet brush tiles and a door handle,1,2,93505,13a972ae5c7188f06eec7e08d5cf4793,1024,1024,RGB,JPEG,121.503173828125,39.14741897583008,True,470
2823,img_02823.jpg,a toilet a toilet brush tiles and a door handle,1,3,77682,54f25b3015ed2fbc3dd6fcf6ebae530e,1024,1024,RGB,JPEG,147.334716796875,58.981224060058594,True,470
2824,img_02824.jpg,a toilet a toilet brush tiles and a door handle,1,4,16217,db455455148195a5e35a33f1a3ab94c3,270,270,RGB,JPEG,151.153564453125,56.53135681152344,True,470
2825,img_02825.jpg,a toilet a toilet brush tiles and a door handle,1,5,22368,ca05e8a4bf9b80233939d4bc1be7e463,436,436,RGB,JPEG,125.821533203125,56.01703643798828,True,470
2826,img_02826.jpg,a woman stares as a bird flys through the air ,0,0,11725,7f28234807e64de63f6001bde3b63318,640,428,RGB,JPEG,124.507080078125,21.977214813232422,True,471
2827,img_02827.jpg,a woman stares as a bird flys through the air ,1,1,21786,3c208348fc41bed85c781239a6a89f6c,768,768,RGB,JPEG,123.438232421875,14.319766998291016,True,471
2828,img_02828.jpg,a woman stares as a bird flys through the air ,1,2,46620,42742be26d8c958c4737ad7281788c11,1024,1024,RGB,JPEG,153.330078125,39.66877746582031,True,471
2829,img_02829.jpg,a woman stares as a bird flys through the air ,1,3,45720,eb30b745498832518b5229d2956ebbc1,1024,1024,RGB,JPEG,129.510009765625,78.0836181640625,True,471
2830,img_02830.jpg,a woman stares as a bird flys through the air ,1,4,12500,a862491346991b55cef98969b04ae12e,270,270,RGB,JPEG,96.59912109375,70.74993133544922,True,471
2831,img_02831.jpg,a woman stares as a bird flys through the air ,1,5,10795,9e242c1f729c08724cd6b2fa2c9008d8,436,436,RGB,JPEG,50.60009765625,27.821157455444336,True,471
2832,img_02832.jpg,A train is stopped in front of an industrial area.,0,0,62212,c4dc6eb77f6962a9b1149b11640860a2,640,418,RGB,JPEG,95.503173828125,54.233154296875,True,472
2833,img_02833.jpg,A train is stopped in front of an industrial area.,1,1,124789,3d050a3c228ec3fb8c3cc2cdf7c1a5e4,768,768,RGB,JPEG,109.831787109375,44.4505615234375,True,472
2834,img_02834.jpg,A train is stopped in front of an industrial area.,1,2,185158,7b0e4878f5cd22926238d522fa74433a,1024,1024,RGB,JPEG,99.1826171875,41.97093963623047,True,472
2835,img_02835.jpg,A train is stopped in front of an industrial area.,1,3,136952,29cae4c944203e111c8e5c823b408d28,1024,1024,RGB,JPEG,144.05810546875,67.19060516357422,True,472
2836,img_02836.jpg,A train is stopped in front of an industrial area.,1,4,22578,6655f66e99eb6544db5fa85ca25d5cf6,270,270,RGB,JPEG,98.379638671875,55.03300857543945,True,472
2837,img_02837.jpg,A train is stopped in front of an industrial area.,1,5,17606,0739b406fd30b0da454a5fa125c0519a,436,436,RGB,JPEG,89.8828125,53.228336334228516,True,472
2838,img_02838.jpg,Two rows of red double decker buses on a green lawn,0,0,48143,2588e30c952a05dd976dbcaea81b5324,384,640,RGB,JPEG,139.875,77.7879867553711,True,473
2839,img_02839.jpg,Two rows of red double decker buses on a green lawn,1,1,102495,935bc0881ebf4915f87add3b6c7c5d88,768,768,RGB,JPEG,110.165771484375,48.99106216430664,True,473
2840,img_02840.jpg,Two rows of red double decker buses on a green lawn,1,2,175676,3fa61ef97bcec6f96b6026c0d0124a87,1024,1024,RGB,JPEG,99.579833984375,47.44049072265625,True,473
2841,img_02841.jpg,Two rows of red double decker buses on a green lawn,1,3,241388,2505b1644d925f6d21a16638a3e57a32,1024,1024,RGB,JPEG,123.217529296875,45.93586349487305,True,473
2842,img_02842.jpg,Two rows of red double decker buses on a green lawn,1,4,23099,881c961dfad9ff83f70117311f3edc63,270,270,RGB,JPEG,104.5419921875,50.634700775146484,True,473
2843,img_02843.jpg,Two rows of red double decker buses on a green lawn,1,5,29368,70de6998c9728f4c09e9017369cd1478,436,436,RGB,JPEG,85.188232421875,51.09724807739258,True,473
2844,img_02844.jpg,An umbrella lies behind a park bench that a small television is on.,0,0,109751,605068df8b66a49483ffee23e6890d7c,640,480,RGB,JPEG,130.286376953125,32.49356460571289,True,474
2845,img_02845.jpg,An umbrella lies behind a park bench that a small television is on.,1,1,138203,d29be7e6e246d74194d2db1c4d08eb0e,768,768,RGB,JPEG,103.5546875,48.48678970336914,True,474
2846,img_02846.jpg,An umbrella lies behind a park bench that a small television is on.,1,2,139141,cf61ba4d62dd4468abff2d74b2a1391e,1024,1024,RGB,JPEG,117.382568359375,42.282371520996094,True,474
2847,img_02847.jpg,An umbrella lies behind a park bench that a small television is on.,1,3,297843,4bb9adbe0a03abbd83f9eabd41ec6ce4,1024,1024,RGB,JPEG,115.51123046875,65.67244720458984,True,474
2848,img_02848.jpg,An umbrella lies behind a park bench that a small television is on.,1,4,16379,ee8a0d891fa977bd25256893b27e87e8,270,270,RGB,JPEG,85.082763671875,44.947181701660156,True,474
2849,img_02849.jpg,An umbrella lies behind a park bench that a small television is on.,1,5,30458,18aa83ebfcc6f7a302278118affe7580,436,436,RGB,JPEG,74.702392578125,31.51047706604004,True,474
2850,img_02850.jpg,a man is flying a kite in a field,0,0,42736,d900c6b83d23dc1e0f9233e58a17a759,640,480,RGB,JPEG,134.64892578125,76.46310424804688,True,475
2851,img_02851.jpg,a man is flying a kite in a field,1,1,64892,f241479035933fab8780c94c29e6db13,768,768,RGB,JPEG,107.00341796875,28.311904907226562,True,475
2852,img_02852.jpg,a man is flying a kite in a field,1,2,85911,27616c16d46672334739fa9920a64a23,1024,1024,RGB,JPEG,136.40478515625,37.61867141723633,True,475
2853,img_02853.jpg,a man is flying a kite in a field,1,3,203953,b0ee5be118285435c3d0ef81d957167c,1024,1024,RGB,JPEG,118.46435546875,59.67276382446289,True,475
2854,img_02854.jpg,a man is flying a kite in a field,1,4,17576,bddd2653d3eab81239f380981b49f067,270,270,RGB,JPEG,157.4501953125,62.147762298583984,True,475
2855,img_02855.jpg,a man is flying a kite in a field,1,5,19315,52f75b87345dce364d8a8107fedb54b2,436,436,RGB,JPEG,188.503662109375,49.23047637939453,True,475
2856,img_02856.jpg,A restroom stall with a white toilet and a toilet paper dispenser.,0,0,30107,ae03299635426bc856586d481dbded72,640,480,RGB,JPEG,119.52783203125,28.26395606994629,True,476
2857,img_02857.jpg,A restroom stall with a white toilet and a toilet paper dispenser.,1,1,34237,8f8366be3b2396c8d1d6cf3ba3e4ac1f,768,768,RGB,JPEG,122.23876953125,40.4284553527832,True,476
2858,img_02858.jpg,A restroom stall with a white toilet and a toilet paper dispenser.,1,2,63963,1297e82fb4fda69d8677d45aabd9bbc6,1024,1024,RGB,JPEG,136.036376953125,61.73557662963867,True,476
2859,img_02859.jpg,A restroom stall with a white toilet and a toilet paper dispenser.,1,3,96408,a1978ef5d0f4d971dba7c5f2104c240a,1024,1024,RGB,JPEG,148.66650390625,58.84080123901367,True,476
2860,img_02860.jpg,A restroom stall with a white toilet and a toilet paper dispenser.,1,4,14575,11e180b945d794bd87fa4b728288a056,270,270,RGB,JPEG,150.418212890625,55.516822814941406,True,476
2861,img_02861.jpg,A restroom stall with a white toilet and a toilet paper dispenser.,1,5,25489,132cd7e3233d80e5dfa98f218bfd4255,436,436,RGB,JPEG,158.271240234375,41.28083038330078,True,476
2862,img_02862.jpg,A man is riding a motorcycle in a race.,0,0,63187,3e4be750c92d395a2c449d95540b0159,640,427,RGB,JPEG,137.130126953125,52.78078842163086,True,477
2863,img_02863.jpg,A man is riding a motorcycle in a race.,1,1,61788,92a07a45dc49df4bd4dbbfa26e246a3e,768,768,RGB,JPEG,115.3935546875,40.734310150146484,True,477
2864,img_02864.jpg,A man is riding a motorcycle in a race.,1,2,88019,4a54105485ba0b906d0e2ed1d05da5f1,1024,1024,RGB,JPEG,113.705322265625,38.283729553222656,True,477
2865,img_02865.jpg,A man is riding a motorcycle in a race.,1,3,121785,74436cd98b815a56a0dec375e9b14984,1024,1024,RGB,JPEG,136.727783203125,49.90647888183594,True,477
2866,img_02866.jpg,A man is riding a motorcycle in a race.,1,4,20177,c4b573576f5ec4132aeb37517c428e65,270,270,RGB,JPEG,71.192626953125,48.472103118896484,True,477
2867,img_02867.jpg,A man is riding a motorcycle in a race.,1,5,31814,e70e96d620b73dc30b82be631296628b,436,436,RGB,JPEG,126.439453125,63.99783706665039,True,477
2868,img_02868.jpg,A man riding on the back of a red motorcycle.,0,0,59616,8c9f0f963a1d652507e02372028c0b33,640,426,RGB,JPEG,97.846923828125,66.7576675415039,True,478
2869,img_02869.jpg,A man riding on the back of a red motorcycle.,1,1,89220,dff53e9bfdb6353a189bf6fd15454424,768,768,RGB,JPEG,115.404541015625,60.23653030395508,True,478
2870,img_02870.jpg,A man riding on the back of a red motorcycle.,1,2,105127,a8f95d677fc62992b0be000abbe8a9d2,1024,1024,RGB,JPEG,95.3955078125,41.54058074951172,True,478
2871,img_02871.jpg,A man riding on the back of a red motorcycle.,1,3,159159,64d32f1c9e507c387196c0c63bb339df,1024,1024,RGB,JPEG,156.24658203125,71.87769317626953,True,478
2872,img_02872.jpg,A man riding on the back of a red motorcycle.,1,4,18000,e8ac45f55670cbff60ce9406751adf67,270,270,RGB,JPEG,97.981689453125,58.673240661621094,True,478
2873,img_02873.jpg,A man riding on the back of a red motorcycle.,1,5,29391,d65059acdb3ee555f8e87441880d66a5,436,436,RGB,JPEG,156.645751953125,78.50819396972656,True,478
2874,img_02874.jpg,a blue and white passenger train coming to a stop,0,0,70907,c5b118dfbb2297dd341e2ca7014f66a9,640,440,RGB,JPEG,107.525390625,55.721553802490234,True,479
2875,img_02875.jpg,a blue and white passenger train coming to a stop,1,1,138947,53c4604bab8193f8377020ac37288200,768,768,RGB,JPEG,109.0986328125,57.565773010253906,True,479
2876,img_02876.jpg,a blue and white passenger train coming to a stop,1,2,142772,e1266160c3ecc4535ff8d903987dae6a,1024,1024,RGB,JPEG,108.83544921875,43.653602600097656,True,479
2877,img_02877.jpg,a blue and white passenger train coming to a stop,1,3,193095,94c99d4ced2aad66cdf78896b5f85ba4,1024,1024,RGB,JPEG,139.318359375,85.56427001953125,True,479
2878,img_02878.jpg,a blue and white passenger train coming to a stop,1,4,21565,2fc1fd3ced21f85cb956c649863eeaa0,270,270,RGB,JPEG,108.287109375,50.593482971191406,True,479
2879,img_02879.jpg,a blue and white passenger train coming to a stop,1,5,21036,5f5b740e78ccaad24b318560c07088a3,436,436,RGB,JPEG,65.228759765625,31.898141860961914,True,479
2880,img_02880.jpg,A bench sits all alone on a beach looking at the magnificent ocean view.,0,0,35245,988d6b8997871eb32854e256e3642d65,640,480,RGB,JPEG,126.7080078125,41.192691802978516,True,480
2881,img_02881.jpg,A bench sits all alone on a beach looking at the magnificent ocean view.,1,1,47989,e624b8c01604ad18e1d3d164472e1e40,768,768,RGB,JPEG,136.091552734375,37.728572845458984,True,480
2882,img_02882.jpg,A bench sits all alone on a beach looking at the magnificent ocean view.,1,2,100955,01558f15c6d97b91e68146e9358ccfdf,1024,1024,RGB,JPEG,142.127197265625,40.39052200317383,True,480
2883,img_02883.jpg,A bench sits all alone on a beach looking at the magnificent ocean view.,1,3,229621,56207fba2fdff1ef6cb966680fb18271,1024,1024,RGB,JPEG,124.948974609375,81.7047119140625,True,480
2884,img_02884.jpg,A bench sits all alone on a beach looking at the magnificent ocean view.,1,4,14857,22e48759159f504525f983fea7730bcf,270,270,RGB,JPEG,135.535888671875,60.88636779785156,True,480
2885,img_02885.jpg,A bench sits all alone on a beach looking at the magnificent ocean view.,1,5,17640,4be4bacbdea9f33aa7b9193658e2c241,436,436,RGB,JPEG,170.044921875,62.22799301147461,True,480
2886,img_02886.jpg,A blue and white train engine pulling lots of brown train cars through a rural area.,0,0,32888,c3948e00f4604a3dabc89d20ee2f98a7,640,231,RGB,JPEG,125.494384765625,50.33629608154297,True,481
2887,img_02887.jpg,A blue and white train engine pulling lots of brown train cars through a rural area.,1,1,97811,7388584d5c48f594de247e608c0c321c,768,768,RGB,JPEG,111.898193359375,30.028470993041992,True,481
2888,img_02888.jpg,A blue and white train engine pulling lots of brown train cars through a rural area.,1,2,174218,58e99e11b38569d9862f93de5a814e5e,1024,1024,RGB,JPEG,108.552978515625,35.934146881103516,True,481
2889,img_02889.jpg,A blue and white train engine pulling lots of brown train cars through a rural area.,1,3,220040,ea2f900fe9b7cba51415478613732c1b,1024,1024,RGB,JPEG,128.93408203125,53.427528381347656,True,481
2890,img_02890.jpg,A blue and white train engine pulling lots of brown train cars through a rural area.,1,4,20111,c57d309f5a7e235e1c68c12aa26d4703,270,270,RGB,JPEG,116.93994140625,59.16905212402344,True,481
2891,img_02891.jpg,A blue and white train engine pulling lots of brown train cars through a rural area.,1,5,30334,e0c9f2b28ff567c37db44cbba0b69a32,436,436,RGB,JPEG,146.690185546875,50.14458084106445,True,481
2892,img_02892.jpg,Some food is sitting on a stove top in a kitchen area.,0,0,54206,222a9b7627660c67a86f0079bc0d7c2d,640,469,RGB,JPEG,137.404052734375,66.52081298828125,True,482
2893,img_02893.jpg,Some food is sitting on a stove top in a kitchen area.,1,1,97382,4814696ef9fdace3ac62bd7caa2c4280,768,768,RGB,JPEG,128.050537109375,61.0745964050293,True,482
2894,img_02894.jpg,Some food is sitting on a stove top in a kitchen area.,1,2,88130,8ef1791ab5fc2994eee27a9b03f907db,1024,1024,RGB,JPEG,144.306640625,49.90974426269531,True,482
2895,img_02895.jpg,Some food is sitting on a stove top in a kitchen area.,1,3,117156,5621150a57e673934d77d4fb45b5168e,1024,1024,RGB,JPEG,133.409423828125,75.6266860961914,True,482
2896,img_02896.jpg,Some food is sitting on a stove top in a kitchen area.,1,4,19529,5682b478f27c1914e67fcf606fb31a33,270,270,RGB,JPEG,94.0400390625,55.26103591918945,True,482
2897,img_02897.jpg,Some food is sitting on a stove top in a kitchen area.,1,5,25440,3df8f8ec52fe95cd859736959569a946,436,436,RGB,JPEG,76.785888671875,53.65254211425781,True,482
2898,img_02898.jpg,a white tub is in an outside area,0,0,37326,3a5a04beb8f9b2a41170e1d3b9806c2b,640,427,RGB,JPEG,102.645751953125,58.86845016479492,True,483
2899,img_02899.jpg,a white tub is in an outside area,1,1,99705,2aea2f9de8dd5b79b1596749c199ec78,768,768,RGB,JPEG,121.24365234375,60.20315170288086,True,483
2900,img_02900.jpg,a white tub is in an outside area,1,2,129065,0aaf0c2f474d927c589000c1a69b6824,1024,1024,RGB,JPEG,132.760986328125,47.044612884521484,True,483
2901,img_02901.jpg,a white tub is in an outside area,1,3,134374,daac4fd3320aa3aaa6dd0f1f6a76459b,1024,1024,RGB,JPEG,149.14208984375,66.21073150634766,True,483
2902,img_02902.jpg,a white tub is in an outside area,1,4,18808,526b024cc2acea95786dfeada63e6423,270,270,RGB,JPEG,122.374755859375,49.338035583496094,True,483
2903,img_02903.jpg,a white tub is in an outside area,1,5,29405,d97212826ff96d14fb23ec26f6aa644e,436,436,RGB,JPEG,88.014892578125,61.63904571533203,True,483
2904,img_02904.jpg,Garden with a assortment of plants surrounding a bench with a sleeping cat,0,0,93351,20f941140d396f1eb4fc773f5fa28c8b,640,427,RGB,JPEG,96.882080078125,49.15343475341797,True,484
2905,img_02905.jpg,Garden with a assortment of plants surrounding a bench with a sleeping cat,1,1,155730,5c4c09b17d06afee5c165c261e2dc64e,768,768,RGB,JPEG,109.786865234375,39.99183654785156,True,484
2906,img_02906.jpg,Garden with a assortment of plants surrounding a bench with a sleeping cat,1,2,191533,ac8f0b5107e4826d30010923d2d7e7d7,1024,1024,RGB,JPEG,106.57275390625,44.06919860839844,True,484
2907,img_02907.jpg,Garden with a assortment of plants surrounding a bench with a sleeping cat,1,3,431924,24ead5893ee3102c2cf2a76e4f9fedbc,1024,1024,RGB,JPEG,116.359375,49.993202209472656,True,484
2908,img_02908.jpg,Garden with a assortment of plants surrounding a bench with a sleeping cat,1,4,22021,1a179dad060cb1d88bf98a9cec5e9719,270,270,RGB,JPEG,73.041748046875,35.48183822631836,True,484
2909,img_02909.jpg,Garden with a assortment of plants surrounding a bench with a sleeping cat,1,5,35925,ac31f2bd1f6c00391899c7451bdf2185,436,436,RGB,JPEG,82.670166015625,54.51164627075195,True,484
2910,img_02910.jpg,Cat in a closet with baggage and misc.,0,0,37482,1dccb0d31dff0c12449047f145571ccc,500,375,RGB,JPEG,105.218994140625,85.09275817871094,True,485
2911,img_02911.jpg,Cat in a closet with baggage and misc.,1,1,71350,03f6a96f2d65969dd720f5faa5552421,768,768,RGB,JPEG,120.595947265625,60.26858139038086,True,485
2912,img_02912.jpg,Cat in a closet with baggage and misc.,1,2,129247,d63d9a7a5db8cf8370ad4fa8ab62260a,1024,1024,RGB,JPEG,142.783203125,49.30386734008789,True,485
2913,img_02913.jpg,Cat in a closet with baggage and misc.,1,3,127498,bb0a2c0764926d5481e3b79153c46daf,1024,1024,RGB,JPEG,104.779052734375,61.20209503173828,True,485
2914,img_02914.jpg,Cat in a closet with baggage and misc.,1,4,18691,ec5ed40a4bda01d38384bcb6ee5107f1,270,270,RGB,JPEG,76.446533203125,56.789669036865234,True,485
2915,img_02915.jpg,Cat in a closet with baggage and misc.,1,5,27204,1484fcea93dbf44ac9be4fe9d35b7fe5,436,436,RGB,JPEG,62.384521484375,50.53673553466797,True,485
2916,img_02916.jpg,A motorcycle parked at a store parking lot.,0,0,88950,ee22760f85b5e6439f352be249eab973,640,428,RGB,JPEG,115.484619140625,70.05133819580078,True,486
2917,img_02917.jpg,A motorcycle parked at a store parking lot.,1,1,83704,e5cd8a6803ce28b61e1507872169edfc,768,768,RGB,JPEG,119.38330078125,46.03681945800781,True,486
2918,img_02918.jpg,A motorcycle parked at a store parking lot.,1,2,93249,0ad708cd4964cf0bc9f02b2630fc7b06,1024,1024,RGB,JPEG,118.973388671875,47.89194869995117,True,486
2919,img_02919.jpg,A motorcycle parked at a store parking lot.,1,3,197970,28f6e1bb4d0aadace0691ea67483386d,1024,1024,RGB,JPEG,118.927001953125,59.354583740234375,True,486
2920,img_02920.jpg,A motorcycle parked at a store parking lot.,1,4,21208,1cead7654388d3caf099a09c96737810,270,270,RGB,JPEG,100.0390625,57.23297882080078,True,486
2921,img_02921.jpg,A motorcycle parked at a store parking lot.,1,5,30859,92b85956589ace6b001aaaeb0c998051,436,436,RGB,JPEG,103.8076171875,59.09811019897461,True,486
2922,img_02922.jpg,A red double decker bus parked next to a tall building.,0,0,48656,73b6bdf55fbdd2dccd9b4bfab15ae927,640,360,RGB,JPEG,109.806884765625,54.23204803466797,True,487
2923,img_02923.jpg,A red double decker bus parked next to a tall building.,1,1,102413,3ea1d1b9f99705af81e7ab61f77f619c,768,768,RGB,JPEG,116.430908203125,62.25117111206055,True,487
2924,img_02924.jpg,A red double decker bus parked next to a tall building.,1,2,171596,207af5de2e343d0112d5c29e3ff1d6b0,1024,1024,RGB,JPEG,109.114990234375,53.622764587402344,True,487
2925,img_02925.jpg,A red double decker bus parked next to a tall building.,1,3,173203,e0b3b27edfb79ea48ad9d4a30fdce174,1024,1024,RGB,JPEG,128.188720703125,64.36407470703125,True,487
2926,img_02926.jpg,A red double decker bus parked next to a tall building.,1,4,19198,d66e59c17045daf75b777816771a592b,270,270,RGB,JPEG,91.85107421875,56.80999755859375,True,487
2927,img_02927.jpg,A red double decker bus parked next to a tall building.,1,5,29739,414b29d8c659fe51c92927e7c58f69fd,436,436,RGB,JPEG,63.56787109375,46.97242736816406,True,487
2928,img_02928.jpg,An airplane getting ready to take off at the airport,0,0,38897,36a0162d947aeb4ea41dd0392c916ba7,640,425,RGB,JPEG,116.283447265625,44.16908645629883,True,488
2929,img_02929.jpg,An airplane getting ready to take off at the airport,1,1,60710,df74b2d63eaea3dce57dd2c42e350450,768,768,RGB,JPEG,148.423095703125,47.548465728759766,True,488
2930,img_02930.jpg,An airplane getting ready to take off at the airport,1,2,63085,ef3220c72d0d7e60d885dbe8f2ceb594,1024,1024,RGB,JPEG,142.4658203125,27.63542366027832,True,488
2931,img_02931.jpg,An airplane getting ready to take off at the airport,1,3,73190,eeccfa8b2255b647f6da206729e79a9a,1024,1024,RGB,JPEG,175.08349609375,49.25237274169922,True,488
2932,img_02932.jpg,An airplane getting ready to take off at the airport,1,4,18401,7eb5a64ab7f755f9658f061ff6a9f2b4,270,270,RGB,JPEG,117.22509765625,60.73176574707031,True,488
2933,img_02933.jpg,An airplane getting ready to take off at the airport,1,5,25859,b513971e9a6cc06da70b28574e0676e9,436,436,RGB,JPEG,78.063232421875,52.13237762451172,True,488
2934,img_02934.jpg,A stop and street sign on a pole.,0,0,41031,0ae346e7da4f321461642274e32a2318,640,424,RGB,JPEG,147.864013671875,64.10462188720703,True,489
2935,img_02935.jpg,A stop and street sign on a pole.,1,1,94325,ecd556418e0cf1980cc74ddd38c938b0,768,768,RGB,JPEG,131.180419921875,65.95256805419922,True,489
2936,img_02936.jpg,A stop and street sign on a pole.,1,2,45144,178e31ccb77f09fd1916494d2bd2c171,1024,1024,RGB,JPEG,143.103271484375,30.28044891357422,True,489
2937,img_02937.jpg,A stop and street sign on a pole.,1,3,90402,50523d5c95a7d0f9c45b76447e8e542b,1024,1024,RGB,JPEG,153.56982421875,89.2414779663086,True,489
2938,img_02938.jpg,A stop and street sign on a pole.,1,4,21898,729ae94789d50f7505180136109c0c8d,270,270,RGB,JPEG,97.609375,56.251773834228516,True,489
2939,img_02939.jpg,A stop and street sign on a pole.,1,5,18211,59b92c1dcaaaccacd604c1b24979ed2e,436,436,RGB,JPEG,180.53125,66.00407409667969,True,489
2940,img_02940.jpg,A double decker bus going along a road with old buildings in the background.,0,0,22076,02b1ba8db4ae0b65656e2d462309d5e6,500,333,RGB,JPEG,72.65087890625,51.24940490722656,True,490
2941,img_02941.jpg,A double decker bus going along a road with old buildings in the background.,1,1,109060,a9a45e88af4b121be938207b62111114,768,768,RGB,JPEG,112.174072265625,59.03022384643555,True,490
2942,img_02942.jpg,A double decker bus going along a road with old buildings in the background.,1,2,153373,efb5f92ed60e69550cf6d83fabbce30a,1024,1024,RGB,JPEG,123.924560546875,50.39997100830078,True,490
2943,img_02943.jpg,A double decker bus going along a road with old buildings in the background.,1,3,213315,747c53d17e949536822c0846d4529647,1024,1024,RGB,JPEG,122.75244140625,67.8381576538086,True,490
2944,img_02944.jpg,A double decker bus going along a road with old buildings in the background.,1,4,20404,96bda66c58cd0d05e7d0ab8552d74ceb,270,270,RGB,JPEG,123.9990234375,47.632259368896484,True,490
2945,img_02945.jpg,A double decker bus going along a road with old buildings in the background.,1,5,25913,e230d5206aa35fb6a8639ac59d401b74,436,436,RGB,JPEG,105.081298828125,54.71287155151367,True,490
2946,img_02946.jpg,A herd of zebra standing around a tall wooden tree.,0,0,99056,e56ebacfa703950ee22fac90cd92472e,640,426,RGB,JPEG,93.7509765625,32.53296661376953,True,491
2947,img_02947.jpg,A herd of zebra standing around a tall wooden tree.,1,1,134401,f3f2065edcee8920e94f979f97e6b9e9,768,768,RGB,JPEG,111.157958984375,47.72547912597656,True,491
2948,img_02948.jpg,A herd of zebra standing around a tall wooden tree.,1,2,185161,a7fc5927cfe36ad3955aefb6c2f48fe3,1024,1024,RGB,JPEG,106.715576171875,52.11041259765625,True,491
2949,img_02949.jpg,A herd of zebra standing around a tall wooden tree.,1,3,291202,bb2b236cda6183e38110e1f1e1e1c686,1024,1024,RGB,JPEG,148.8583984375,62.74406433105469,True,491
2950,img_02950.jpg,A herd of zebra standing around a tall wooden tree.,1,4,16832,b2880ba1e2d52d606bf0cfda3f72cd73,270,270,RGB,JPEG,125.683349609375,61.706172943115234,True,491
2951,img_02951.jpg,A herd of zebra standing around a tall wooden tree.,1,5,28433,c004aa9ffe3f25aa963393e38bc292a7,436,436,RGB,JPEG,147.1181640625,55.01401138305664,True,491
2952,img_02952.jpg,some black and white train cars and some train tracks ,0,0,51416,4bcce141829273450ef831aa4f0d3fc2,612,612,RGB,JPEG,118.74951171875,63.71017837524414,True,492
2953,img_02953.jpg,some black and white train cars and some train tracks ,1,1,147926,2591946ae644d5b6fab3010fd797ff02,768,768,RGB,JPEG,102.20654296875,54.44601821899414,True,492
2954,img_02954.jpg,some black and white train cars and some train tracks ,1,2,128869,fe1ecdb37cf0aac73797d15b071cfb30,1024,1024,RGB,JPEG,106.664306640625,57.51649856567383,True,492
2955,img_02955.jpg,some black and white train cars and some train tracks ,1,3,354348,8f219133694c348dbd91d69deeb406f5,1024,1024,RGB,JPEG,104.19189453125,59.396549224853516,True,492
2956,img_02956.jpg,some black and white train cars and some train tracks ,1,4,26164,4e4fdbd35f63de96ed964d77b607fe78,270,270,RGB,JPEG,122.033203125,69.53579711914062,True,492
2957,img_02957.jpg,some black and white train cars and some train tracks ,1,5,23719,86c62212ab5f6798628635500f9d6103,436,436,RGB,JPEG,68.1181640625,62.234619140625,True,492
2958,img_02958.jpg,"A single pillar with a clock is near approaching traffic, including a police car. ",0,0,59766,558ecabc4361181767538f9a2ef9cf35,480,640,RGB,JPEG,125.380126953125,73.31751251220703,True,493
2959,img_02959.jpg,"A single pillar with a clock is near approaching traffic, including a police car. ",1,1,76508,465654d241dde72f88549f0cd08b4b1c,768,768,RGB,JPEG,114.3642578125,51.52625274658203,True,493
2960,img_02960.jpg,"A single pillar with a clock is near approaching traffic, including a police car. ",1,2,99988,464b5007c74d487819bb49f383336529,1024,1024,RGB,JPEG,129.03369140625,48.65631866455078,True,493
2961,img_02961.jpg,"A single pillar with a clock is near approaching traffic, including a police car. ",1,3,200893,891211bd62ec69be6acb39e0c288fa08,1024,1024,RGB,JPEG,120.524169921875,54.40856170654297,True,493
2962,img_02962.jpg,"A single pillar with a clock is near approaching traffic, including a police car. ",1,4,20133,fa1e636281305c575f8d6709d71d059e,270,270,RGB,JPEG,116.792236328125,46.4891242980957,True,493
2963,img_02963.jpg,"A single pillar with a clock is near approaching traffic, including a police car. ",1,5,27274,a822a20b5e952a802f46249b6f5a849e,436,436,RGB,JPEG,130.269287109375,71.05482482910156,True,493
2964,img_02964.jpg,A fire hydrant in front of an empty sidewalk.,0,0,71850,5b3088505303bcfa9acea90cbc47250e,426,640,RGB,JPEG,55.874267578125,35.784996032714844,True,494
2965,img_02965.jpg,A fire hydrant in front of an empty sidewalk.,1,1,84091,f3b52f84ab725cacdb6ccfe8a3a29087,768,768,RGB,JPEG,107.249267578125,31.81743621826172,True,494
2966,img_02966.jpg,A fire hydrant in front of an empty sidewalk.,1,2,161339,16cc74284b8c24f65b9c2cd656cd1362,1024,1024,RGB,JPEG,129.829833984375,33.097293853759766,True,494
2967,img_02967.jpg,A fire hydrant in front of an empty sidewalk.,1,3,122426,1b31b2f228055acc228c8e3f25f71d0c,1024,1024,RGB,JPEG,175.96240234375,62.031349182128906,True,494
2968,img_02968.jpg,A fire hydrant in front of an empty sidewalk.,1,4,19189,4a24f0e66cb6a0620e2d3e089fd2ce8a,270,270,RGB,JPEG,124.623779296875,62.90581130981445,True,494
2969,img_02969.jpg,A fire hydrant in front of an empty sidewalk.,1,5,24102,652118e6b9f43b405ae4c57630b07c38,436,436,RGB,JPEG,123.753662109375,45.88124465942383,True,494
2970,img_02970.jpg,A bench with a bunch of stuffed animals and other items on it,0,0,75562,bd8533e2229f798f740f5d6155e876a4,640,428,RGB,JPEG,94.48828125,61.983585357666016,True,495
2971,img_02971.jpg,A bench with a bunch of stuffed animals and other items on it,1,1,89909,d035379208b3d370ecd300b36cf50acf,768,768,RGB,JPEG,115.963623046875,54.49807357788086,True,495
2972,img_02972.jpg,A bench with a bunch of stuffed animals and other items on it,1,2,109999,afd75d644667814199f9f8fcc841da5f,1024,1024,RGB,JPEG,129.133544921875,38.473331451416016,True,495
2973,img_02973.jpg,A bench with a bunch of stuffed animals and other items on it,1,3,157925,247cc5f101f80e9e5a690a5729fb73a1,1024,1024,RGB,JPEG,140.255859375,58.341190338134766,True,495
2974,img_02974.jpg,A bench with a bunch of stuffed animals and other items on it,1,4,16873,d9bef11800d774655611279161aa9d48,270,270,RGB,JPEG,110.807861328125,59.32737731933594,True,495
2975,img_02975.jpg,A bench with a bunch of stuffed animals and other items on it,1,5,32149,7dfe346ac90df36d124e5223a0952209,436,436,RGB,JPEG,95.333740234375,53.82670974731445,True,495
2976,img_02976.jpg,People are feeding a giraffe in an enclosure.,0,0,77468,07eb092315ae6b64e3b56dc5a5b4814d,640,427,RGB,JPEG,114.30322265625,62.28969192504883,True,496
2977,img_02977.jpg,People are feeding a giraffe in an enclosure.,1,1,136178,42a83e1aaa4eb89cd3fa59175513492c,768,768,RGB,JPEG,120.780517578125,53.9482307434082,True,496
2978,img_02978.jpg,People are feeding a giraffe in an enclosure.,1,2,145484,0415a31f03bfafc8fec0e1bd54c40a95,1024,1024,RGB,JPEG,111.61083984375,40.128116607666016,True,496
2979,img_02979.jpg,People are feeding a giraffe in an enclosure.,1,3,317493,13dd36aed35f4f387adbcc70a37df6b8,1024,1024,RGB,JPEG,127.88427734375,50.127567291259766,True,496
2980,img_02980.jpg,People are feeding a giraffe in an enclosure.,1,4,21421,598ea00f726e71d0cc189ce458a20fd1,270,270,RGB,JPEG,110.3857421875,55.5606689453125,True,496
2981,img_02981.jpg,People are feeding a giraffe in an enclosure.,1,5,32312,616dec390a3792c978ad7dd0792452ec,436,436,RGB,JPEG,131.048583984375,47.90635299682617,True,496
2982,img_02982.jpg,A small bathroom with a dark vanity and tiled floor.,0,0,30594,21ff43c4c5bbd14189b271354e79c242,427,640,RGB,JPEG,102.734130859375,62.29390335083008,True,497
2983,img_02983.jpg,A small bathroom with a dark vanity and tiled floor.,1,1,89461,400943c7d66536e7951601e87456f9f9,768,768,RGB,JPEG,129.1865234375,63.45079803466797,True,497
2984,img_02984.jpg,A small bathroom with a dark vanity and tiled floor.,1,2,124764,1ac1264d9162d92f4add402e4b1ea021,1024,1024,RGB,JPEG,114.49853515625,53.32472229003906,True,497
2985,img_02985.jpg,A small bathroom with a dark vanity and tiled floor.,1,3,75372,71e25bc61835d5f0baa90624c36ac21b,1024,1024,RGB,JPEG,125.382568359375,70.9821548461914,True,497
2986,img_02986.jpg,A small bathroom with a dark vanity and tiled floor.,1,4,14745,d1a037449d0acd95680d93bf8ee1842e,270,270,RGB,JPEG,86.457763671875,62.74018096923828,True,497
2987,img_02987.jpg,A small bathroom with a dark vanity and tiled floor.,1,5,27132,7d98cbaa226ab2270e3659d197d8d343,436,436,RGB,JPEG,137.052490234375,62.12339401245117,True,497
2988,img_02988.jpg,A small bathroom with a stainless steel sink,0,0,23440,649520d1615d2542e830ae76665c7f41,428,640,RGB,JPEG,121.77099609375,52.69255828857422,True,498
2989,img_02989.jpg,A small bathroom with a stainless steel sink,1,1,52099,8585dd6ac4889311fbdcaea948a35950,768,768,RGB,JPEG,135.367431640625,38.75844955444336,True,498
2990,img_02990.jpg,A small bathroom with a stainless steel sink,1,2,80451,fece8f7e014ebac4a38cac23137bd347,1024,1024,RGB,JPEG,150.96142578125,43.004478454589844,True,498
2991,img_02991.jpg,A small bathroom with a stainless steel sink,1,3,72442,aa3b96ade8f57ea904ee945a4f9fd398,1024,1024,RGB,JPEG,155.688720703125,54.42060852050781,True,498
2992,img_02992.jpg,A small bathroom with a stainless steel sink,1,4,17808,8bbc34d4f7147292344c97dd68de6365,270,270,RGB,JPEG,125.613525390625,62.32416534423828,True,498
2993,img_02993.jpg,A small bathroom with a stainless steel sink,1,5,21514,064b6e32da6d7d07e51d42986c76f185,436,436,RGB,JPEG,100.516357421875,58.35415267944336,True,498
2994,img_02994.jpg,A crosstown bus is parked on the street.,0,0,81768,c888ac4e977c5b7466bdcbb29dc71ae4,640,480,RGB,JPEG,113.7900390625,63.43311309814453,True,499
2995,img_02995.jpg,A crosstown bus is parked on the street.,1,1,113595,b809eb5f11e18d34fe9b73ca017e158a,768,768,RGB,JPEG,113.603759765625,55.32121276855469,True,499
2996,img_02996.jpg,A crosstown bus is parked on the street.,1,2,139666,5317b0efee97222b737503e4d19be82b,1024,1024,RGB,JPEG,97.558837890625,51.15291976928711,True,499
2997,img_02997.jpg,A crosstown bus is parked on the street.,1,3,184175,c6832a90d09516c7815a18f64f364051,1024,1024,RGB,JPEG,129.092529296875,65.810791015625,True,499
2998,img_02998.jpg,A crosstown bus is parked on the street.,1,4,20525,ee2f4973b18ba58f2b147bc687f40c99,270,270,RGB,JPEG,99.810546875,59.906272888183594,True,499
2999,img_02999.jpg,A crosstown bus is parked on the street.,1,5,25591,5443d51fc240c158be0d783a2494936b,436,436,RGB,JPEG,54.295654296875,38.11989974975586,True,499
