sample_id,label,model,type,release_date,prompt_available,prompt_length_chars,width,height,channels,mode,format,file_size_bytes,aspect_ratio,readable,source_group,group_key,model_missing,md5,scan_index,dataset_path,bytes_reencoded,decode_error
OF000000,real,docci,real,,True,533,359,480,3,RGB,JPEG,11014,0.7479166666666667,True,docci,real::docci,False,53dccf181a4e0dc11e7a45710a76b6f7,0,train_00032.jpg,False,
OF000003,fake,veo-3,video,2025-10,True,168,1280,720,3,RGB,JPEG,163294,1.7777777777777777,True,veo-3,fake::veo-3,False,2e352e8bb19c1d210f7623d6502d44c4,3,0295837.jpg,False,
OF000004,real,docci,real,,True,727,1535,2048,3,RGB,JPEG,497080,0.74951171875,True,docci,real::docci,False,97880b994ceab3ce2c01ac9dfb00f040,4,test_01142.jpg,False,
OF000005,fake,veo-3,video,2026-02,True,214,1080,1920,3,RGB,JPEG,482330,0.5625,True,veo-3,fake::veo-3,False,42767f831d12d5eda23315019a742df6,5,0209684.jpg,False,
OF000008,fake,ernie-image-turbo,image,2026-04,True,541,1024,1024,3,RGB,JPEG,191524,1.0,True,ernie-image-turbo,fake::ernie-image-turbo,False,adc9876df81c11a44affdb4713b6b6d0,8,0075770.jpg,False,
OF000010,real,docci,real,,True,661,1535,2048,3,RGB,JPEG,340783,0.74951171875,True,docci,real::docci,False,a4f2a331654eb0d65d055cc0b559f97f,10,test_01000.jpg,False,
OF000015,fake,gpt-image-2,image,2026-04,True,175,1024,1024,3,RGB,JPEG,231684,1.0,True,gpt-image-2,fake::gpt-image-2,False,966e1f561e9a9188d2eebc22a29b54e1,15,0015605.jpg,False,
OF000019,real,docci,real,,True,645,2048,1536,3,RGB,JPEG,548805,1.3333333333333333,True,docci,real::docci,False,7398280787ce242519493e133e814c48,19,train_06691.jpg,False,
OF000025,real,imagenet,real,,True,345,1600,1200,3,RGB,JPEG,579656,1.3333333333333333,True,imagenet,real::imagenet,False,cc89e2398a3786fa75e8c4533d2f4c3d,25,n01735189_8431.JPEG,False,
OF000027,real,docci,real,,True,497,2048,1536,3,RGB,JPEG,867195,1.3333333333333333,True,docci,real::docci,False,2db60b1fba7e90c2d15afcd6be3053da,27,train_03081.jpg,False,
OF000029,real,imagenet,real,,True,564,600,400,3,RGB,JPEG,64780,1.5,True,imagenet,real::imagenet,False,fce48f64c7acde37891fbfbb5dbef2ee,29,n01629819_11332.JPEG,False,
OF000032,fake,z-image-turbo,image,2026-02,True,861,832,1216,3,RGB,JPEG,175114,0.6842105263157895,True,z-image-turbo,fake::z-image-turbo,False,30900ddaff3dfaaaac2974f175087286,32,0006493.jpg,False,
OF000033,real,docci,real,,True,630,2048,1536,3,RGB,JPEG,684028,1.3333333333333333,True,docci,real::docci,False,b63e33a02b85e1c3397c7daabbd4c28f,33,test_02855.jpg,False,
OF000035,fake,flux.2-klein-9b,Base,2026-01-14,True,699,1024,1024,3,RGB,JPEG,428694,1.0,True,flux.2-klein-9b,fake::flux.2-klein-9b,False,3a7f46889698b101d1a0bcf938a102ad,35,937336.jpg,False,
OF000036,fake,recraft-v3,base,2024-10,True,493,600,600,3,RGB,JPEG,130263,1.0,True,recraft-v3,fake::recraft-v3,False,e1cf73017bc0782ee22b4d836c11cdcc,36,43424.jpg,False,
OF000038,real,imagenet,real,,True,409,500,380,3,RGB,JPEG,174014,1.3157894736842106,True,imagenet,real::imagenet,False,4f33c27dd298c226854610aeaab67f1d,38,n01820546_6934.JPEG,False,
OF000041,fake,recraft-v3,base,2024-10,True,639,600,600,3,RGB,JPEG,130655,1.0,True,recraft-v3,fake::recraft-v3,False,39324810726fd76185c3e974ca8ed850,41,38218.jpg,False,
OF000044,fake,seedream-v5.0,image,2026-03,True,1813,2560,1440,3,RGB,JPEG,463384,1.7777777777777777,True,seedream-v5.0,fake::seedream-v5.0,False,667d2197d07d9b99cd8cd4f74e1c96c9,44,0094915.jpg,False,
OF000047,fake,gpt-image-1.5,image,2026-03,True,739,1536,1024,3,RGB,PNG,2673631,1.5,True,gpt-image-1.5,fake::gpt-image-1.5,False,902ef99fef21993412cdc214d5dfb307,47,0026026.jpg,False,
OF000049,fake,ernie-image-turbo,image,2026-04,True,220,1024,1536,3,RGB,JPEG,213285,0.6666666666666666,True,ernie-image-turbo,fake::ernie-image-turbo,False,6c523fc10c22e5e828b8999860334f65,49,0079472.jpg,False,
OF000050,real,docci,real,,True,513,2048,1536,3,RGB,JPEG,612287,1.3333333333333333,True,docci,real::docci,False,6fbd23dcab5ff8629155a638ae8a1fba,50,train_09207.jpg,False,
OF000052,real,imagenet,real,,True,618,415,500,3,RGB,JPEG,111489,0.83,True,imagenet,real::imagenet,False,e8cb91836616984c5570b836abf7e58c,52,n01824575_2959.JPEG,False,
OF000054,fake,gpt-image-1.5,image,2025-12,True,800,1024,1536,3,RGB,PNG,2625193,0.6666666666666666,True,gpt-image-1.5,fake::gpt-image-1.5,False,ea307f513783fc40d26f98a90904db65,54,0043910.jpg,False,
OF000056,fake,ernie-image,image,2026-04,True,53,1024,1536,3,RGB,PNG,2732139,0.6666666666666666,True,ernie-image,fake::ernie-image,False,776a27e27bba4b2f7a6715e598ae1859,56,0032076.jpg,False,
OF000057,real,imagenet,real,,True,564,375,500,3,RGB,JPEG,182081,0.75,True,imagenet,real::imagenet,False,8313baae5c619161da041e336d906b91,57,n01518878_10883.JPEG,False,
OF000059,real,docci,real,,True,500,2048,1536,3,RGB,JPEG,664015,1.3333333333333333,True,docci,real::docci,False,340ae019f16693216775fad396205590,59,train_01057.jpg,False,
OF000060,fake,gpt-image-1.5,image,2026-01,True,123,1024,1536,3,RGB,JPEG,273775,0.6666666666666666,True,gpt-image-1.5,fake::gpt-image-1.5,False,566711749ad962847e938b4d096399bb,60,0024567.jpg,False,
OF000062,fake,flux.2-klein-9b,Base,2026-01-14,True,589,1024,1024,3,RGB,JPEG,168193,1.0,True,flux.2-klein-9b,fake::flux.2-klein-9b,False,0135267298a34e6c65de1ef769ef88ac,62,988550.jpg,False,
OF000065,real,imagenet,real,,True,547,500,347,3,RGB,JPEG,172886,1.440922190201729,True,imagenet,real::imagenet,False,537618b1e896b959ec88b8d314135c8c,65,n01534433_28135.JPEG,False,
OF000067,fake,flux.2-klein-9b,Base,2026-01-14,True,472,1024,1024,3,RGB,JPEG,397479,1.0,True,flux.2-klein-9b,fake::flux.2-klein-9b,False,968152441671ebdcab1d83e7b76e8062,67,1082425.jpg,False,
OF000070,real,imagenet,real,,True,615,500,375,3,RGB,JPEG,199787,1.3333333333333333,True,imagenet,real::imagenet,False,cb173fb228918f721bbde17fdfb76ef7,70,n01751748_3657.JPEG,False,
OF000071,fake,wan-video-2.5,video,2025-10,True,145,632,632,3,RGB,JPEG,103372,1.0,True,wan-video-2.5,fake::wan-video-2.5,False,6e51543f9d72bff3ef15cfedd9ed6034,71,0171382.jpg,False,
OF000072,fake,midjourney-7,base,2025-04,True,577,1456,816,3,RGB,PNG,1871284,1.7843137254901962,True,midjourney-7,fake::midjourney-7,False,ea983c62739d9d74f815ddde7a3d60bd,72,162548.jpg,False,
OF000073,fake,frames-23-1-25,base,unknown,True,31,1920,1088,3,RGB,PNG,2492000,1.7647058823529411,True,frames-23-1-25,fake::frames-23-1-25,False,81fcb52129e9308b23f73bd6872f0e97,73,44197.jpg,False,
OF000076,real,imagenet,real,,True,614,374,500,3,RGB,JPEG,277456,0.748,True,imagenet,real::imagenet,False,11e3a33f9bb547aea0768143570311d9,76,n01687978_4925.JPEG,False,
OF000083,fake,gpt-image-1.5,image,2025-12,True,424,1024,1536,3,RGB,PNG,2955256,0.6666666666666666,True,gpt-image-1.5,fake::gpt-image-1.5,False,282aabedf5820cbb2afc878e66792715,83,0026535.jpg,False,
OF000089,real,imagenet,real,,True,546,500,333,3,RGB,JPEG,159697,1.5015015015015014,True,imagenet,real::imagenet,False,da5592f2ab1d858e84c7fac9f6d7219e,89,n01751748_9387.JPEG,False,
OF000090,fake,gpt-image-1.5,image,2026-01,True,446,1536,1024,3,RGB,PNG,2005543,1.5,True,gpt-image-1.5,fake::gpt-image-1.5,False,780f7744ee4898d8fdd7021d0a6b0ae4,90,0048008.jpg,False,
OF000092,fake,veo-3,video,2025-10,True,508,1920,1080,3,RGB,JPEG,1244078,1.7777777777777777,True,veo-3,fake::veo-3,False,fa228c043db2ae82f02919309c6d2f5f,92,0342054.jpg,False,
OF000094,fake,veo-3,video,2025-10,True,1192,1280,720,3,RGB,JPEG,400192,1.7777777777777777,True,veo-3,fake::veo-3,False,66692041db59ddacfab7c9071314a9f0,94,0122488.jpg,False,
OF000095,real,imagenet,real,,True,755,500,375,3,RGB,JPEG,182740,1.3333333333333333,True,imagenet,real::imagenet,False,19de3dc8982f63c8aff809192b622941,95,n01498041_914.JPEG,False,
OF000096,fake,illustrious,image,2025-08,True,610,1280,1856,3,RGB,JPEG,268305,0.6896551724137931,True,illustrious,fake::illustrious,False,80251940358921ea93d516d1fc18fb4f,96,0069351.jpg,False,
OF000098,fake,veo-3,video,2025-09,True,68,1920,1080,3,RGB,JPEG,505597,1.7777777777777777,True,veo-3,fake::veo-3,False,9ef3aa95db6dcb27bb9d33c4371bbacd,98,0210237.jpg,False,
OF000099,fake,midjourney-7,base,2025-04,True,692,1024,1024,3,RGB,PNG,846154,1.0,True,midjourney-7,fake::midjourney-7,False,0e1b31489ccc03bbf05c9a5958a670bd,99,423717.jpg,False,
OF000102,real,imagenet,real,,True,593,500,375,3,RGB,JPEG,165109,1.3333333333333333,True,imagenet,real::imagenet,False,f91d815aa6095663d2e9c9d4e00c2087,102,n01518878_12374.JPEG,False,
OF000103,real,imagenet,real,,True,640,500,375,3,RGB,JPEG,157677,1.3333333333333333,True,imagenet,real::imagenet,False,c1c093b75c6662de5eb46c9b80b94011,103,n01797886_19927.JPEG,False,
OF000105,fake,gpt-image-1.5,image,2026-01,True,963,1024,1536,3,RGB,PNG,2373330,0.6666666666666666,True,gpt-image-1.5,fake::gpt-image-1.5,False,5d94188d37b7345a60badd8b5e17f5b9,105,0057174.jpg,False,
OF000107,fake,gpt-image-1.5,image,2026-01,True,210,1536,1024,3,RGB,PNG,2463453,1.5,True,gpt-image-1.5,fake::gpt-image-1.5,False,10de5ea89c897bbc1abc7e7a54a54f9a,107,0050433.jpg,False,
OF000109,fake,gpt-image-1.5,image,2026-04,True,510,1536,1024,3,RGB,PNG,2131978,1.5,True,gpt-image-1.5,fake::gpt-image-1.5,False,fb031fdad82f4bfa8bfda1dc47e0124b,109,0027811.jpg,False,
OF000115,fake,illustrious,video,2026-04,True,42,784,1168,3,RGB,JPEG,341424,0.6712328767123288,True,illustrious,fake::illustrious,False,3448adff17ee45471731d86d94f80bc4,115,0341265.jpg,False,
OF000118,real,imagenet,real,,True,612,500,333,3,RGB,JPEG,58036,1.5015015015015014,True,imagenet,real::imagenet,False,e52aab614be201b442fa00b4561d0786,118,n01682714_4103.JPEG,False,
OF000119,fake,gpt-image-1.5,image,2025-12,True,910,1536,1024,3,RGB,PNG,2365141,1.5,True,gpt-image-1.5,fake::gpt-image-1.5,False,9b61067b3b79657ca90f7de9f86b356d,119,0026540.jpg,False,
OF000121,fake,illustrious,image,2026-04,True,824,1536,1536,3,RGB,JPEG,388174,1.0,True,illustrious,fake::illustrious,False,06cdb1e095d59e442dc95504e64be6b1,121,0084616.jpg,False,
OF000126,real,docci,real,,True,604,1535,2048,3,RGB,JPEG,602172,0.74951171875,True,docci,real::docci,False,595452924b800f26cdc7e212857314f4,126,train_08423.jpg,False,
OF000128,fake,z-image-turbo,image,2026-04,True,1521,864,1152,3,RGB,PNG,1376262,0.75,True,z-image-turbo,fake::z-image-turbo,False,2518e12e4db3b9fa7d6361ed913c03cb,128,0100906.jpg,False,
OF000131,fake,gpt-image-2,image,2026-04,True,829,1024,1024,3,RGB,JPEG,172948,1.0,True,gpt-image-2,fake::gpt-image-2,False,067131db88499e16209dacd3d89873ec,131,0030791.jpg,False,
OF000133,real,docci,real,,True,566,2048,1536,3,RGB,JPEG,302840,1.3333333333333333,True,docci,real::docci,False,6ecc717dbf9743d62fe7cdf3d4a7837b,133,test_01258.jpg,False,
OF000138,fake,recraft-v3,base,2024-10,True,636,600,600,3,RGB,JPEG,151751,1.0,True,recraft-v3,fake::recraft-v3,False,4f76a42bc5330b13677ff57288d8e586,138,52304.jpg,False,
OF000140,real,imagenet,real,,True,477,500,375,3,RGB,JPEG,108525,1.3333333333333333,True,imagenet,real::imagenet,False,1719b892a76b127a89e1d8bc39e93719,140,n01498041_1650.JPEG,False,
OF000148,real,docci,real,,True,504,2048,1536,3,RGB,JPEG,648873,1.3333333333333333,True,docci,real::docci,False,5d4e327cb84a874f58cf3412bcb06a22,148,test_02129.jpg,False,
OF000154,real,docci,real,,True,563,2048,1535,3,RGB,JPEG,398606,1.3342019543973942,True,docci,real::docci,False,117c575fcb47fa41fb1c9f8f55ea48c5,154,train_06875.jpg,False,
OF000155,fake,midjourney-7,base,2025-04,True,648,1024,1024,3,RGB,PNG,1113367,1.0,True,midjourney-7,fake::midjourney-7,False,2aacbc2d31911304c10f8aa095afa4ba,155,30252.jpg,False,
OF000160,real,imagenet,real,,True,477,500,400,3,RGB,JPEG,71116,1.25,True,imagenet,real::imagenet,False,f58e0263d58d3f90c7cac79fad73162b,160,n01828970_8978.JPEG,False,
OF000163,real,imagenet,real,,True,348,480,479,3,RGB,JPEG,289943,1.0020876826722338,True,imagenet,real::imagenet,False,9f293c8dcdd10d34e780e7b33b714dc8,163,n01644900_19304.JPEG,False,
OF000165,fake,gpt-image-1.5,image,2026-04,True,719,1024,1536,3,RGB,PNG,3548733,0.6666666666666666,True,gpt-image-1.5,fake::gpt-image-1.5,False,73cd70dd1cfbb9558f6fef6337cdf089,165,0037596.jpg,False,
OF000169,real,imagenet,real,,True,450,584,389,3,RGB,JPEG,74162,1.5012853470437018,True,imagenet,real::imagenet,False,42673d96b8955231f71232849c36851f,169,n01532829_1856.JPEG,False,
OF000170,real,imagenet,real,,True,634,417,600,3,RGB,JPEG,46428,0.695,True,imagenet,real::imagenet,False,c8967e95b539801615448ddbd4503420,170,n01748264_8349.JPEG,False,
OF000171,fake,ideogram-2.0,base,unknown,True,79,1280,800,3,RGB,PNG,1556572,1.6,True,ideogram-2.0,fake::ideogram-2.0,False,d4a102774fbbe45cd6d16e2ecedcb2ed,171,12512.jpg,False,
OF000172,fake,recraft-v2,base,unknown,True,74,1024,1024,3,RGB,PNG,1640993,1.0,True,recraft-v2,fake::recraft-v2,False,850378d483850c97c94652d9f98b1428,172,13504.jpg,False,
OF000174,real,docci,real,,True,644,4032,3024,3,RGB,JPEG,1240229,1.3333333333333333,True,docci,real::docci,False,125812c5446efe237d6dd51819436ef3,174,test_00331.jpg,False,
OF000175,real,imagenet,real,,True,480,500,375,3,RGB,JPEG,180354,1.3333333333333333,True,imagenet,real::imagenet,False,e6d053180be736429de39e1bed1877cf,175,n01833805_7243.JPEG,False,
OF000179,real,docci,real,,True,638,2048,1536,3,RGB,JPEG,142089,1.3333333333333333,True,docci,real::docci,False,8dc6905415439045f764facaf192df7d,179,test_02085.jpg,False,
OF000180,fake,veo-3,video,2025-07,True,42,1280,720,3,RGB,JPEG,210683,1.7777777777777777,True,veo-3,fake::veo-3,False,75607a9a27e355534a1e45d982bcda01,180,0210960.jpg,False,
OF000183,real,docci,real,,True,785,2048,1536,3,RGB,JPEG,431784,1.3333333333333333,True,docci,real::docci,False,d00398b221f4749af6568c1c740f13bf,183,train_04888.jpg,False,
OF000188,fake,midjourney-7,base,2025-04,True,466,928,1232,3,RGB,PNG,1498386,0.7532467532467533,True,midjourney-7,fake::midjourney-7,False,fa2ecc515c3d1309e2b15b924a178e6f,188,48652.jpg,False,
OF000189,fake,flux.2-klein-9b,Base,2026-01-14,True,795,1024,1024,3,RGB,JPEG,362920,1.0,True,flux.2-klein-9b,fake::flux.2-klein-9b,False,27f60a7d1d4dd4db49190ca46d846699,189,1164115.jpg,False,
OF000192,real,imagenet,real,,True,598,500,375,3,RGB,JPEG,113474,1.3333333333333333,True,imagenet,real::imagenet,False,373353965390a0957177849bc1d651f2,192,n01494475_244.JPEG,False,
OF000193,fake,z-image-turbo,image,2026-04,True,714,1024,1024,3,RGB,JPEG,211844,1.0,True,z-image-turbo,fake::z-image-turbo,False,30bc1c1a0607da20a5a9075ec6738238,193,0085347.jpg,False,
OF000195,real,imagenet,real,,True,404,495,353,3,RGB,JPEG,39211,1.4022662889518414,True,imagenet,real::imagenet,False,37f365fa7782cc3406d9c1ca9c212d66,195,n01744401_2646.JPEG,False,
OF000197,real,docci,real,,True,543,2048,1535,3,RGB,JPEG,703649,1.3342019543973942,True,docci,real::docci,False,17ad0a8c32deb70682f743e8f432f6b2,197,train_08825.jpg,False,
OF000200,real,docci,real,,True,776,2048,1536,3,RGB,JPEG,272047,1.3333333333333333,True,docci,real::docci,False,98884101150000aea32dee6e040c3f98,200,train_02226.jpg,False,
OF000203,fake,wan-video-2.5,video,2025-10,True,849,810,1138,3,RGB,JPEG,318684,0.7117750439367311,True,wan-video-2.5,fake::wan-video-2.5,False,258ad70ec390601b53e4675193c16b18,203,0152622.jpg,False,
OF000207,fake,midjourney-7,base,2025-04,True,717,816,1456,3,RGB,PNG,1465114,0.5604395604395604,True,midjourney-7,fake::midjourney-7,False,25e0e7199706cf1dc55846ac58e48f1e,207,20547.jpg,False,
OF000209,real,imagenet,real,,True,636,400,509,3,RGB,JPEG,28737,0.7858546168958742,True,imagenet,real::imagenet,False,5c0888a8e04baa2b0f24d9a0aa1a8252,209,n01622779_565.JPEG,False,
OF000210,fake,ernie-image-turbo,image,2026-04,True,380,1024,1536,3,RGB,JPEG,424307,0.6666666666666666,True,ernie-image-turbo,fake::ernie-image-turbo,False,bcabaefca7ec1bbd371decdd328b477c,210,0015417.jpg,False,
OF000212,real,imagenet,real,,True,346,434,500,3,RGB,JPEG,140902,0.868,True,imagenet,real::imagenet,False,44b529495fdce65020729ea34c8575b0,212,n01820546_6834.JPEG,False,
OF000214,fake,z-image-turbo,image,2026-01,True,814,896,1248,3,RGB,PNG,1880420,0.717948717948718,True,z-image-turbo,fake::z-image-turbo,False,73d17dad4bdc5cac7e9225d46b3891a3,214,0011971.jpg,False,
OF000221,real,docci,real,,True,517,1536,2048,3,RGB,JPEG,306743,0.75,True,docci,real::docci,False,aa099dc9d6e9469884d260d5aa29cc1f,221,test_02956.jpg,False,
OF000222,fake,sora-2,image,2025-05,True,453,1024,1536,3,RGB,JPEG,173660,0.6666666666666666,True,sora-2,fake::sora-2,False,7d051bf1be353df14313a249cb6e50ed,222,0049968.jpg,False,
OF000224,real,docci,real,,True,493,2048,1536,3,RGB,JPEG,480534,1.3333333333333333,True,docci,real::docci,False,d180b3cdea7c74246b48e7c2840194c6,224,test_02294.jpg,False,
OF000225,real,docci,real,,True,623,480,361,3,RGB,JPEG,30739,1.329639889196676,True,docci,real::docci,False,cc8a744d507f497e646ed7d40961d99e,225,test_00212.jpg,False,
OF000227,fake,z-image-turbo,image,2026-04,True,254,832,1216,3,RGB,JPEG,264690,0.6842105263157895,True,z-image-turbo,fake::z-image-turbo,False,1db7e730243f127a0d6828cb66fd13c7,227,0073462.jpg,False,
OF000228,fake,recraft-v2,base,unknown,True,82,1024,1024,3,RGB,PNG,1437575,1.0,True,recraft-v2,fake::recraft-v2,False,c8ae525ff51b04bb8d07d4f598bf8d6e,228,06760.jpg,False,
OF000229,fake,midjourney-7,base,2025-04,True,798,784,1504,3,RGB,PNG,1362986,0.5212765957446809,True,midjourney-7,fake::midjourney-7,False,6f999e65391fa6a0152a7fcaf16f2933,229,53300.jpg,False,
OF000230,fake,z-image-turbo,Base,2025-11-25,True,554,1024,1024,3,RGB,JPEG,205051,1.0,True,z-image-turbo,fake::z-image-turbo,False,83c4cd57bed5093b6faa3fc124cde4ec,230,1163130.jpg,False,
OF000232,fake,wan-video-2.5,video,2025-10,True,701,810,1138,3,RGB,JPEG,313990,0.7117750439367311,True,wan-video-2.5,fake::wan-video-2.5,False,40f79e936aeb64399d0196a7152dd463,232,0160700.jpg,False,
OF000236,fake,illustrious,image,2026-04,True,1264,1024,1024,3,RGB,JPEG,203387,1.0,True,illustrious,fake::illustrious,False,8cc41842fc74bc6c96d06f690015a72e,236,0095976.jpg,False,
OF000237,real,docci,real,,True,567,1536,2048,3,RGB,JPEG,552339,0.75,True,docci,real::docci,False,3517b2e18ed216d4ccf1236e3b89e50e,237,train_04745.jpg,False,
OF000238,fake,flux.2-klein-9b,Base,2026-01-14,True,786,1024,1024,3,RGB,JPEG,714743,1.0,True,flux.2-klein-9b,fake::flux.2-klein-9b,False,c7b091f96379ed1346dd12b0eb521e83,238,1120051.jpg,False,
OF000242,real,docci,real,,True,548,2048,1536,3,RGB,JPEG,750118,1.3333333333333333,True,docci,real::docci,False,b58b58d5235f14c5c8db6c053690f383,242,train_03459.jpg,False,
OF000248,real,docci,real,,True,507,3024,4032,3,RGB,JPEG,789208,0.75,True,docci,real::docci,False,0890acf404645bb6daa3f1678ba2d6cc,248,train_09412.jpg,False,
OF000249,real,docci,real,,True,654,360,480,3,RGB,JPEG,31325,0.75,True,docci,real::docci,False,23765e0c57f5f37a05006e596e8209d4,249,train_09529.jpg,False,
OF000252,fake,flux.2-klein-9b,Base,2026-01-14,True,702,1024,1024,3,RGB,JPEG,314419,1.0,True,flux.2-klein-9b,fake::flux.2-klein-9b,False,a09adf64a192ded8819df29f8790001d,252,979623.jpg,False,
OF000253,fake,midjourney-7,base,2025-04,True,748,896,1344,3,RGB,PNG,1449023,0.6666666666666666,True,midjourney-7,fake::midjourney-7,False,25eba0029444042896cd30b5625fb874,253,859553.jpg,False,
OF000254,fake,z-image-turbo,Base,2025-11-25,True,670,1024,1024,3,RGB,JPEG,220812,1.0,True,z-image-turbo,fake::z-image-turbo,False,aaddd9f64079b90e0e1eec2c917f13fd,254,1166254.jpg,False,
OF000255,real,imagenet,real,,True,726,461,500,3,RGB,JPEG,48929,0.922,True,imagenet,real::imagenet,False,358465bbe12c5b5efa4ac16eb14e00bc,255,n01695060_8474.JPEG,False,
OF000256,real,imagenet,real,,True,595,800,600,3,RGB,JPEG,160275,1.3333333333333333,True,imagenet,real::imagenet,False,e819ca85440dbaf003940118c7029d85,256,n01675722_9423.JPEG,False,
OF000257,fake,halfmoon-4-4-25,base,unknown,True,290,1248,832,3,RGB,PNG,1591831,1.5,True,halfmoon-4-4-25,fake::halfmoon-4-4-25,False,6a096c3c8d1270905d5966744daf157f,257,11939.jpg,False,
OF000261,real,docci,real,,True,742,1536,2048,3,RGB,JPEG,734481,0.75,True,docci,real::docci,False,b68d9da4faa7335d81cd10b467f300f0,261,test_03095.jpg,False,
OF000262,real,imagenet,real,,True,528,500,333,3,RGB,JPEG,60252,1.5015015015015014,True,imagenet,real::imagenet,False,94c67170649eaf679272869778f84303,262,n01531178_26097.JPEG,False,
OF000268,real,docci,real,,True,493,2048,1536,3,RGB,JPEG,753810,1.3333333333333333,True,docci,real::docci,False,e663c292d1d5e91610385960b559180b,268,train_09567.jpg,False,
OF000271,real,docci,real,,True,599,2048,1535,3,RGB,JPEG,305164,1.3342019543973942,True,docci,real::docci,False,19fd3186a313806e6df150617be47627,271,train_06173.jpg,False,
OF000274,real,imagenet,real,,True,489,500,357,3,RGB,JPEG,139641,1.4005602240896358,True,imagenet,real::imagenet,False,e95925b158b9718f6687d02f83e0c285,274,n01775062_4436.JPEG,False,
OF000275,real,imagenet,real,,True,266,500,375,3,RGB,JPEG,212793,1.3333333333333333,True,imagenet,real::imagenet,False,dda802445fbecec8f00e8a7d23e655f1,275,n01582220_6876.JPEG,False,
OF000276,real,docci,real,,True,545,2048,1536,3,RGB,JPEG,717528,1.3333333333333333,True,docci,real::docci,False,d2ed46cd5a6a787482ace72b0aff3210,276,train_03314.jpg,False,
OF000281,real,imagenet,real,,True,655,96,64,3,RGB,JPEG,2104,1.5,True,imagenet,real::imagenet,False,f03fd35b63efa6128481b1e950dae1c1,281,n01704323_8911.JPEG,False,
OF000284,fake,flux.2-klein-9b,Base,2026-01-14,True,781,1024,1024,3,RGB,JPEG,422201,1.0,True,flux.2-klein-9b,fake::flux.2-klein-9b,False,6e74d4001aa4537c7cb60c16727314bd,284,1120640.jpg,False,
OF000286,fake,veo-3,video,2026-03,True,278,720,1280,3,RGB,JPEG,233829,0.5625,True,veo-3,fake::veo-3,False,740c907166ab0655286a5455ee7f833b,286,0323049.jpg,False,
OF000287,real,imagenet,real,,True,543,360,236,3,RGB,JPEG,29416,1.5254237288135593,True,imagenet,real::imagenet,False,c9d611d803c34621f4da96b5b5642141,287,n01698640_10516.JPEG,False,
OF000289,real,imagenet,real,,True,653,500,400,3,RGB,JPEG,177272,1.25,True,imagenet,real::imagenet,False,1b338d608efe3b916695082e1990d3f3,289,n01784675_13196.JPEG,False,
OF000290,real,imagenet,real,,True,622,500,375,3,RGB,JPEG,151769,1.3333333333333333,True,imagenet,real::imagenet,False,a24a722df91b8474193e4e7826a03bb2,290,n01534433_19973.JPEG,False,
OF000291,real,imagenet,real,,True,591,500,375,3,RGB,JPEG,147774,1.3333333333333333,True,imagenet,real::imagenet,False,ff7a74e292652f406d7a48bba3d1be1a,291,n01632777_16546.JPEG,False,
OF000294,real,docci,real,,True,745,2122,1592,3,RGB,JPEG,580325,1.3329145728643217,True,docci,real::docci,False,f7388f5dce10569b305dcfe3e824dbcf,294,train_00547.jpg,False,
OF000296,fake,gpt-image-2,image,2026-04,True,62,1024,1536,3,RGB,JPEG,249887,0.6666666666666666,True,gpt-image-2,fake::gpt-image-2,False,3432c5dbdfe5bb4d1c3f62cce6f4143c,296,0003493.jpg,False,
OF000297,real,docci,real,,True,580,1536,2048,3,RGB,JPEG,679838,0.75,True,docci,real::docci,False,fd4fa122b27921ba6d51e7f143aae4ef,297,test_00165.jpg,False,
OF000299,fake,gpt-image-1.5,image,2025-12,True,448,2400,1792,3,RGB,JPEG,5035604,1.3392857142857142,True,gpt-image-1.5,fake::gpt-image-1.5,False,c965337532ad6ce551cff9b4898a75fb,299,0090835.jpg,False,
OF000300,fake,midjourney-7,base,2025-04,True,448,816,1456,3,RGB,PNG,1589296,0.5604395604395604,True,midjourney-7,fake::midjourney-7,False,42d4037b9a63f2dfecd54316ba469219,300,29750.jpg,False,
OF000301,real,docci,real,,True,357,2048,1536,3,RGB,JPEG,301953,1.3333333333333333,True,docci,real::docci,False,a057cd0ff62e1a314923ce6e66977116,301,test_00259.jpg,False,
OF000303,fake,illustrious,image,2025-02,True,653,2048,1280,3,RGB,PNG,3948786,1.6,True,illustrious,fake::illustrious,False,0c2883dd36c0647a4de335a4414e7673,303,0073166.jpg,False,
OF000306,fake,z-image-turbo,image,2025-12,True,1503,864,1344,3,RGB,PNG,1065743,0.6428571428571429,True,z-image-turbo,fake::z-image-turbo,False,1c9b04b74575187f2edcd8386567c3b7,306,0023601.jpg,False,
OF000307,fake,gpt-image-1.5,image,2025-12,True,421,1024,1536,3,RGB,PNG,3682107,0.6666666666666666,True,gpt-image-1.5,fake::gpt-image-1.5,False,001acc805bc70f937bcbc482e491d5d0,307,0033289.jpg,False,
OF000314,real,docci,real,,True,567,2048,1536,3,RGB,JPEG,613145,1.3333333333333333,True,docci,real::docci,False,3a6c32772d82f4ffc27e640c31ea489d,314,train_04493.jpg,False,
OF000316,real,imagenet,real,,True,519,480,640,3,RGB,JPEG,64287,0.75,True,imagenet,real::imagenet,False,eacebd5bba34548d8fd0eabee2d73932,316,n01818515_4449.JPEG,False,
OF000322,fake,illustrious,video,2026-03,True,635,784,1168,3,RGB,JPEG,221375,0.6712328767123288,True,illustrious,fake::illustrious,False,927c844e6ce1bb023802d3c2ef851c30,322,0185917.jpg,False,
OF000323,fake,midjourney-7,base,2025-04,True,833,1024,1024,3,RGB,PNG,1526387,1.0,True,midjourney-7,fake::midjourney-7,False,b364834ed8c6ee24a0f954a8cff4c833,323,57475.jpg,False,
OF000324,real,docci,real,,True,607,1536,2048,3,RGB,JPEG,958791,0.75,True,docci,real::docci,False,361d7851a791ea12b6134337027aa42a,324,train_04241.jpg,False,
OF000325,fake,midjourney-7,base,2025-04,True,611,1456,816,3,RGB,PNG,1348275,1.7843137254901962,True,midjourney-7,fake::midjourney-7,False,2f40970a543fcf2f590bf1058b8bdb1c,325,301326.jpg,False,
OF000329,real,imagenet,real,,True,591,500,377,3,RGB,JPEG,99554,1.326259946949602,True,imagenet,real::imagenet,False,27e001c0768d39e6e26bc4361b349458,329,n01632777_25255.JPEG,False,
OF000331,fake,veo-3,video,2026-01,True,47,720,1280,3,RGB,JPEG,315244,0.5625,True,veo-3,fake::veo-3,False,92bed8aeb5e0c5eb7ef92c9c9ac72f8c,331,0295843.jpg,False,
OF000337,fake,nano-banana-pro,image,2026-01,True,757,1696,2528,3,RGB,PNG,6562946,0.6708860759493671,True,nano-banana-pro,fake::nano-banana-pro,False,d00740cfdb942276762b0be10542aec3,337,0044253.jpg,False,
OF000345,real,imagenet,real,,True,725,500,328,3,RGB,JPEG,141656,1.524390243902439,True,imagenet,real::imagenet,False,469fcd39c6384a9a5e955a2b7aff60bf,345,n01735189_3176.JPEG,False,
OF000347,real,imagenet,real,,True,530,500,334,3,RGB,JPEG,143600,1.497005988023952,True,imagenet,real::imagenet,False,47f832a3965c61ab9abe96b2fb6fb36a,347,n01737021_13074.JPEG,False,
OF000349,real,imagenet,real,,True,704,500,375,3,RGB,JPEG,187943,1.3333333333333333,True,imagenet,real::imagenet,False,d698d19d36c722ad0bbe34756be9ad59,349,n01582220_11579.JPEG,False,
OF000350,fake,flux.2-klein-9b,Base,2026-01-14,True,501,1024,1024,3,RGB,JPEG,349815,1.0,True,flux.2-klein-9b,fake::flux.2-klein-9b,False,d49236c127984626fd18cccce13998bd,350,936282.jpg,False,
OF000352,real,docci,real,,True,588,2048,1536,3,RGB,JPEG,469142,1.3333333333333333,True,docci,real::docci,False,a0dc5bfe83e2447c5d866211c7fda58d,352,train_04125.jpg,False,
OF000353,fake,recraft-v2,base,unknown,True,270,1024,1024,3,RGB,PNG,1487060,1.0,True,recraft-v2,fake::recraft-v2,False,97874dd24885282e12a4bd9489806eef,353,23272.jpg,False,
OF000355,fake,veo-3,video,2025-09,True,731,1080,1920,3,RGB,JPEG,616123,0.5625,True,veo-3,fake::veo-3,False,b0d0aee49a1f747887297ae8ccd7de99,355,0302435.jpg,False,
OF000357,real,docci,real,,True,636,2048,1536,3,RGB,JPEG,593514,1.3333333333333333,True,docci,real::docci,False,ce03202d05f4ad98d6077347bae831c1,357,train_06637.jpg,False,
OF000359,fake,illustrious,image,2026-04,True,704,1248,1824,4,RGBA,PNG,3352251,0.6842105263157895,True,illustrious,fake::illustrious,False,365be0fe4d17be4538ab6f80cf1ac540,359,0055942.jpg,False,
OF000360,real,imagenet,real,,True,302,694,425,3,RGB,JPEG,153984,1.6329411764705883,True,imagenet,real::imagenet,False,ae32618563cb7c46cae32b9e6f794203,360,n01697457_5152.JPEG,False,
OF000364,real,docci,real,,True,755,3024,4032,3,RGB,JPEG,1762422,0.75,True,docci,real::docci,False,ba5fe7071ab91b638dc620fe5eec4f33,364,train_00504.jpg,False,
OF000367,real,docci,real,,True,503,2048,1536,3,RGB,JPEG,280838,1.3333333333333333,True,docci,real::docci,False,3ce104c2d67807f68d2495c56ac3c24a,367,test_01363.jpg,False,
OF000368,fake,flux.2-klein-9b,Base,2026-01-14,True,615,1024,1024,3,RGB,JPEG,329233,1.0,True,flux.2-klein-9b,fake::flux.2-klein-9b,False,116585b840c068aa2f4bb32fbfda9bc6,368,1072560.jpg,False,
OF000370,fake,gpt-image-1.5,image,2026-01,True,1445,4096,6144,3,RGB,JPEG,4014525,0.6666666666666666,True,gpt-image-1.5,fake::gpt-image-1.5,False,0835a2450b61e088a581c5e088a61c97,370,0049141.jpg,False,
OF000371,fake,sora-2,image,2025-05,True,543,1024,1536,3,RGB,JPEG,159107,0.6666666666666666,True,sora-2,fake::sora-2,False,df33076bf4dda603e04cb060ae6e093f,371,0019654.jpg,False,
OF000372,fake,gpt-image-1.5,image,2025-12,True,1308,1024,1536,3,RGB,PNG,3141910,0.6666666666666666,True,gpt-image-1.5,fake::gpt-image-1.5,False,4026da5be0d9d51d0c6a756cc137ea6d,372,0095717.jpg,False,
OF000378,fake,illustrious,image,2025-09,True,754,2688,3840,3,RGB,JPEG,2403897,0.7,True,illustrious,fake::illustrious,False,53319e6c001c14fd553f74b1368a75fb,378,0079868.jpg,False,
OF000386,real,imagenet,real,,True,527,500,500,3,RGB,JPEG,109658,1.0,True,imagenet,real::imagenet,False,cc126498aa55fef342bef8949d3ebb47,386,n01773549_7260.JPEG,False,
OF000387,fake,sora-2,video,2026-04,True,478,1440,1440,3,RGB,JPEG,561571,1.0,True,sora-2,fake::sora-2,False,f81fec1a5542543839ebc86cc6e50611,387,0237446.jpg,False,
OF000398,fake,recraft-v3,base,2024-10,True,713,600,800,3,RGB,JPEG,236730,0.75,True,recraft-v3,fake::recraft-v3,False,e004eeb9da1fd5ffdb73d7043429846b,398,20473.jpg,False,
OF000400,fake,veo-3,video,2025-12,True,738,1280,720,3,RGB,JPEG,209835,1.7777777777777777,True,veo-3,fake::veo-3,False,e13b97ce2d2f10d5f6569f5357d7c1a1,400,0263027.jpg,False,
OF000403,real,docci,real,,True,668,2048,1536,3,RGB,JPEG,325243,1.3333333333333333,True,docci,real::docci,False,00e5163b1536b94f235d741d8488eb8d,403,train_04713.jpg,False,
OF000404,real,imagenet,real,,True,548,500,375,3,RGB,JPEG,140546,1.3333333333333333,True,imagenet,real::imagenet,False,7fad2fc9dfb97ff9ee0fb5adaa533e35,404,n01817953_4870.JPEG,False,
OF000405,real,imagenet,real,,True,473,500,333,3,RGB,JPEG,146566,1.5015015015015014,True,imagenet,real::imagenet,False,4073c524a64608d4df9c8a2daa06123c,405,n01484850_18908.JPEG,False,
OF000406,real,imagenet,real,,True,528,500,387,3,RGB,JPEG,111035,1.2919896640826871,True,imagenet,real::imagenet,False,f10e94023e3e3d83bc64a7d0cadd43cd,406,n01773157_1605.JPEG,False,
OF000408,real,docci,real,,True,522,1634,2180,3,RGB,JPEG,559366,0.7495412844036697,True,docci,real::docci,False,093ddde36cfae2d887fde2b05ba2b9e5,408,test_04612.jpg,False,
OF000409,real,docci,real,,True,482,2048,1536,3,RGB,JPEG,255160,1.3333333333333333,True,docci,real::docci,False,218eb260812042ddf4e63aa8e7175d6b,409,train_03010.jpg,False,
OF000411,fake,flux.2-klein-9b,Base,2026-01-14,True,624,1024,1024,3,RGB,JPEG,284222,1.0,True,flux.2-klein-9b,fake::flux.2-klein-9b,False,b75799badd61da86fb2da71ae63cfbad,411,1124010.jpg,False,
OF000414,real,imagenet,real,,True,591,500,393,3,RGB,JPEG,132207,1.272264631043257,True,imagenet,real::imagenet,False,653ccfb8044664f283e70bf3538f3585,414,n01582220_2695.JPEG,False,
OF000415,real,docci,real,,True,629,2048,1535,3,RGB,JPEG,221990,1.3342019543973942,True,docci,real::docci,False,994d27d6e955031320a34d242a99acf9,415,train_03808.jpg,False,
OF000417,real,imagenet,real,,True,420,500,364,3,RGB,JPEG,77261,1.3736263736263736,True,imagenet,real::imagenet,False,397e3d232b4c6b2756ae17d7717baf3a,417,n01558993_3553.JPEG,False,
OF000419,real,docci,real,,True,522,2048,1536,3,RGB,JPEG,436572,1.3333333333333333,True,docci,real::docci,False,5807fe09d22e0a9ca5bb47bc8bfbe400,419,test_03711.jpg,False,
OF000420,real,imagenet,real,,True,596,703,815,3,RGB,JPEG,107719,0.8625766871165644,True,imagenet,real::imagenet,False,ad1ba7a1d996efc5a610dc9ef412be3a,420,n01807496_7267.JPEG,False,
OF000421,real,docci,real,,True,530,2048,1536,3,RGB,JPEG,613532,1.3333333333333333,True,docci,real::docci,False,a7ffc4778ff2d02a58d75f2a05350211,421,train_06536.jpg,False,
OF000427,fake,ernie-image,image,2026-04,True,609,768,1376,3,RGB,JPEG,125278,0.5581395348837209,True,ernie-image,fake::ernie-image,False,d336f8afc3f592c0bf64acfa4994b4bb,427,0068798.jpg,False,
OF000428,fake,sora-2,video,2026-03,True,617,720,1280,3,RGB,JPEG,218016,0.5625,True,sora-2,fake::sora-2,False,bbd6a2b77d5c919a11dfab2b0fbe330b,428,0247601.jpg,False,
OF000431,fake,lumina-17-2-25,base,unknown,True,46,1024,1024,3,RGB,PNG,1319055,1.0,True,lumina-17-2-25,fake::lumina-17-2-25,False,5b4e1345726915323793154146d576ab,431,14592.jpg,False,
OF000434,real,imagenet,real,,True,298,302,480,3,RGB,JPEG,41425,0.6291666666666667,True,imagenet,real::imagenet,False,3ed6536ab5a25812dded044d66a3b94a,434,n01807496_27164.JPEG,False,
OF000435,fake,illustrious,image,2026-04,True,175,832,1216,3,RGB,JPEG,145229,0.6842105263157895,True,illustrious,fake::illustrious,False,8b7aaf87b6252ce8571b129c960a292a,435,0091299.jpg,False,
OF000440,real,docci,real,,True,652,1535,2048,3,RGB,JPEG,419830,0.74951171875,True,docci,real::docci,False,83a49764f9854ab1c7185196338ac735,440,train_09023.jpg,False,
OF000445,fake,z-image-turbo,Base,2025-11-25,True,587,1024,1024,3,RGB,JPEG,160704,1.0,True,z-image-turbo,fake::z-image-turbo,False,55b843a1a7704049e4c848ee2858e265,445,1092243.jpg,False,
OF000450,real,imagenet,real,,True,577,500,375,3,RGB,JPEG,142152,1.3333333333333333,True,imagenet,real::imagenet,False,20ba3fa65ac48d3d36eeeec800d9435f,450,n01818515_7180.JPEG,False,
OF000453,real,docci,real,,True,571,2048,1536,3,RGB,JPEG,515685,1.3333333333333333,True,docci,real::docci,False,d2c16f18b049e833677f27e7a0d3bfc8,453,test_04735.jpg,False,
OF000454,real,imagenet,real,,True,665,500,333,3,RGB,JPEG,128643,1.5015015015015014,True,imagenet,real::imagenet,False,7398493a4880b16df638e893c8a0633b,454,n01687978_5695.JPEG,False,
OF000456,fake,flux.2-klein-9b,Base,2026-01-14,True,521,1024,1024,3,RGB,JPEG,547605,1.0,True,flux.2-klein-9b,fake::flux.2-klein-9b,False,c19edeb8a57c89293f884e57d94d6023,456,1112151.jpg,False,
OF000458,fake,midjourney-7,base,2025-04,True,509,816,1456,3,RGB,PNG,1652784,0.5604395604395604,True,midjourney-7,fake::midjourney-7,False,ee865c38c704143e014a49700f2a37e7,458,82826.jpg,False,
OF000459,real,imagenet,real,,True,759,500,296,3,RGB,JPEG,101300,1.6891891891891893,True,imagenet,real::imagenet,False,e8b56f943cce6568ce859d0b05e87456,459,n01494475_1057.JPEG,False,
OF000461,real,docci,real,,True,655,2048,1535,3,RGB,JPEG,246995,1.3342019543973942,True,docci,real::docci,False,ce1da77e3822bd568e0e3c1380616d65,461,train_01225.jpg,False,
OF000462,fake,midjourney-7,base,2025-04,True,652,1456,816,3,RGB,PNG,1577633,1.7843137254901962,True,midjourney-7,fake::midjourney-7,False,3533efcd10ca05cd4f0964cbdac0f6fa,462,349516.jpg,False,
OF000463,fake,veo-3,video,2025-09,True,868,1080,1920,3,RGB,JPEG,485549,0.5625,True,veo-3,fake::veo-3,False,70ee3f35eb2033bd9417890c92b739f1,463,0190857.jpg,False,
OF000466,real,imagenet,real,,True,508,487,350,3,RGB,JPEG,200550,1.3914285714285717,True,imagenet,real::imagenet,False,2843e563d5338059c5be2d87ba186dc3,466,n01770081_8913.JPEG,False,
OF000468,fake,z-image-turbo,Base,2025-11-25,True,623,1024,1024,3,RGB,JPEG,219693,1.0,True,z-image-turbo,fake::z-image-turbo,False,ee67f94d3a3d70e539c15fb8f5816ee7,468,1063612.jpg,False,
OF000470,real,imagenet,real,,True,689,500,334,3,RGB,JPEG,158380,1.497005988023952,True,imagenet,real::imagenet,False,2eadebe6b597acce673e3116aeb358d8,470,n01697457_1547.JPEG,False,
OF000472,fake,nano-banana-pro,video,2026-02,True,678,2352,3512,3,RGB,JPEG,1372786,0.6697038724373576,True,nano-banana-pro,fake::nano-banana-pro,False,8f2e6389064e9321d675b246ffab9dfc,472,0178620.jpg,False,
OF000476,real,imagenet,real,,True,607,640,275,3,RGB,JPEG,79908,2.327272727272727,True,imagenet,real::imagenet,False,29d35298ddcd43de02090ef3cb318da1,476,n01795545_16232.JPEG,False,
OF000479,real,imagenet,real,,True,547,500,386,3,RGB,JPEG,191239,1.2953367875647668,True,imagenet,real::imagenet,False,4a66967ccf2511d8e9515e6ac529939f,479,n01692333_3381.JPEG,False,
OF000481,fake,gpt-image-1.5,image,2026-04,True,70,1024,1536,3,RGB,PNG,2738700,0.6666666666666666,True,gpt-image-1.5,fake::gpt-image-1.5,False,5a1b62856383d60b446147dcfd5d805a,481,0091688.jpg,False,
OF000483,real,docci,real,,True,674,1536,2048,3,RGB,JPEG,300630,0.75,True,docci,real::docci,False,d294282c7f44d9dc6f99d30039502607,483,test_00280.jpg,False,
OF000485,real,imagenet,real,,True,325,500,375,3,RGB,JPEG,179423,1.3333333333333333,True,imagenet,real::imagenet,False,f2b09c5f667d0c7c20d40d671cdc731f,485,n01669191_2866.JPEG,False,
OF000487,real,imagenet,real,,True,556,500,325,3,RGB,JPEG,79665,1.5384615384615383,True,imagenet,real::imagenet,False,3533ea6ae3389f099b8464c736f9d9ec,487,n01728920_22202.JPEG,False,
OF000488,fake,gpt-image-1.5,image,2026-01,True,987,1536,1024,3,RGB,PNG,3103353,1.5,True,gpt-image-1.5,fake::gpt-image-1.5,False,8617b0b2d78c6967f2f87a4aa3404112,488,0064722.jpg,False,
OF000493,fake,z-image-turbo,Base,2025-11-25,True,691,1024,1024,3,RGB,JPEG,307198,1.0,True,z-image-turbo,fake::z-image-turbo,False,f1ac9046a04a315f82f4a0b09d480454,493,1098177.jpg,False,
OF000496,real,docci,real,,True,462,2048,1535,3,RGB,JPEG,278226,1.3342019543973942,True,docci,real::docci,False,b6261dd5f9a38fcd638b62f8f3d1d0c4,496,train_09374.jpg,False,
OF000497,real,docci,real,,True,563,4032,3024,3,RGB,JPEG,547319,1.3333333333333333,True,docci,real::docci,False,fed5da0b0bb3306c41848efebe133e05,497,train_09526.jpg,False,
OF000502,fake,veo-3,video,2026-03,True,615,1080,1920,3,RGB,JPEG,849096,0.5625,True,veo-3,fake::veo-3,False,d61ef5e2f869cc649d0e3993daa00bf1,502,0106906.jpg,False,
OF000514,real,docci,real,,True,527,2048,1536,3,RGB,JPEG,166237,1.3333333333333333,True,docci,real::docci,False,a8225c93df341aa45c21e2b19a5e6a79,514,train_01968.jpg,False,
OF000516,real,imagenet,real,,True,420,328,500,3,RGB,JPEG,72627,0.656,True,imagenet,real::imagenet,False,1bccb9b6a1b11ac20cb9b1c542e03d83,516,n01558993_1868.JPEG,False,
OF000518,fake,flux.2-klein-9b,Base,2026-01-14,True,621,1024,1024,3,RGB,JPEG,481831,1.0,True,flux.2-klein-9b,fake::flux.2-klein-9b,False,1f23fc00ecccc842a3d5486a5622a6ff,518,1146511.jpg,False,
OF000520,real,docci,real,,True,745,2048,1536,3,RGB,JPEG,517965,1.3333333333333333,True,docci,real::docci,False,d39ae5355fe9110e6f67701f29fcc2c6,520,train_08554.jpg,False,
OF000523,fake,frames-23-1-25,base,unknown,True,77,1920,1088,3,RGB,PNG,2390419,1.7647058823529411,True,frames-23-1-25,fake::frames-23-1-25,False,6f4c349282ea8102e4fdf236b431b441,523,44960.jpg,False,
OF000528,real,docci,real,,True,689,1536,2048,3,RGB,JPEG,310552,0.75,True,docci,real::docci,False,2dc3828977af3826de70acf3c23a218d,528,test_00938.jpg,False,
OF000531,fake,sora-2,video,2025-12,True,642,1280,720,3,RGB,JPEG,250354,1.7777777777777777,True,sora-2,fake::sora-2,False,a1ea79d9c6b3835f2197d0908786215a,531,0317257.jpg,False,
OF000534,fake,veo-3,video,2025-12,True,181,720,1280,3,RGB,JPEG,259761,0.5625,True,veo-3,fake::veo-3,False,7015ab8e977d36079170048cea951917,534,0319689.jpg,False,
OF000536,real,imagenet,real,,True,695,500,336,3,RGB,JPEG,90131,1.488095238095238,True,imagenet,real::imagenet,False,fb6aa61b26c78b553f6493bb8df9b231,536,n01514668_19465.JPEG,False,
OF000538,fake,illustrious,image,2026-04,True,326,832,1216,3,RGB,JPEG,115336,0.6842105263157895,True,illustrious,fake::illustrious,False,7a17a47c35aba6454b9d11cfc1c62f75,538,0016974.jpg,False,
OF000539,real,imagenet,real,,True,577,334,500,3,RGB,JPEG,100127,0.668,True,imagenet,real::imagenet,False,f4731d7d02b73442c7961ad5865fb514,539,n01704323_1762.JPEG,False,
OF000540,fake,midjourney-7,base,2025-04,True,651,1024,1024,3,RGB,PNG,1385516,1.0,True,midjourney-7,fake::midjourney-7,False,d7d7f003c90140bd81659c3f39115bfc,540,465894.jpg,False,
OF000544,fake,ideogram-2.0,base,unknown,True,31,1280,800,3,RGB,PNG,1260477,1.6,True,ideogram-2.0,fake::ideogram-2.0,False,19d5876165118c3ce7e90cb0ede09dcc,544,18241.jpg,False,
OF000545,fake,wan-video-2.5,video,2025-10,True,226,1190,1740,3,RGB,JPEG,290167,0.6839080459770115,True,wan-video-2.5,fake::wan-video-2.5,False,a888e35e3e26af35e9e593ff6f1dd726,545,0330443.jpg,False,
OF000546,fake,ernie-image,image,2026-04,True,687,1088,1920,3,RGB,PNG,3430995,0.5666666666666667,True,ernie-image,fake::ernie-image,False,25519dd7865b47faeb0125062736322f,546,0027211.jpg,False,
OF000547,real,docci,real,,True,670,2048,1536,3,RGB,JPEG,252287,1.3333333333333333,True,docci,real::docci,False,a8ee3a0b2c6e21b7e6a8c81af791106b,547,train_09188.jpg,False,
OF000548,real,imagenet,real,,True,793,800,544,3,RGB,JPEG,164028,1.4705882352941178,True,imagenet,real::imagenet,False,05701953e4f93431d8ca4ae038c4dc67,548,n01756291_14443.JPEG,False,
OF000555,real,imagenet,real,,True,322,333,500,3,RGB,JPEG,242722,0.666,True,imagenet,real::imagenet,False,c858ea7afae58b808b3c760a0b51563e,555,n01829413_194.JPEG,False,
OF000556,fake,midjourney-7,base,2025-04,True,671,1008,1184,3,RGB,PNG,1182204,0.8513513513513513,True,midjourney-7,fake::midjourney-7,False,23009f1f794f83e13fa6958db0c6fc06,556,565109.jpg,False,
OF000557,real,imagenet,real,,True,625,1024,640,3,RGB,JPEG,62472,1.6,True,imagenet,real::imagenet,False,ba18e593859f84d73572b9f6cd8adfa5,557,n01749939_7046.JPEG,False,
OF000559,fake,veo-3,video,2025-10,True,886,1920,1080,3,RGB,JPEG,894997,1.7777777777777777,True,veo-3,fake::veo-3,False,002bdc3d19cfbea3bd7aa55b76537de1,559,0225238.jpg,False,
OF000562,fake,midjourney-7,base,2025-04,True,631,1024,1024,3,RGB,PNG,1513746,1.0,True,midjourney-7,fake::midjourney-7,False,4ffa64b9250e53d393af3fce7ef8e2e9,562,146428.jpg,False,
OF000564,real,docci,real,,True,632,2048,1536,3,RGB,JPEG,468417,1.3333333333333333,True,docci,real::docci,False,2c5266850b385597496ee38c13199072,564,train_00551.jpg,False,
OF000569,real,docci,real,,True,649,1536,2048,3,RGB,JPEG,797466,0.75,True,docci,real::docci,False,5bcda6d529a580c44cdd473c6ad0d526,569,train_01547.jpg,False,
OF000571,real,imagenet,real,,True,462,500,333,3,RGB,JPEG,121532,1.5015015015015014,True,imagenet,real::imagenet,False,ef4689b7f9774c993cb5d86445f49b4f,571,n01531178_23644.JPEG,False,
OF000573,fake,ideogram-2.0,base,unknown,True,17,1280,800,3,RGB,PNG,1493342,1.6,True,ideogram-2.0,fake::ideogram-2.0,False,0c7396574813fbe34fd59d5f2bec957a,573,05711.jpg,False,
OF000575,fake,z-image-turbo,image,2026-03,True,755,864,1152,3,RGB,PNG,1663470,0.75,True,z-image-turbo,fake::z-image-turbo,False,83b4d334e5a22efb6b9c932ac71d404c,575,0016531.jpg,False,
OF000578,fake,veo-3,video,2025-09,True,1240,1080,1920,3,RGB,JPEG,489569,0.5625,True,veo-3,fake::veo-3,False,d127de5af30f29bbdd347efeaaebb9c6,578,0220010.jpg,False,
OF000579,fake,flux.2-klein-9b,Base,2026-01-14,True,635,1024,1024,3,RGB,JPEG,275083,1.0,True,flux.2-klein-9b,fake::flux.2-klein-9b,False,b7a8fe84f571d76c39fe7c44c98398c9,579,1162062.jpg,False,
OF000581,real,docci,real,,True,558,2048,1536,3,RGB,JPEG,884581,1.3333333333333333,True,docci,real::docci,False,7b83ba2b350d75a9823b78d9d6641eda,581,train_02118.jpg,False,
OF000587,real,docci,real,,True,827,1536,2048,3,RGB,JPEG,437683,0.75,True,docci,real::docci,False,e8ee073d7a01da7e27cd8081bdee6dfa,587,train_00034.jpg,False,
OF000590,real,docci,real,,True,483,2048,1535,3,RGB,JPEG,223324,1.3342019543973942,True,docci,real::docci,False,5060c2a36f31ee3e419b8406538daf99,590,test_03743.jpg,False,
OF000591,fake,midjourney-7,base,2025-04,True,576,1456,816,3,RGB,PNG,1280327,1.7843137254901962,True,midjourney-7,fake::midjourney-7,False,9b66df0f910e4cc2148ec777e29318f5,591,588612.jpg,False,
OF000592,fake,z-image-turbo,image,2025-11,True,80,1216,1600,3,RGB,PNG,2405536,0.76,True,z-image-turbo,fake::z-image-turbo,False,b2a60c36d10dd05f9ecfa82499e8f18a,592,0003429.jpg,False,
OF000594,real,docci,real,,True,617,2048,1536,3,RGB,JPEG,597636,1.3333333333333333,True,docci,real::docci,False,4c1d3ff79ed09a8bc5e23168946b08b5,594,test_02287.jpg,False,
OF000595,fake,illustrious,video,2026-03,True,170,480,640,3,RGB,JPEG,134362,0.75,True,illustrious,fake::illustrious,False,f926710bb635c4353a29964d0fe2f0ec,595,0321536.jpg,False,
OF000596,real,docci,real,,True,624,2048,1536,3,RGB,JPEG,625708,1.3333333333333333,True,docci,real::docci,False,d4944e264ba576ee4f86a0abcbd674c0,596,train_01421.jpg,False,
OF000597,real,imagenet,real,,True,645,500,332,3,RGB,JPEG,57881,1.5060240963855422,True,imagenet,real::imagenet,False,e545c8d8f60c444fd1c37ff5a9108738,597,n01484850_26572.JPEG,False,
OF000598,fake,z-image-turbo,Base,2025-11-25,True,604,1024,1024,3,RGB,JPEG,342807,1.0,True,z-image-turbo,fake::z-image-turbo,False,7aa93aa6b2dc1a9fa9ca637fa0f9008d,598,1087749.jpg,False,
OF000599,real,docci,real,,True,489,2048,1536,3,RGB,JPEG,740005,1.3333333333333333,True,docci,real::docci,False,92f9c5dc1f814196dc291bc293be5061,599,test_01810.jpg,False,
OF000600,real,docci,real,,True,589,2048,1536,3,RGB,JPEG,810943,1.3333333333333333,True,docci,real::docci,False,ad300c4bb26098fea69c6239b101205b,600,train_06965.jpg,False,
OF000602,real,imagenet,real,,True,364,500,400,3,RGB,JPEG,139743,1.25,True,imagenet,real::imagenet,False,f020f946c82d2ec2b3b54d25b12be344,602,n01537544_10638.JPEG,False,
OF000603,real,imagenet,real,,True,629,500,375,3,RGB,JPEG,110496,1.3333333333333333,True,imagenet,real::imagenet,False,eee535617afbefd0b62f82f9c4a82487,603,n01667114_4085.JPEG,False,
OF000605,real,imagenet,real,,True,379,500,375,3,RGB,JPEG,296322,1.3333333333333333,True,imagenet,real::imagenet,False,86c8f74d7d2be84a1c16bca73c456665,605,n01742172_1242.JPEG,False,
OF000606,fake,wan-video-2.5,video,2025-11,True,315,794,1160,3,RGB,JPEG,204582,0.6844827586206896,True,wan-video-2.5,fake::wan-video-2.5,False,456b7cb44d2c0a7b06db72dd404ac6d1,606,0334062.jpg,False,
OF000609,fake,illustrious,video,2026-04,True,3,784,1168,3,RGB,JPEG,194558,0.6712328767123288,True,illustrious,fake::illustrious,False,176dbc40943d56238609698c0cf661c2,609,0317062.jpg,False,
OF000611,fake,gpt-image-1.5,image,2026-01,True,1331,1024,1536,3,RGB,PNG,2981466,0.6666666666666666,True,gpt-image-1.5,fake::gpt-image-1.5,False,2c70f458b7798e8c63a1a097ed3437ac,611,0014056.jpg,False,
OF000612,real,imagenet,real,,True,254,500,375,3,RGB,JPEG,91283,1.3333333333333333,True,imagenet,real::imagenet,False,6a15d459f8753e0958a08feb57370bdb,612,n01560419_7418.JPEG,False,
OF000613,fake,veo-3,video,2026-02,True,47,1280,720,3,RGB,JPEG,269068,1.7777777777777777,True,veo-3,fake::veo-3,False,99c3fa0668a6ad7d0f188fb1a6a93c84,613,0122520.jpg,False,
OF000615,real,docci,real,,True,369,2048,1536,3,RGB,JPEG,81433,1.3333333333333333,True,docci,real::docci,False,12e3a26a7726ef07e7f08dcb139f6576,615,test_00368.jpg,False,
OF000616,fake,gpt-image-1.5,image,2026-01,True,471,1024,1536,3,RGB,JPEG,192155,0.6666666666666666,True,gpt-image-1.5,fake::gpt-image-1.5,False,42d55fba904f5d9564b9d1047c639f3a,616,0100160.jpg,False,
OF000617,fake,midjourney-7,base,2025-04,True,730,1232,928,3,RGB,PNG,1731576,1.3275862068965518,True,midjourney-7,fake::midjourney-7,False,fa7ab8bfc9a836255725842ff0bc94ee,617,10605.jpg,False,
OF000620,real,imagenet,real,,True,604,500,390,3,RGB,JPEG,141546,1.2820512820512822,True,imagenet,real::imagenet,False,c7daa38a1e9cbf0d61186d96c6a19930,620,n01532829_22390.JPEG,False,
OF000625,fake,illustrious,image,2026-04,True,185,1024,1024,3,RGB,JPEG,202370,1.0,True,illustrious,fake::illustrious,False,fa7d4b1dfc9e4a8ddb1eeea5b95407db,625,0039768.jpg,False,
OF000626,fake,midjourney-7,base,2025-04,True,548,1024,1024,3,RGB,PNG,1098433,1.0,True,midjourney-7,fake::midjourney-7,False,2abfc5b0b57744dd9ab0f714f476df30,626,609065.jpg,False,
OF000629,real,imagenet,real,,True,800,378,273,3,RGB,JPEG,32283,1.3846153846153846,True,imagenet,real::imagenet,False,d8463eb9116e39a41808285bb02c13ec,629,n01667114_2733.JPEG,False,
OF000630,fake,z-image-turbo,Base,2025-11-25,True,575,1024,1024,3,RGB,JPEG,269804,1.0,True,z-image-turbo,fake::z-image-turbo,False,60e31e92a70e707ac76100acf5d2ec29,630,975446.jpg,False,
OF000631,real,docci,real,,True,657,1535,2048,3,RGB,JPEG,658584,0.74951171875,True,docci,real::docci,False,55c7741667aa98164ee3f66fea16d8ba,631,train_00840.jpg,False,
OF000632,fake,illustrious,image,2026-04,True,617,832,1216,3,RGB,JPEG,196821,0.6842105263157895,True,illustrious,fake::illustrious,False,d6232f7fdfe3ad41216bc7cca7a905b5,632,0046058.jpg,False,
OF000636,fake,halfmoon-4-4-25,base,unknown,True,92,1360,768,3,RGB,PNG,1564446,1.7708333333333333,True,halfmoon-4-4-25,fake::halfmoon-4-4-25,False,7c54c40525b88463e31ec0b99f2ffd64,636,32825.jpg,False,
OF000643,real,imagenet,real,,True,621,500,369,3,RGB,JPEG,198537,1.3550135501355014,True,imagenet,real::imagenet,False,f0b6e2414d0d0d9f353933c3bd23aeab,643,n01582220_6994.JPEG,False,
OF000646,real,imagenet,real,,True,682,395,500,3,RGB,JPEG,115107,0.79,True,imagenet,real::imagenet,False,63ea46201421c8e762110350625d258c,646,n01698640_10349.JPEG,False,
OF000648,real,imagenet,real,,True,640,333,500,3,RGB,JPEG,90601,0.666,True,imagenet,real::imagenet,False,b3db3c6abff9021d18d62d1a6a7486d5,648,n01534433_938.JPEG,False,
OF000649,real,docci,real,,True,492,2048,1536,3,RGB,JPEG,781147,1.3333333333333333,True,docci,real::docci,False,e6db82a57ba147399cfce11a4127d740,649,train_09347.jpg,False,
OF000651,real,docci,real,,True,602,2048,1536,3,RGB,JPEG,782359,1.3333333333333333,True,docci,real::docci,False,0274fb67ec9dc117511cbd8998aac6da,651,test_01726.jpg,False,
OF000652,real,imagenet,real,,True,662,500,338,3,RGB,JPEG,39690,1.4792899408284024,True,imagenet,real::imagenet,False,3a7fcccfd1c5b61399ef6c6745e3ad01,652,n01796340_9627.JPEG,False,
OF000654,real,imagenet,real,,True,456,800,600,3,RGB,JPEG,88212,1.3333333333333333,True,imagenet,real::imagenet,False,7d014570779d3903f4479ce5acf4e9e0,654,n01514859_3530.JPEG,False,
OF000655,fake,seedream-v5.0,image,2026-03,True,1651,2560,1440,3,RGB,JPEG,407742,1.7777777777777777,True,seedream-v5.0,fake::seedream-v5.0,False,57cde3c9dfa9877f96c2bb0e21f72d60,655,0027266.jpg,False,
OF000656,real,imagenet,real,,True,660,500,375,3,RGB,JPEG,160332,1.3333333333333333,True,imagenet,real::imagenet,False,80d0d8130e254a8a0751f67b568b36e8,656,n01667114_15059.JPEG,False,
OF000658,real,docci,real,,True,476,2048,1536,3,RGB,JPEG,288137,1.3333333333333333,True,docci,real::docci,False,1e7f5266f53065ea9bd5aabaf623ede1,658,train_07169.jpg,False,
OF000662,fake,gpt-image-1.5,image,2026-02,True,120,1024,1536,3,RGB,JPEG,300655,0.6666666666666666,True,gpt-image-1.5,fake::gpt-image-1.5,False,aed9724c826391ad8ec3ad00333e43ae,662,0063398.jpg,False,
OF000663,fake,wan-video-2.5,video,2025-10,True,100,720,1280,3,RGB,JPEG,246422,0.5625,True,wan-video-2.5,fake::wan-video-2.5,False,a2986cf37b44173ce34cf47b2d78345c,663,0229048.jpg,False,
OF000666,fake,flux.2-klein-9b,Base,2026-01-14,True,404,1024,1024,3,RGB,JPEG,329768,1.0,True,flux.2-klein-9b,fake::flux.2-klein-9b,False,b0fed01bee1125aa684d1877b8954a23,666,1065778.jpg,False,
OF000669,fake,midjourney-7,base,2025-04,True,865,1024,1024,3,RGB,PNG,1393585,1.0,True,midjourney-7,fake::midjourney-7,False,87503d1d010be2b320af089e9f744ba9,669,509704.jpg,False,
OF000670,fake,gpt-image-1.5,image,2025-12,True,437,1024,1536,3,RGB,PNG,2554999,0.6666666666666666,True,gpt-image-1.5,fake::gpt-image-1.5,False,39b01f4997ad8e33c251c604025e4c75,670,0020969.jpg,False,
OF000673,fake,z-image-turbo,Base,2025-11-25,True,591,1024,1024,3,RGB,JPEG,199629,1.0,True,z-image-turbo,fake::z-image-turbo,False,1f48418b5a91f009170c96caba0fe4c5,673,1120609.jpg,False,
OF000678,fake,flux.2-klein-9b,Base,2026-01-14,True,793,1024,1024,3,RGB,JPEG,547251,1.0,True,flux.2-klein-9b,fake::flux.2-klein-9b,False,50bcb18f95a05585fbbbb02136539301,678,957666.jpg,False,
OF000682,real,docci,real,,True,562,2048,1535,3,RGB,JPEG,137974,1.3342019543973942,True,docci,real::docci,False,1c6da80417ddc6fdfdeb28948b2278d3,682,train_07615.jpg,False,
OF000685,real,docci,real,,True,640,1536,2048,3,RGB,JPEG,369109,0.75,True,docci,real::docci,False,1ecca35b21ebf2a42b4116b17d488435,685,train_08696.jpg,False,
OF000687,fake,halfmoon-4-4-25,base,unknown,True,151,1248,832,3,RGB,PNG,1384788,1.5,True,halfmoon-4-4-25,fake::halfmoon-4-4-25,False,1e9680ff44b19ab4b14d275b466bd6b6,687,03501.jpg,False,
OF000688,fake,illustrious,image,2026-04,True,253,1792,2304,3,RGB,PNG,4917229,0.7777777777777778,True,illustrious,fake::illustrious,False,cff548e6c3ed4ce911b7f9bb9455e74a,688,0063397.jpg,False,
OF000690,fake,midjourney-7,base,2025-04,True,639,1024,1024,3,RGB,PNG,1695757,1.0,True,midjourney-7,fake::midjourney-7,False,0c0cfe5407a11a21969ba7b88cda59a9,690,721843.jpg,False,
OF000692,fake,flux.2-klein-9b,Base,2026-01-14,True,736,1024,1024,3,RGB,JPEG,383959,1.0,True,flux.2-klein-9b,fake::flux.2-klein-9b,False,6b81f257bbf30cc0a26bf28e8b16379d,692,983539.jpg,False,
OF000701,fake,illustrious,image,2025-09,True,633,832,1216,3,RGB,JPEG,255039,0.6842105263157895,True,illustrious,fake::illustrious,False,3948731ab35c697ec3b63b965fd07c2c,701,0082489.jpg,False,
OF000703,real,imagenet,real,,True,569,500,337,3,RGB,JPEG,88557,1.483679525222552,True,imagenet,real::imagenet,False,16430da4df51ea174df5a6bc260c19ce,703,n01484850_19202.JPEG,False,
OF000704,fake,lumina-17-2-25,base,unknown,True,111,1024,1024,3,RGB,PNG,1669902,1.0,True,lumina-17-2-25,fake::lumina-17-2-25,False,59bfbee58b3dbd878ed0adef11bfa7ce,704,23263.jpg,False,
OF000705,fake,illustrious,image,2025-05,True,619,832,1216,4,RGBA,PNG,1427571,0.6842105263157895,True,illustrious,fake::illustrious,False,ef23b33ef78bffdd3dc757e58d642375,705,0051911.jpg,False,
OF000706,real,imagenet,real,,True,559,500,375,3,RGB,JPEG,104762,1.3333333333333333,True,imagenet,real::imagenet,False,59eb9b418f4c4d5abf533270e2ea00e9,706,n01698640_5043.JPEG,False,
OF000707,fake,flux.2-klein-9b,Base,2026-01-14,True,639,1024,1024,3,RGB,JPEG,420795,1.0,True,flux.2-klein-9b,fake::flux.2-klein-9b,False,29540d6b1829f613e0fb5024d4292bd5,707,959679.jpg,False,
OF000710,fake,gpt-image-2,image,2026-04,True,97,1024,1024,3,RGB,PNG,1419021,1.0,True,gpt-image-2,fake::gpt-image-2,False,0d97a62a87e6a3d851e12938ecf6b95e,710,0014208.jpg,False,
OF000711,real,imagenet,real,,True,257,428,363,3,RGB,JPEG,82756,1.1790633608815426,True,imagenet,real::imagenet,False,44f9aeed5103ca261a208cf12a418aff,711,n01807496_23541.JPEG,False,
OF000712,fake,midjourney-7,base,2025-04,True,698,1024,1024,3,RGB,PNG,1480746,1.0,True,midjourney-7,fake::midjourney-7,False,df1ace018daac7b8fc457b5c80ff2a8d,712,772599.jpg,False,
OF000713,fake,recraft-v2,base,unknown,True,120,1024,1024,3,RGB,PNG,1453770,1.0,True,recraft-v2,fake::recraft-v2,False,ff376195eeacd3b9a4113d820d6bb9df,713,23284.jpg,False,
OF000714,real,docci,real,,True,790,2048,1536,3,RGB,JPEG,845846,1.3333333333333333,True,docci,real::docci,False,146d44367f12815f168301bdcb990e4a,714,train_04306.jpg,False,
OF000715,fake,recraft-v3,base,2024-10,True,559,600,1000,3,RGB,JPEG,192636,0.6,True,recraft-v3,fake::recraft-v3,False,5b454cd218c69d41e4aa110bc19043bb,715,22608.jpg,False,
OF000719,fake,gpt-image-1.5,image,2026-02,True,653,900,1600,3,RGB,JPEG,1096736,0.5625,True,gpt-image-1.5,fake::gpt-image-1.5,False,785b7929606c1c54c454670c99694729,719,0053722.jpg,False,
OF000724,real,docci,real,,True,487,2180,1634,3,RGB,JPEG,791596,1.3341493268053854,True,docci,real::docci,False,a2fa9909cd5ac7d404f09971701a4b0b,724,test_01106.jpg,False,
OF000725,fake,flux.2-klein-9b,Base,2026-01-14,True,743,1024,1024,3,RGB,JPEG,692930,1.0,True,flux.2-klein-9b,fake::flux.2-klein-9b,False,454b06a86f1eb54ba0f4d094b1566e22,725,1170187.jpg,False,
OF000726,fake,aurora-20-1-25,base,unknown,True,47,1024,768,3,RGB,PNG,1623971,1.3333333333333333,True,aurora-20-1-25,fake::aurora-20-1-25,False,6e37e5d309f9db86df31badc69899e53,726,00588.jpg,False,
OF000730,real,imagenet,real,,True,662,500,359,3,RGB,JPEG,82984,1.392757660167131,True,imagenet,real::imagenet,False,13a20934528ef09e44182327cd46eb7d,730,n01622779_19740.JPEG,False,
OF000731,fake,illustrious,image,2025-04,True,446,1024,1024,3,RGB,JPEG,167998,1.0,True,illustrious,fake::illustrious,False,f1d8f02cc3f15924f0b22d2ad5b941c2,731,0017184.jpg,False,
OF000734,fake,wan-video-2.5,video,2025-10,True,337,522,764,3,RGB,JPEG,112514,0.6832460732984293,True,wan-video-2.5,fake::wan-video-2.5,False,91881de734be191d94752089ecaebc97,734,0191607.jpg,False,
OF000737,fake,illustrious,image,2025-10,True,690,1660,1956,3,RGB,WEBP,1593734,0.8486707566462167,True,illustrious,fake::illustrious,False,4968437284d8825cea67d5d3960b01cb,737,0033937.jpg,False,
OF000740,real,imagenet,real,,True,293,374,500,3,RGB,JPEG,90985,0.748,True,imagenet,real::imagenet,False,e7d6a33129faa4f3c002cc0a7b360af6,740,n01819313_5532.JPEG,False,
OF000741,fake,veo-3,video,2026-01,True,461,720,1280,3,RGB,JPEG,119701,0.5625,True,veo-3,fake::veo-3,False,3b9013e8c971a662f0117556837853fe,741,0345599.jpg,False,
OF000746,real,docci,real,,True,558,1536,2048,3,RGB,JPEG,237327,0.75,True,docci,real::docci,False,1d605dfbf2dc260949dbab87b82f7884,746,test_02991.jpg,False,
OF000748,fake,veo-3,video,2025-07,True,871,1280,720,3,RGB,JPEG,163680,1.7777777777777777,True,veo-3,fake::veo-3,False,68d2ab48a160ef3698db7930d5668940,748,0105889.jpg,False,
OF000752,real,imagenet,real,,True,771,900,600,3,RGB,JPEG,340196,1.5,True,imagenet,real::imagenet,False,04a065f92d0ab80c48107b77491889d0,752,n01669191_3481.JPEG,False,
OF000755,fake,seedream-v5.0,image,2026-03,True,1716,2560,1440,3,RGB,JPEG,466894,1.7777777777777777,True,seedream-v5.0,fake::seedream-v5.0,False,7b8812b78970b2180d5a704cd3ca2b8b,755,0073399.jpg,False,
OF000757,fake,gpt-image-1.5,video,2026-02,True,643,1176,784,3,RGB,JPEG,201854,1.5,True,gpt-image-1.5,fake::gpt-image-1.5,False,88663a830583dd19e4bc8a942bf49618,757,0234791.jpg,False,
OF000758,real,imagenet,real,,True,495,130,98,3,RGB,JPEG,4026,1.326530612244898,True,imagenet,real::imagenet,False,7a9c94ffe43fd53fb24c9e40049e83bf,758,n01744401_244.JPEG,False,
OF000760,fake,midjourney-7,base,2025-04,True,576,1456,816,3,RGB,PNG,1345751,1.7843137254901962,True,midjourney-7,fake::midjourney-7,False,287eb278d22d09d4c766c2ff316ac827,760,183168.jpg,False,
OF000761,fake,illustrious,image,2025-08,True,650,832,1216,3,RGB,JPEG,144903,0.6842105263157895,True,illustrious,fake::illustrious,False,647f6318d8169976f6118d5e6171e331,761,0091969.jpg,False,
OF000765,fake,aurora-20-1-25,base,unknown,True,290,1024,768,3,RGB,PNG,853316,1.3333333333333333,True,aurora-20-1-25,fake::aurora-20-1-25,False,db6173a277440b15c27dc29271a084cc,765,50517.jpg,False,
OF000770,fake,midjourney-7,base,2025-04,True,686,1344,896,3,RGB,PNG,1381471,1.5,True,midjourney-7,fake::midjourney-7,False,595b1f6d2080e9f245657a0486755c04,770,60414.jpg,False,
OF000773,fake,recraft-v3,base,2024-10,True,612,600,800,3,RGB,JPEG,120259,0.75,True,recraft-v3,fake::recraft-v3,False,fa86718b16b99afabf45ff495d60580d,773,54108.jpg,False,
OF000775,real,docci,real,,True,636,2048,1535,3,RGB,JPEG,524574,1.3342019543973942,True,docci,real::docci,False,23929e60d9c7e176491a360b95b12b8c,775,train_07337.jpg,False,
OF000776,fake,midjourney-7,base,2025-04,True,605,1344,896,3,RGB,PNG,1613006,1.5,True,midjourney-7,fake::midjourney-7,False,85797eb7282d8b551013af75094513ee,776,187065.jpg,False,
OF000778,fake,wan-video-2.5,video,2026-01,True,235,522,764,3,RGB,JPEG,191040,0.6832460732984293,True,wan-video-2.5,fake::wan-video-2.5,False,cd5c963d44732e6290d35976a211fd11,778,0146463.jpg,False,
OF000785,real,docci,real,,True,612,1600,1200,3,RGB,JPEG,718511,1.3333333333333333,True,docci,real::docci,False,c6309d47f90fe35e84760d804b6272f1,785,train_00573.jpg,False,
OF000787,real,imagenet,real,,True,672,420,585,3,RGB,JPEG,25109,0.717948717948718,True,imagenet,real::imagenet,False,47b85ab008f7a5fbd587811cafa16cc9,787,n01828970_6117.JPEG,False,
OF000793,real,imagenet,real,,True,550,386,500,3,RGB,JPEG,82365,0.772,True,imagenet,real::imagenet,False,d3ba0d6f283f633bb907baa5f98cec37,793,n01828970_2751.JPEG,False,
OF000794,fake,recraft-v3,base,2024-10,True,445,600,600,3,RGB,JPEG,137710,1.0,True,recraft-v3,fake::recraft-v3,False,e8c0aa9410a5f8140d42eb1b6d5c0487,794,16529.jpg,False,
OF000796,real,docci,real,,True,799,4032,3024,3,RGB,JPEG,1218983,1.3333333333333333,True,docci,real::docci,False,65160b01ffc993bfd7daaac3fcf7f836,796,train_07258.jpg,False,
OF000797,fake,sora-2,image,2025-06,True,515,1024,1536,3,RGB,JPEG,174329,0.6666666666666666,True,sora-2,fake::sora-2,False,d6041fdc33a2e47a63543e7111fc7c22,797,0036671.jpg,False,
OF000799,fake,flux.2-klein-9b,Base,2026-01-14,True,729,1024,1024,3,RGB,JPEG,365607,1.0,True,flux.2-klein-9b,fake::flux.2-klein-9b,False,c9f44a3247b1cc2e267b133c789375e6,799,1147613.jpg,False,
OF000800,fake,veo-3,video,2025-07,True,991,1280,720,3,RGB,JPEG,148456,1.7777777777777777,True,veo-3,fake::veo-3,False,19e94adfd3f78c95bf644b3e9445ed76,800,0214268.jpg,False,
OF000802,fake,gpt-image-1.5,image,2026-02,True,2404,1024,1536,3,RGB,PNG,3374241,0.6666666666666666,True,gpt-image-1.5,fake::gpt-image-1.5,False,3a3dfaebc80ba84b22182b539a65e0e8,802,0090907.jpg,False,
OF000808,real,imagenet,real,,True,319,500,344,3,RGB,JPEG,109364,1.4534883720930232,True,imagenet,real::imagenet,False,c1b55069b471198eee52ab4167b80753,808,n01592084_3155.JPEG,False,
OF000809,fake,z-image-turbo,Base,2025-11-25,True,601,1024,1024,3,RGB,JPEG,159154,1.0,True,z-image-turbo,fake::z-image-turbo,False,02a25c74ec8e284ab945752a9aca8c68,809,984984.jpg,False,
OF000810,fake,z-image-turbo,Base,2025-11-25,True,671,1024,1024,3,RGB,JPEG,400955,1.0,True,z-image-turbo,fake::z-image-turbo,False,bfdcccfb34a1cbeebbb303b48409abeb,810,1120420.jpg,False,
OF000814,real,imagenet,real,,True,605,700,467,3,RGB,JPEG,63304,1.4989293361884368,True,imagenet,real::imagenet,False,228ecc5142f7ba237255e89cd455beea,814,n01833805_484.JPEG,False,
OF000815,real,docci,real,,True,479,1536,2048,3,RGB,JPEG,678096,0.75,True,docci,real::docci,False,8540f0ca9bc2e7ebf7504c585db6447d,815,test_03179.jpg,False,
OF000817,real,imagenet,real,,True,546,500,375,3,RGB,JPEG,55756,1.3333333333333333,True,imagenet,real::imagenet,False,abcedc59a1828d85fceb7fdf4c0340cd,817,n01608432_10566.JPEG,False,
OF000818,fake,flux.2-klein-9b,Base,2026-01-14,True,616,1024,1024,3,RGB,JPEG,285867,1.0,True,flux.2-klein-9b,fake::flux.2-klein-9b,False,e2f0e75ccc46e4ac5119dd493db8873e,818,1119638.jpg,False,
OF000823,real,imagenet,real,,True,664,650,496,3,RGB,JPEG,272277,1.310483870967742,True,imagenet,real::imagenet,False,457a7a5653b3a2589a35dece9d715156,823,n01496331_25224.JPEG,False,
OF000825,real,imagenet,real,,True,542,500,375,3,RGB,JPEG,186175,1.3333333333333333,True,imagenet,real::imagenet,False,923b287f8dbafdde92f84b3f6d25d0a0,825,n01735189_13810.JPEG,False,
OF000830,real,docci,real,,True,371,1536,2048,3,RGB,JPEG,272193,0.75,True,docci,real::docci,False,6df128df4f7af44689a760c86de8e670,830,train_04046.jpg,False,
OF000831,fake,ernie-image,image,2026-04,True,1144,2560,3308,3,RGB,PNG,13112511,0.7738814993954051,True,ernie-image,fake::ernie-image,False,8374160320b4e11e201d14d1b136d9df,831,0011681.jpg,False,
OF000835,fake,sora-2,image,2025-05,True,698,1024,1536,3,RGB,JPEG,193844,0.6666666666666666,True,sora-2,fake::sora-2,False,608daee56370b4de850a73320ec574d0,835,0079969.jpg,False,
OF000836,fake,halfmoon-4-4-25,base,unknown,True,276,1360,768,3,RGB,PNG,1611355,1.7708333333333333,True,halfmoon-4-4-25,fake::halfmoon-4-4-25,False,3c1002a3c9a35c71bcc262225f1c0462,836,36747.jpg,False,
OF000838,fake,midjourney-7,base,2025-04,True,615,928,1232,3,RGB,PNG,1459736,0.7532467532467533,True,midjourney-7,fake::midjourney-7,False,f986c59ec3901078e1350fcddee9a2f3,838,919914.jpg,False,
OF000839,real,imagenet,real,,True,419,432,472,3,RGB,JPEG,25712,0.9152542372881356,True,imagenet,real::imagenet,False,e301ebef89caf7e331738690b95292cd,839,n01514668_8085.JPEG,False,
OF000840,fake,ernie-image-turbo,image,2026-04,True,327,1024,1024,3,RGB,JPEG,338709,1.0,True,ernie-image-turbo,fake::ernie-image-turbo,False,af5e00acc22d5dd6960f66f8899ee574,840,0054048.jpg,False,
OF000846,real,docci,real,,True,717,1536,2048,3,RGB,JPEG,601013,0.75,True,docci,real::docci,False,b1c130e1b8e360a5f57cff099d4658d7,846,train_00254.jpg,False,
OF000847,real,docci,real,,True,499,1536,2048,3,RGB,JPEG,397381,0.75,True,docci,real::docci,False,0dbc2b507abf77489b81ba64d78e3603,847,train_03859.jpg,False,
OF000852,fake,illustrious,image,2025-05,True,682,832,1216,3,RGB,JPEG,204014,0.6842105263157895,True,illustrious,fake::illustrious,False,fe5588dd46fd672788ec686c896a1089,852,0041302.jpg,False,
OF000854,fake,flux.2-klein-9b,Base,2026-01-14,True,562,1024,1024,3,RGB,JPEG,289866,1.0,True,flux.2-klein-9b,fake::flux.2-klein-9b,False,3dae2f7e44975c033b0bde66bc29808c,854,1070790.jpg,False,
OF000855,real,imagenet,real,,True,618,500,400,3,RGB,JPEG,156306,1.25,True,imagenet,real::imagenet,False,5106973566300522782ecbf2ee366a53,855,n01770393_3309.JPEG,False,
OF000857,fake,z-image-turbo,Base,2025-11-25,True,687,1024,1024,3,RGB,JPEG,329365,1.0,True,z-image-turbo,fake::z-image-turbo,False,8eb4af1137cda8d8fedd68705f041ace,857,1137471.jpg,False,
OF000860,real,docci,real,,True,584,1536,2048,3,RGB,JPEG,189749,0.75,True,docci,real::docci,False,7c6428ebeb6b65e7d7880d73793ba4a2,860,train_05317.jpg,False,
OF000861,real,imagenet,real,,True,370,375,500,3,RGB,JPEG,115718,0.75,True,imagenet,real::imagenet,False,104d56cce505bfb1033b8877fb4fe87c,861,n01688243_4023.JPEG,False,
OF000862,real,docci,real,,True,585,2048,1536,3,RGB,JPEG,507119,1.3333333333333333,True,docci,real::docci,False,4a88ab343331ccc214105160ad8a983e,862,test_02725.jpg,False,
OF000873,real,imagenet,real,,True,439,400,258,3,RGB,JPEG,165154,1.550387596899225,True,imagenet,real::imagenet,False,5f16fb31bc72e25853fcfd2da236741a,873,n01496331_8134.JPEG,False,
OF000874,real,docci,real,,True,553,2048,1536,3,RGB,JPEG,356751,1.3333333333333333,True,docci,real::docci,False,997754e8bc0a2732f8ee4c6db31a5797,874,train_06605.jpg,False,
OF000877,fake,veo-3,video,2025-12,True,46,480,854,3,RGB,JPEG,111199,0.5620608899297423,True,veo-3,fake::veo-3,False,60f0ab36ecc0b8ef767b1aecadf9b07e,877,0286329.jpg,False,
OF000879,real,imagenet,real,,True,477,500,333,3,RGB,JPEG,98639,1.5015015015015014,True,imagenet,real::imagenet,False,0c33b9b1f1ee6db9aa2f30c622ab63e0,879,n01531178_25679.JPEG,False,
OF000880,fake,gpt-image-1.5,image,2026-02,True,805,1536,1024,3,RGB,PNG,2760891,1.5,True,gpt-image-1.5,fake::gpt-image-1.5,False,1bbb0b5d270e6fdf3ddfbbd0d47af572,880,0060099.jpg,False,
OF000882,real,docci,real,,True,762,1535,2048,3,RGB,JPEG,442505,0.74951171875,True,docci,real::docci,False,bf158f1d1c0c9ade09db45d6e074f49a,882,train_00404.jpg,False,
OF000883,real,imagenet,real,,True,680,500,375,3,RGB,JPEG,148440,1.3333333333333333,True,imagenet,real::imagenet,False,9689081f3a0ae8a984d00d7b23ae5b85,883,n01664065_19698.JPEG,False,
OF000885,fake,flux.2-klein-9b,image,2026-04,True,38,1632,2448,3,RGB,PNG,5627467,0.6666666666666666,True,flux.2-klein-9b,fake::flux.2-klein-9b,False,f3fd00d776dd4081b2646b2ce353c425,885,0061570.jpg,False,
OF000888,real,docci,real,,True,619,4032,3024,3,RGB,JPEG,1146628,1.3333333333333333,True,docci,real::docci,False,f0ddc2ef6f5e94fe0fa83dbd9930b04c,888,train_06888.jpg,False,
OF000892,fake,ernie-image-turbo,image,2026-04,True,89,848,1264,3,RGB,JPEG,394813,0.6708860759493671,True,ernie-image-turbo,fake::ernie-image-turbo,False,3af9278dab99c6671e9a0fba72c7eb8c,892,0007505.jpg,False,
OF000893,real,docci,real,,True,708,1535,2048,3,RGB,JPEG,611160,0.74951171875,True,docci,real::docci,False,6c061f83874f9ed70e74488082bfc8c2,893,train_03037.jpg,False,
OF000898,real,docci,real,,True,739,1536,2048,3,RGB,JPEG,867865,0.75,True,docci,real::docci,False,7ccce8bc3d33f185beaa38d8f1649f1d,898,train_02364.jpg,False,
OF000900,fake,veo-3,video,2025-07,True,188,1280,720,3,RGB,JPEG,118022,1.7777777777777777,True,veo-3,fake::veo-3,False,6e429e47f97a7775ff7ba934c55c1635,900,0223075.jpg,False,
OF000902,real,imagenet,real,,True,714,421,500,3,RGB,JPEG,212717,0.842,True,imagenet,real::imagenet,False,1af0f94f60afcf6c6f35a593005245c6,902,n01828970_2791.JPEG,False,
OF000906,fake,illustrious,image,2025-04,True,670,1024,1536,3,RGB,PNG,2518081,0.6666666666666666,True,illustrious,fake::illustrious,False,c825117ae75967ffbe5ac88081e5c61b,906,0029258.jpg,False,
OF000907,real,imagenet,real,,True,401,500,375,3,RGB,JPEG,133316,1.3333333333333333,True,imagenet,real::imagenet,False,190d6c457fd5819d6e58e401639b37c2,907,n01498041_5454.JPEG,False,
OF000908,real,docci,real,,True,771,2048,1535,3,RGB,JPEG,859114,1.3342019543973942,True,docci,real::docci,False,33e10f81812e22900bb26b86e0503a8f,908,test_00628.jpg,False,
OF000910,real,docci,real,,True,704,2048,1536,3,RGB,JPEG,322769,1.3333333333333333,True,docci,real::docci,False,c5b5ed02d96552d2b0bbb66f6df4e9e2,910,train_07387.jpg,False,
OF000912,fake,z-image-turbo,image,2026-01,True,579,1328,1944,3,RGB,JPEG,1091941,0.6831275720164609,True,z-image-turbo,fake::z-image-turbo,False,4ef28e4dd379857672001a36edc72419,912,0053553.jpg,False,
OF000916,fake,z-image-turbo,video,2025-11,True,564,560,560,3,RGB,JPEG,155573,1.0,True,z-image-turbo,fake::z-image-turbo,False,d36e576ca57f57f5d93705a11a4b0c57,916,0212889.jpg,False,
OF000919,fake,recraft-v3,base,2024-10,True,537,600,600,3,RGB,JPEG,134970,1.0,True,recraft-v3,fake::recraft-v3,False,a972bd253419ae1ed2154807f765e891,919,02748.jpg,False,
OF000921,real,imagenet,real,,True,583,500,375,3,RGB,JPEG,26777,1.3333333333333333,True,imagenet,real::imagenet,False,2a22315d511122a48b61b364a2a4dd17,921,n01440764_6157.JPEG,False,
OF000923,fake,z-image-turbo,video,2026-03,True,557,928,1376,3,RGB,JPEG,406454,0.6744186046511628,True,z-image-turbo,fake::z-image-turbo,False,b7ea2ee68f17daee8f34d9ebdfe5955d,923,0154941.jpg,False,
OF000924,real,docci,real,,True,814,2048,1536,3,RGB,JPEG,300382,1.3333333333333333,True,docci,real::docci,False,00dd78889e35b41cf5bba46ffd387e8d,924,test_02246.jpg,False,
OF000925,real,docci,real,,True,746,4032,3024,3,RGB,JPEG,1413676,1.3333333333333333,True,docci,real::docci,False,fc7f84f21199908be7f99dc078d313e1,925,test_02063.jpg,False,
OF000926,real,docci,real,,True,689,2048,1536,3,RGB,JPEG,429864,1.3333333333333333,True,docci,real::docci,False,d65df7a402f6f493433675b8f9230109,926,test_03004.jpg,False,
OF000932,real,imagenet,real,,True,580,500,400,3,RGB,JPEG,204453,1.25,True,imagenet,real::imagenet,False,db323be8a1d846c4f988c483560daa19,932,n01537544_15233.JPEG,False,
OF000935,fake,z-image-turbo,Base,2025-11-25,True,653,1024,1024,3,RGB,JPEG,312562,1.0,True,z-image-turbo,fake::z-image-turbo,False,010a3c51ae4b2b65505d9605a1f1a876,935,1155584.jpg,False,
OF000936,real,imagenet,real,,True,538,350,350,3,RGB,JPEG,45231,1.0,True,imagenet,real::imagenet,False,dbdedeb4abafdeabc5421ee13df4106c,936,n01795545_9171.JPEG,False,
OF000938,real,docci,real,,True,431,2048,1536,3,RGB,JPEG,535507,1.3333333333333333,True,docci,real::docci,False,0100e4a7d891181227d028e64a9d3362,938,train_05470.jpg,False,
OF000941,fake,z-image-turbo,Base,2025-11-25,True,728,1024,1024,3,RGB,JPEG,142376,1.0,True,z-image-turbo,fake::z-image-turbo,False,2e2fd51f47ad7739f4337f45033eb980,941,951324.jpg,False,
OF000943,fake,veo-3,video,2025-12,True,139,720,1280,3,RGB,JPEG,223825,0.5625,True,veo-3,fake::veo-3,False,87883d6f853dba590f61b6cfbd85ac6c,943,0163838.jpg,False,
OF000944,fake,aurora-20-1-25,base,unknown,True,195,1024,768,3,RGB,PNG,890687,1.3333333333333333,True,aurora-20-1-25,fake::aurora-20-1-25,False,258ca0b1a7a907a14fb35d980241a02b,944,45034.jpg,False,
OF000946,real,imagenet,real,,True,552,360,270,3,RGB,JPEG,32680,1.3333333333333333,True,imagenet,real::imagenet,False,8a3f662f536242334a9e641b2e57aa49,946,n01665541_6389.JPEG,False,
OF000947,real,imagenet,real,,True,666,1280,960,3,RGB,JPEG,265715,1.3333333333333333,True,imagenet,real::imagenet,False,8cca7337e26d741df5303ee81a426a00,947,n01675722_1616.JPEG,False,
OF000948,real,docci,real,,True,665,1536,2048,3,RGB,JPEG,482970,0.75,True,docci,real::docci,False,7fb5ce17cc7aa2bf92b453f927980ce8,948,train_04210.jpg,False,
OF000951,real,docci,real,,True,622,1634,2180,3,RGB,JPEG,375653,0.7495412844036697,True,docci,real::docci,False,8280df82819734a88c77a81e5f377287,951,train_07200.jpg,False,
OF000952,fake,sora-2,image,2025-05,True,778,1536,1024,3,RGB,PNG,2766942,1.5,True,sora-2,fake::sora-2,False,fe81eba3d850fd41463731ed791d991d,952,0025858.jpg,False,
OF000954,real,imagenet,real,,True,548,500,333,3,RGB,JPEG,122899,1.5015015015015014,True,imagenet,real::imagenet,False,3f8d5c6256208069087a00205db4029a,954,n01632458_5018.JPEG,False,
OF000959,real,imagenet,real,,True,446,400,500,3,RGB,JPEG,122719,0.8,True,imagenet,real::imagenet,False,af64364b87c1acbaf873a3e3e8269aaf,959,n01531178_8619.JPEG,False,
OF000967,fake,wan-video-2.5,video,2026-01,True,351,522,764,3,RGB,JPEG,175835,0.6832460732984293,True,wan-video-2.5,fake::wan-video-2.5,False,46427375f162d2a2fd2001301a1e490c,967,0177098.jpg,False,
OF000969,real,docci,real,,True,558,2048,1536,3,RGB,JPEG,659272,1.3333333333333333,True,docci,real::docci,False,303bdb83a57edf84e78f9e5c504f6b0f,969,train_00668.jpg,False,
OF000970,fake,sora-2,image,2025-05,True,634,1024,1536,3,RGB,JPEG,174531,0.6666666666666666,True,sora-2,fake::sora-2,False,6bfe0e20282060da99d6c63e59d03be8,970,0014127.jpg,False,
OF000976,real,imagenet,real,,True,645,500,332,3,RGB,JPEG,118156,1.5060240963855422,True,imagenet,real::imagenet,False,c2848d5349a68c16000a528153bc4e04,976,n01755581_15475.JPEG,False,
OF000977,fake,z-image-turbo,Base,2025-11-25,True,739,1024,1024,3,RGB,JPEG,263907,1.0,True,z-image-turbo,fake::z-image-turbo,False,4514531b96f6541a367523f6ed54119e,977,1167393.jpg,False,
OF000981,real,docci,real,,True,490,1200,1600,3,RGB,JPEG,321866,0.75,True,docci,real::docci,False,79cdb692d1aacec6838d41932a12cd37,981,train_04481.jpg,False,
OF000982,real,docci,real,,True,612,4032,3024,3,RGB,JPEG,871324,1.3333333333333333,True,docci,real::docci,False,be094048c1a3b227d2cd267e7530f7c9,982,train_04753.jpg,False,
OF000985,real,imagenet,real,,True,637,500,333,3,RGB,JPEG,171138,1.5015015015015014,True,imagenet,real::imagenet,False,d85e6a40eed658b8e42282190db2cf53,985,n01667778_2022.JPEG,False,
OF000986,real,imagenet,real,,True,608,780,325,3,RGB,JPEG,91650,2.4,True,imagenet,real::imagenet,False,5d768dafe592f730b35910e7e0c636e1,986,n01685808_3772.JPEG,False,
OF000989,real,imagenet,real,,True,622,556,366,3,RGB,JPEG,64491,1.5191256830601092,True,imagenet,real::imagenet,False,dd3bc0f5b425b059903cce094d5ea85e,989,n01631663_2945.JPEG,False,
OF000990,fake,gpt-image-1.5,image,2025-12,True,296,1024,1536,3,RGB,PNG,2540304,0.6666666666666666,True,gpt-image-1.5,fake::gpt-image-1.5,False,968b71a476156f3efa68569aa8772bf4,990,0053439.jpg,False,
OF000992,fake,wan-video-2.5,video,2026-01,True,1407,720,1280,3,RGB,JPEG,191023,0.5625,True,wan-video-2.5,fake::wan-video-2.5,False,7aab9d04dbbb755774bffc8727228d20,992,0130967.jpg,False,
OF000993,real,imagenet,real,,True,575,500,333,3,RGB,JPEG,125333,1.5015015015015014,True,imagenet,real::imagenet,False,13f48041f01d37e7c06f1f3d95db462e,993,n01770081_5672.JPEG,False,
OF000995,real,imagenet,real,,True,645,455,500,3,RGB,JPEG,88577,0.91,True,imagenet,real::imagenet,False,c9b8522d48770fdd58e191a6fb85c08d,995,n01580077_2506.JPEG,False,
OF000996,real,docci,real,,True,627,2048,1536,3,RGB,JPEG,827996,1.3333333333333333,True,docci,real::docci,False,d6f494af598d3329f8111f8f5ecaefa8,996,test_02630.jpg,False,
OF000997,real,imagenet,real,,True,531,500,409,3,RGB,JPEG,145482,1.2224938875305624,True,imagenet,real::imagenet,False,2e71e8fde537fd07a9dc0ec5a244ab4d,997,n01632458_1368.JPEG,False,
OF000999,real,imagenet,real,,True,688,500,375,3,RGB,JPEG,195282,1.3333333333333333,True,imagenet,real::imagenet,False,3e674ce1964814c42112f9d3c77b71c6,999,n01698640_2865.JPEG,False,
OF001000,real,imagenet,real,,True,706,500,340,3,RGB,JPEG,76743,1.4705882352941178,True,imagenet,real::imagenet,False,ccf7e120452fe601806282f01eb0aabe,1000,n01751748_11710.JPEG,False,
OF001001,fake,wan-video-2.5,video,2025-10,True,304,528,754,3,RGB,JPEG,144968,0.7002652519893899,True,wan-video-2.5,fake::wan-video-2.5,False,68f68d192e2ddca9fd02544ad4ca8c05,1001,0126753.jpg,False,
OF001006,real,docci,real,,True,256,2048,1536,3,RGB,JPEG,337387,1.3333333333333333,True,docci,real::docci,False,6eb99ce58a8e5b97f928cc69e2b80e26,1006,train_04414.jpg,False,
OF001008,real,docci,real,,True,693,2048,1536,3,RGB,JPEG,720151,1.3333333333333333,True,docci,real::docci,False,d8071b1cf9439c42f3124352aecabf3a,1008,train_02610.jpg,False,
OF001010,real,imagenet,real,,True,470,500,375,3,RGB,JPEG,206939,1.3333333333333333,True,imagenet,real::imagenet,False,ab33156d0672a6f0153f2cd7d7769487,1010,n01514859_8698.JPEG,False,
OF001011,fake,ernie-image-turbo,image,2026-04,True,693,896,1168,3,RGB,PNG,1962845,0.7671232876712328,True,ernie-image-turbo,fake::ernie-image-turbo,False,883b568f7fccd503296f9a57b7de9602,1011,0051784.jpg,False,
OF001012,real,imagenet,real,,True,409,500,279,3,RGB,JPEG,95355,1.7921146953405018,True,imagenet,real::imagenet,False,488a2d325fd5d3a9f10fbe68d1240926,1012,n01770393_7833.JPEG,False,
OF001016,fake,z-image-turbo,video,2026-03,True,514,512,768,3,RGB,JPEG,176662,0.6666666666666666,True,z-image-turbo,fake::z-image-turbo,False,14e46c23c51a1d8a0faf92f268802830,1016,0144275.jpg,False,
OF001017,fake,recraft-v3,base,2024-10,True,573,600,600,3,RGB,JPEG,136202,1.0,True,recraft-v3,fake::recraft-v3,False,1033c1bd2976d8d6d6f9984794db7137,1017,14062.jpg,False,
OF001022,fake,wan-video-2.5,video,2025-10,True,436,1344,1856,3,RGB,JPEG,471901,0.7241379310344828,True,wan-video-2.5,fake::wan-video-2.5,False,a84e50688bb1424bddb9cc83379361c8,1022,0321958.jpg,False,
OF001025,real,docci,real,,True,503,360,480,3,RGB,JPEG,33481,0.75,True,docci,real::docci,False,cd56b62b0025d12522a98e65da6edb76,1025,train_00384.jpg,False,
OF001027,fake,illustrious,image,2025-09,True,564,1248,1824,3,RGB,PNG,3116876,0.6842105263157895,True,illustrious,fake::illustrious,False,02acd0cf3ea891b040ef43393a9c2f18,1027,0038047.jpg,False,
OF001031,fake,flux.2-klein-9b,Base,2026-01-14,True,601,1024,1024,3,RGB,JPEG,594404,1.0,True,flux.2-klein-9b,fake::flux.2-klein-9b,False,0c8fe28040e70f3fb87a0bc8e080acd7,1031,1119970.jpg,False,
OF001035,real,imagenet,real,,True,504,500,375,3,RGB,JPEG,213390,1.3333333333333333,True,imagenet,real::imagenet,False,4928f602388760b7a9c2ad7e53d39ac3,1035,n01514859_10417.JPEG,False,
OF001036,real,docci,real,,True,582,480,360,3,RGB,JPEG,31725,1.3333333333333333,True,docci,real::docci,False,2b3f13518d504e549f2a8e731f32c690,1036,train_06563.jpg,False,
OF001040,real,docci,real,,True,597,1536,2048,3,RGB,JPEG,228931,0.75,True,docci,real::docci,False,3500e9f31e3778bc2d624e69600bff33,1040,train_00261.jpg,False,
OF001044,real,docci,real,,True,569,1536,2048,3,RGB,JPEG,134229,0.75,True,docci,real::docci,False,0417e2a12ae483ee4d3dd195948aa1b0,1044,test_03173.jpg,False,
OF001046,real,docci,real,,True,592,2048,1536,3,RGB,JPEG,884766,1.3333333333333333,True,docci,real::docci,False,39c1a0cb542f4b201f4ae008ed6ca4b8,1046,train_06281.jpg,False,
OF001048,real,imagenet,real,,True,589,500,333,3,RGB,JPEG,134819,1.5015015015015014,True,imagenet,real::imagenet,False,2bc368074c86c2aef4bdcb3410b13419,1048,n01740131_10305.JPEG,False,
OF001050,real,imagenet,real,,True,472,500,278,3,RGB,JPEG,85080,1.7985611510791366,True,imagenet,real::imagenet,False,bb1da1093add3290041f70cd0e8827a7,1050,n01756291_20709.JPEG,False,
OF001051,real,imagenet,real,,True,446,160,260,3,RGB,JPEG,38013,0.6153846153846154,True,imagenet,real::imagenet,False,8933003db26e8b940accdf7a01e64e50,1051,n01843065_2226.JPEG,False,
OF001053,fake,gpt-image-2,image,2026-04,True,896,1024,1536,3,RGB,JPEG,287411,0.6666666666666666,True,gpt-image-2,fake::gpt-image-2,False,8c2f48d69ae7d606b34d6a3bad9230f7,1053,0067424.jpg,False,
OF001060,fake,frames-23-1-25,base,unknown,True,46,1920,1088,3,RGB,PNG,1862732,1.7647058823529411,True,frames-23-1-25,fake::frames-23-1-25,False,8b08f7cfbb4f5cb60c917e41a988e5f7,1060,02230.jpg,False,
OF001064,fake,wan-video-2.5,video,2025-10,True,108,632,632,3,RGB,JPEG,137900,1.0,True,wan-video-2.5,fake::wan-video-2.5,False,bf49256927099eef3d52239ce290472f,1064,0290635.jpg,False,
OF001068,fake,veo-3,video,2026-03,True,434,1080,1920,3,RGB,JPEG,700608,0.5625,True,veo-3,fake::veo-3,False,ffa8aa83384ead841dcb160f06be7c85,1068,0113578.jpg,False,
OF001069,real,imagenet,real,,True,559,500,375,3,RGB,JPEG,24313,1.3333333333333333,True,imagenet,real::imagenet,False,3e1f0e2b949e1dbb911e723c59e1cda0,1069,n01729977_4868.JPEG,False,
OF001071,fake,illustrious,image,2026-04,True,400,832,1216,3,RGB,JPEG,193697,0.6842105263157895,True,illustrious,fake::illustrious,False,147d957e514efa0df9d65e44e73d654b,1071,0050084.jpg,False,
OF001073,fake,ernie-image-turbo,image,2026-04,True,1260,1024,1024,3,RGB,JPEG,185205,1.0,True,ernie-image-turbo,fake::ernie-image-turbo,False,eb3a769335a0784de1a0e090e743f7c9,1073,0074722.jpg,False,
OF001074,fake,ernie-image-turbo,image,2026-04,True,207,1024,1536,3,RGB,JPEG,369946,0.6666666666666666,True,ernie-image-turbo,fake::ernie-image-turbo,False,da83b3ed7a523d49f7abd1476de11d12,1074,0091191.jpg,False,
OF001079,fake,z-image-turbo,image,2025-12,True,937,832,1248,3,RGB,PNG,1309731,0.6666666666666666,True,z-image-turbo,fake::z-image-turbo,False,12ccec3193aade92f5ebbb8e8e48ae5f,1079,0037602.jpg,False,
OF001080,real,imagenet,real,,True,452,500,497,3,RGB,JPEG,97087,1.0060362173038229,True,imagenet,real::imagenet,False,54e497b2188f65100f9999487a4a027a,1080,n01614925_3769.JPEG,False,
OF001084,real,docci,real,,True,587,2048,1536,3,RGB,JPEG,177443,1.3333333333333333,True,docci,real::docci,False,d61a1b8354fcc930914cd1a2aab29a11,1084,train_00468.jpg,False,
OF001086,real,docci,real,,True,469,4032,3024,3,RGB,JPEG,939552,1.3333333333333333,True,docci,real::docci,False,7c0329f30b7d2c6a8e5d78800ac8f1d8,1086,train_01205.jpg,False,
OF001088,fake,ernie-image,image,2026-04,True,358,2176,3104,3,RGB,PNG,11466312,0.7010309278350515,True,ernie-image,fake::ernie-image,False,4b6aa5f3abf47e5c02849f7ecaadde9e,1088,0089851.jpg,False,
OF001093,fake,gpt-image-1.5,image,2026-02,True,637,1024,1024,3,RGB,WEBP,86126,1.0,True,gpt-image-1.5,fake::gpt-image-1.5,False,2ec8ec8fca9b4d9524b69c316230c50d,1093,0031641.jpg,False,
OF001095,fake,seedream-v5.0,image,2026-03,True,1716,2560,1440,3,RGB,JPEG,442041,1.7777777777777777,True,seedream-v5.0,fake::seedream-v5.0,False,ddb3c8e393e112449e19cae3f8cf5b2c,1095,0073227.jpg,False,
OF001099,real,imagenet,real,,True,435,500,357,3,RGB,JPEG,222833,1.4005602240896358,True,imagenet,real::imagenet,False,91d0e29967550379d847b6bbfe3bfe05,1099,n01530575_4309.JPEG,False,
OF001100,fake,midjourney-7,base,2025-04,True,663,1344,896,3,RGB,PNG,1921496,1.5,True,midjourney-7,fake::midjourney-7,False,da5b8bd6ed11965ef9c987f3794e4414,1100,452531.jpg,False,
OF001102,fake,flux.2-klein-9b,Base,2026-01-14,True,781,1024,1024,3,RGB,JPEG,503744,1.0,True,flux.2-klein-9b,fake::flux.2-klein-9b,False,5c9482f9b8a7f29f47f39aed9c72977a,1102,1053154.jpg,False,
OF001105,real,imagenet,real,,True,460,500,368,3,RGB,JPEG,70506,1.358695652173913,True,imagenet,real::imagenet,False,258261519a37d63438aae86b6a3f2603,1105,n01580077_11361.JPEG,False,
OF001109,fake,illustrious,image,2025-07,True,621,896,1152,3,RGB,PNG,1296051,0.7777777777777778,True,illustrious,fake::illustrious,False,5ee7055811eba88053ccd4b1861ddef2,1109,0085600.jpg,False,
OF001112,fake,z-image-turbo,image,2026-04,True,345,832,1216,3,RGB,JPEG,195363,0.6842105263157895,True,z-image-turbo,fake::z-image-turbo,False,6f1522494808d5231ad75e591bc2ca5d,1112,0065532.jpg,False,
OF001114,real,docci,real,,True,594,2048,1536,3,RGB,JPEG,1241451,1.3333333333333333,True,docci,real::docci,False,182e716209e3e4a6a3baf778150ab09a,1114,train_07962.jpg,False,
OF001115,fake,gpt-image-2,image,2026-04,True,603,1086,1448,3,RGB,JPEG,546193,0.75,True,gpt-image-2,fake::gpt-image-2,False,6f515f05cf8075389dddd7c4f97d569d,1115,0018777.jpg,False,
OF001116,fake,ideogram-2.0,base,unknown,True,72,1280,800,3,RGB,PNG,1193053,1.6,True,ideogram-2.0,fake::ideogram-2.0,False,50288db445b2db4d63a3e092c8d9810a,1116,37726.jpg,False,
OF001117,real,imagenet,real,,True,677,500,375,3,RGB,JPEG,122892,1.3333333333333333,True,imagenet,real::imagenet,False,6bc03fdd63061493c454834886e5cebb,1117,n01693334_4462.JPEG,False,
OF001119,real,imagenet,real,,True,574,360,500,3,RGB,JPEG,109621,0.72,True,imagenet,real::imagenet,False,7f8283b2bcca96885513327805286cab,1119,n01532829_17991.JPEG,False,
OF001120,real,docci,real,,True,590,2180,1636,3,RGB,JPEG,858368,1.332518337408313,True,docci,real::docci,False,3c5efea514cdd8765cf227d56f10e677,1120,train_06936.jpg,False,
OF001121,fake,halfmoon-4-4-25,base,unknown,True,25,1360,768,3,RGB,PNG,1226972,1.7708333333333333,True,halfmoon-4-4-25,fake::halfmoon-4-4-25,False,31a58a3eaf31ff08ecfde006d6edee2c,1121,54161.jpg,False,
OF001125,fake,veo-3,video,2026-02,True,1343,1280,720,3,RGB,JPEG,503670,1.7777777777777777,True,veo-3,fake::veo-3,False,27daf55ffe436a56f47d7b9da47905dc,1125,0241335.jpg,False,
OF001127,real,imagenet,real,,True,588,333,500,3,RGB,JPEG,124523,0.666,True,imagenet,real::imagenet,False,4ca1b20bdea74b513721488b2baa4fc6,1127,n01704323_15175.JPEG,False,
OF001129,real,docci,real,,True,477,2048,1536,3,RGB,JPEG,508775,1.3333333333333333,True,docci,real::docci,False,425812f693ca3e542fef19d51fe5de90,1129,train_06667.jpg,False,
OF001130,real,imagenet,real,,True,539,500,332,3,RGB,JPEG,78049,1.5060240963855422,True,imagenet,real::imagenet,False,37acc14b79bddc989e2d8bb583e8d7e6,1130,n01734418_367.JPEG,False,
OF001131,fake,veo-3,video,2025-07,True,108,1280,720,3,RGB,JPEG,187020,1.7777777777777777,True,veo-3,fake::veo-3,False,2d990432b39bb2ab45a34497b6dc501e,1131,0218349.jpg,False,
OF001134,fake,z-image-turbo,image,2026-03,True,705,1328,1944,3,RGB,JPEG,1365330,0.6831275720164609,True,z-image-turbo,fake::z-image-turbo,False,f03593c78c2f11d8310edc2daee79846,1134,0015656.jpg,False,
OF001135,fake,gpt-image-1.5,image,2025-12,True,605,1024,1536,3,RGB,PNG,2895713,0.6666666666666666,True,gpt-image-1.5,fake::gpt-image-1.5,False,9643b3f1febe78ddfc1c4f8ed66ee92f,1135,0032955.jpg,False,
OF001136,real,docci,real,,True,679,2048,1536,3,RGB,JPEG,750232,1.3333333333333333,True,docci,real::docci,False,85c2c0af1a0b8418dbd856fa1d3b370c,1136,train_04891.jpg,False,
OF001139,real,imagenet,real,,True,541,500,375,3,RGB,JPEG,123291,1.3333333333333333,True,imagenet,real::imagenet,False,349ac2aab8566ca5c68cc137c935396c,1139,n01698640_1997.JPEG,False,
OF001140,fake,flux.2-klein-9b,Base,2026-01-14,True,730,1024,1024,3,RGB,JPEG,263213,1.0,True,flux.2-klein-9b,fake::flux.2-klein-9b,False,2cc07b016b1ee24ec9de7a0979cf44c2,1140,1157844.jpg,False,
OF001142,fake,flux.2-klein-9b,Base,2026-01-14,True,478,1024,1024,3,RGB,JPEG,484442,1.0,True,flux.2-klein-9b,fake::flux.2-klein-9b,False,ee6021055526da38cfaaaee35c1f5964,1142,1065872.jpg,False,
OF001146,real,imagenet,real,,True,340,397,500,3,RGB,JPEG,117746,0.794,True,imagenet,real::imagenet,False,2de24f70e5257bb7510c0954effeddc1,1146,n01817953_355.JPEG,False,
OF001148,real,imagenet,real,,True,497,500,375,3,RGB,JPEG,92757,1.3333333333333333,True,imagenet,real::imagenet,False,3a760993deccf500001bfefedff37283,1148,n01443537_15846.JPEG,False,
OF001149,real,docci,real,,True,600,2048,1536,3,RGB,JPEG,828295,1.3333333333333333,True,docci,real::docci,False,a1db4ed858d5b4e67a5461a07c88b032,1149,train_01408.jpg,False,
OF001152,fake,flux.2-klein-9b,Base,2026-01-14,True,748,1024,1024,3,RGB,JPEG,475102,1.0,True,flux.2-klein-9b,fake::flux.2-klein-9b,False,70c610ffbdbf3339201ac26e5d040441,1152,980495.jpg,False,
OF001155,real,imagenet,real,,True,474,333,500,3,RGB,JPEG,112241,0.666,True,imagenet,real::imagenet,False,bfe07831127a659a6753e7b34419d7cb,1155,n01558993_2123.JPEG,False,
OF001156,real,docci,real,,True,709,2048,1536,3,RGB,JPEG,426612,1.3333333333333333,True,docci,real::docci,False,2d7afa5e839a10365f81762c229802a2,1156,test_03567.jpg,False,
OF001157,real,imagenet,real,,True,712,500,333,3,RGB,JPEG,85093,1.5015015015015014,True,imagenet,real::imagenet,False,e78d123051b3f4dbd10e13d2d11d46c4,1157,n01774384_10616.JPEG,False,
OF001159,fake,gpt-image-1.5,image,2026-02,True,537,1536,1024,3,RGB,JPEG,361887,1.5,True,gpt-image-1.5,fake::gpt-image-1.5,False,1ff7f9b40290e69e6f34558b92fa3932,1159,0093296.jpg,False,
OF001162,real,docci,real,,True,342,2048,1536,3,RGB,JPEG,199359,1.3333333333333333,True,docci,real::docci,False,a6edbdc4fe4189cd4f66db7152e66eff,1162,train_05776.jpg,False,
OF001163,fake,flux.2-klein-9b,Base,2026-01-14,True,652,1024,1024,3,RGB,JPEG,474402,1.0,True,flux.2-klein-9b,fake::flux.2-klein-9b,False,5fd6eb2dbf877e300cd0cb9d3805e629,1163,1050463.jpg,False,
OF001166,fake,halfmoon-4-4-25,base,unknown,True,27,1248,832,3,RGB,PNG,1796840,1.5,True,halfmoon-4-4-25,fake::halfmoon-4-4-25,False,98ba2195d7dce09d1253c9e2f07ac3f9,1166,02712.jpg,False,
OF001167,real,docci,real,,True,612,2048,1536,3,RGB,JPEG,677691,1.3333333333333333,True,docci,real::docci,False,b2a3974a5de295ea4a42df6247d7da6c,1167,train_02536.jpg,False,
OF001170,real,imagenet,real,,True,669,391,500,3,RGB,JPEG,155267,0.782,True,imagenet,real::imagenet,False,149980f43292d11a5d2129a80a4471a6,1170,n01616318_2602.JPEG,False,
OF001172,fake,veo-3,video,2025-09,True,1294,1080,1920,3,RGB,JPEG,432376,0.5625,True,veo-3,fake::veo-3,False,0ab291f92b0376f7fc68c23402a7030c,1172,0276255.jpg,False,
OF001174,real,docci,real,,True,709,2048,1536,3,RGB,JPEG,345848,1.3333333333333333,True,docci,real::docci,False,6ab45929aa9cc4ba9c28e239f29ef992,1174,test_01863.jpg,False,
OF001176,fake,gpt-image-1.5,image,2026-02,True,908,1024,1536,3,RGB,PNG,2832207,0.6666666666666666,True,gpt-image-1.5,fake::gpt-image-1.5,False,a299175de91fef7c1ca35cae8dc56801,1176,0056788.jpg,False,
OF001177,real,imagenet,real,,True,483,374,500,3,RGB,JPEG,65974,0.748,True,imagenet,real::imagenet,False,7d241265f36656219ff0c2e505c6d916,1177,n01632777_9605.JPEG,False,
OF001179,fake,midjourney-7,base,2025-04,True,503,1456,816,3,RGB,PNG,1661043,1.7843137254901962,True,midjourney-7,fake::midjourney-7,False,68ddc4e8d6fd367fd3625c659552a272,1179,617237.jpg,False,
OF001180,fake,midjourney-7,base,2025-04,True,598,1232,928,3,RGB,PNG,1227547,1.3275862068965518,True,midjourney-7,fake::midjourney-7,False,b976a34b270fc8138e983360dceaef23,1180,795681.jpg,False,
OF001181,fake,veo-3,video,2025-12,True,555,720,1280,3,RGB,JPEG,312552,0.5625,True,veo-3,fake::veo-3,False,b50a2089b9d361f0f76fb9e75b2c0d01,1181,0179673.jpg,False,
OF001182,fake,ideogram-2.0,base,unknown,True,68,1280,800,3,RGB,PNG,1263994,1.6,True,ideogram-2.0,fake::ideogram-2.0,False,a28de709249b03269912a19a60c07a82,1182,20583.jpg,False,
OF001183,fake,midjourney-7,base,2025-04,True,636,1456,816,3,RGB,PNG,1289072,1.7843137254901962,True,midjourney-7,fake::midjourney-7,False,b5723741325f69565f4feb7dc11ddcc3,1183,694121.jpg,False,
OF001184,real,docci,real,,True,345,480,360,3,RGB,JPEG,69339,1.3333333333333333,True,docci,real::docci,False,41eb78dbe91ecb5387796d03554d7a57,1184,test_02628.jpg,False,
OF001185,fake,ernie-image-turbo,image,2026-04,True,723,1440,2160,3,RGB,PNG,4653233,0.6666666666666666,True,ernie-image-turbo,fake::ernie-image-turbo,False,e615c933bbcdc8dfdcd400af0e3f01e8,1185,0050009.jpg,False,
OF001188,fake,flux.2-klein-9b,Base,2026-01-14,True,660,1024,1024,3,RGB,JPEG,497137,1.0,True,flux.2-klein-9b,fake::flux.2-klein-9b,False,760e511e06043adc61bae735be904e44,1188,1166573.jpg,False,
OF001190,fake,veo-3,video,2025-06,True,489,1280,720,3,RGB,JPEG,133204,1.7777777777777777,True,veo-3,fake::veo-3,False,89f0973ab918c843dc4efebed091a3d5,1190,0227360.jpg,False,
OF001197,real,docci,real,,True,689,2048,1536,3,RGB,JPEG,520115,1.3333333333333333,True,docci,real::docci,False,3d730ff679d63d040b3195ac9b1930fc,1197,train_02707.jpg,False,
OF001198,fake,veo-3,video,2025-08,True,476,1280,720,3,RGB,JPEG,199776,1.7777777777777777,True,veo-3,fake::veo-3,False,34a8b23f01e8a826ee39d7bad6c6cb21,1198,0219600.jpg,False,
OF001199,real,imagenet,real,,True,556,500,375,3,RGB,JPEG,60771,1.3333333333333333,True,imagenet,real::imagenet,False,cbc794cdc1f7e8d940b88941d05e7b84,1199,n01693334_8793.JPEG,False,
OF001201,real,docci,real,,True,501,2180,1634,3,RGB,JPEG,374217,1.3341493268053854,True,docci,real::docci,False,288cb114b2a6ae51075c5f1a7e944081,1201,train_08960.jpg,False,
OF001203,real,docci,real,,True,470,2180,1634,3,RGB,JPEG,539065,1.3341493268053854,True,docci,real::docci,False,46014a267bd92ce032f92b98556f1b38,1203,train_05030.jpg,False,
OF001204,fake,flux.2-klein-9b,Base,2026-01-14,True,746,1024,1024,3,RGB,JPEG,503665,1.0,True,flux.2-klein-9b,fake::flux.2-klein-9b,False,7263b3bf4f3b0250b689047ef69ad071,1204,1130943.jpg,False,
OF001209,real,imagenet,real,,True,735,333,500,3,RGB,JPEG,89480,0.666,True,imagenet,real::imagenet,False,ae1f966674cc3f2dd64fc438fa3b66bf,1209,n01734418_2409.JPEG,False,
OF001212,fake,flux.2-klein-9b,Base,2026-01-14,True,435,1024,1024,3,RGB,JPEG,562768,1.0,True,flux.2-klein-9b,fake::flux.2-klein-9b,False,3a8b19a6e59adaea769de58a1daf3246,1212,1131020.jpg,False,
OF001215,real,docci,real,,True,601,2048,1536,3,RGB,JPEG,273301,1.3333333333333333,True,docci,real::docci,False,ebea0cf779fdeb635a91343e1cdba985,1215,test_04670.jpg,False,
OF001221,real,imagenet,real,,True,540,375,500,3,RGB,JPEG,118963,0.75,True,imagenet,real::imagenet,False,f6268edc2d5e973866b11216da327bd8,1221,n01817953_47.JPEG,False,
OF001222,real,docci,real,,True,606,2048,1536,3,RGB,JPEG,802853,1.3333333333333333,True,docci,real::docci,False,89449d440976a00b2103c0b49a9f9e71,1222,train_08237.jpg,False,
OF001225,real,docci,real,,True,614,1536,2048,3,RGB,JPEG,754685,0.75,True,docci,real::docci,False,c700f182b285685ec2e8bf5b25fb4c97,1225,train_00484.jpg,False,
OF001226,real,imagenet,real,,True,611,700,449,3,RGB,JPEG,64697,1.55902004454343,True,imagenet,real::imagenet,False,4de93c9d0797b2348076f38b1dd6c4ad,1226,n01667778_21433.JPEG,False,
OF001228,fake,seedream-v5.0,image,2026-03,True,315,1728,2304,3,RGB,JPEG,445594,0.75,True,seedream-v5.0,fake::seedream-v5.0,False,8650e25d8af586349c8af3dc778c9e94,1228,0088285.jpg,False,
OF001229,fake,gpt-image-2,image,2026-04,True,154,1024,1536,3,RGB,JPEG,316940,0.6666666666666666,True,gpt-image-2,fake::gpt-image-2,False,0f6fff6e84e1970558d8d691913f53a6,1229,0011592.jpg,False,
OF001231,fake,seedream-v5.0,image,2026-03,True,1757,2560,1440,3,RGB,JPEG,423619,1.7777777777777777,True,seedream-v5.0,fake::seedream-v5.0,False,736213ac1be2642962bfe4c795ea2136,1231,0039139.jpg,False,
OF001233,fake,wan-video-2.5,video,2026-01,True,334,522,764,3,RGB,JPEG,155902,0.6832460732984293,True,wan-video-2.5,fake::wan-video-2.5,False,6dca6bb6914a5a62f03dc2d55c4f96dc,1233,0153651.jpg,False,
OF001235,fake,wan-video-2.5,video,2025-12,True,131,1440,1440,3,RGB,JPEG,508620,1.0,True,wan-video-2.5,fake::wan-video-2.5,False,66f3ecafda062e07d0ab2a95e55d6007,1235,0263174.jpg,False,
OF001236,fake,wan-video-2.5,video,2025-10,True,711,784,1176,3,RGB,JPEG,345671,0.6666666666666666,True,wan-video-2.5,fake::wan-video-2.5,False,e4bccb65860f2295ec8f2d77977d5536,1236,0272385.jpg,False,
OF001238,fake,flux.2-klein-9b,Base,2026-01-14,True,684,1024,1024,3,RGB,JPEG,464849,1.0,True,flux.2-klein-9b,fake::flux.2-klein-9b,False,c4b0ee46127d849776fc3c19a477efe4,1238,1168464.jpg,False,
OF001239,fake,midjourney-7,base,2025-04,True,567,1456,816,3,RGB,PNG,1337099,1.7843137254901962,True,midjourney-7,fake::midjourney-7,False,07da4e96addf699392ab727dfb7448ee,1239,532823.jpg,False,
OF001241,real,docci,real,,True,586,2048,1536,3,RGB,JPEG,528393,1.3333333333333333,True,docci,real::docci,False,b8ae71883765796023815e6c5c648d26,1241,train_05025.jpg,False,
OF001242,real,docci,real,,True,559,1536,2048,3,RGB,JPEG,401462,0.75,True,docci,real::docci,False,b1632d3478aa203444959c988c858f1a,1242,test_01277.jpg,False,
OF001244,real,docci,real,,True,477,2048,1536,3,RGB,JPEG,845864,1.3333333333333333,True,docci,real::docci,False,57ce20be8184c1663c32322c9abe0274,1244,train_03297.jpg,False,
OF001249,real,imagenet,real,,True,471,248,187,3,RGB,JPEG,13865,1.3262032085561497,True,imagenet,real::imagenet,False,a022dad0b8abdc7e878db5cf5f12827b,1249,n01644900_7738.JPEG,False,
OF001250,real,docci,real,,True,453,2048,1536,3,RGB,JPEG,382929,1.3333333333333333,True,docci,real::docci,False,07dbe43d11483421bce8786e3fa2c8b8,1250,train_01830.jpg,False,
OF001252,real,docci,real,,True,495,2048,1536,3,RGB,JPEG,1074907,1.3333333333333333,True,docci,real::docci,False,b231500b6701614e99a79d4fdfcf2c34,1252,train_09116.jpg,False,
OF001254,fake,veo-3,video,2025-07,True,1404,1280,720,3,RGB,JPEG,177100,1.7777777777777777,True,veo-3,fake::veo-3,False,16200107b861c0f062edb4314bbde803,1254,0265205.jpg,False,
OF001255,real,docci,real,,True,525,1536,2048,3,RGB,JPEG,514953,0.75,True,docci,real::docci,False,c21ce055cae496fe2a408d078ad762c4,1255,test_02312.jpg,False,
OF001257,fake,veo-3,video,2025-11,True,53,720,1280,3,RGB,JPEG,281111,0.5625,True,veo-3,fake::veo-3,False,2fb1435ed1b529d901547e448bf1fbb2,1257,0292609.jpg,False,
OF001260,real,imagenet,real,,True,741,500,375,3,RGB,JPEG,242370,1.3333333333333333,True,imagenet,real::imagenet,False,ef35b39bdd65e73ad2302bb2e7359bb4,1260,n01751748_6786.JPEG,False,
OF001262,real,docci,real,,True,786,2048,1536,3,RGB,JPEG,271802,1.3333333333333333,True,docci,real::docci,False,d9e7db3a2461a8e7f109e0be972598ff,1262,test_04549.jpg,False,
OF001267,real,imagenet,real,,True,542,640,429,3,RGB,JPEG,83129,1.491841491841492,True,imagenet,real::imagenet,False,c8a8718e713fdb44b09b2e7977a8b1cd,1267,n01742172_3911.JPEG,False,
OF001268,real,imagenet,real,,True,630,500,384,3,RGB,JPEG,113710,1.3020833333333333,True,imagenet,real::imagenet,False,7c3315791f50ba6112284a4efd74d4e5,1268,n01773549_1293.JPEG,False,
OF001270,fake,veo-3,video,2025-10,True,68,1920,1080,3,RGB,JPEG,422104,1.7777777777777777,True,veo-3,fake::veo-3,False,7a7a580148792e3547e3fda32a5ae211,1270,0263815.jpg,False,
OF001271,fake,wan-video-2.5,video,2026-01,True,748,624,624,3,RGB,JPEG,101029,1.0,True,wan-video-2.5,fake::wan-video-2.5,False,a364dcf825385167e001410cf586269e,1271,0108111.jpg,False,
OF001272,fake,ideogram-2.0,base,unknown,True,65,1280,800,3,RGB,PNG,1995213,1.6,True,ideogram-2.0,fake::ideogram-2.0,False,a03346478bd17e0ebd32538c75cec060,1272,20933.jpg,False,
OF001275,real,imagenet,real,,True,710,500,375,3,RGB,JPEG,113719,1.3333333333333333,True,imagenet,real::imagenet,False,b127dbf47728ecfe7bd9e78428282142,1275,n01704323_7997.JPEG,False,
OF001277,real,docci,real,,True,659,2048,1536,3,RGB,JPEG,255966,1.3333333333333333,True,docci,real::docci,False,885af0677463f9bd10d93f12fac36a46,1277,test_02617.jpg,False,
OF001279,fake,veo-3,video,2026-02,True,866,1920,1080,3,RGB,JPEG,565346,1.7777777777777777,True,veo-3,fake::veo-3,False,a3be79fbad05216038eee94e6b013f33,1279,0340515.jpg,False,
OF001283,fake,z-image-turbo,Base,2025-11-25,True,827,1024,1024,3,RGB,JPEG,285210,1.0,True,z-image-turbo,fake::z-image-turbo,False,5b82e2d7eddbe1ee5e59b4f1b3d9cec0,1283,1132599.jpg,False,
OF001288,real,imagenet,real,,True,666,334,500,3,RGB,JPEG,84124,0.668,True,imagenet,real::imagenet,False,63750964a8aa1de099e70219e68a1e4b,1288,n01770081_13897.JPEG,False,
OF001289,real,docci,real,,True,637,2048,1536,3,RGB,JPEG,297285,1.3333333333333333,True,docci,real::docci,False,30e3fe2facab535a589a91e31c94d883,1289,train_05209.jpg,False,
OF001291,fake,illustrious,image,2025-05,True,665,1536,2304,3,RGB,JPEG,1220236,0.6666666666666666,True,illustrious,fake::illustrious,False,c341e8abe61ba9f4716d79bd7d57a77b,1291,0046831.jpg,False,
OF001292,real,imagenet,real,,True,629,500,375,3,RGB,JPEG,83302,1.3333333333333333,True,imagenet,real::imagenet,False,87f61dfadb332502daa67e514579c6a2,1292,n01532829_16397.JPEG,False,
OF001296,fake,gpt-image-1.5,image,2026-01,True,695,1024,1536,3,RGB,PNG,3060677,0.6666666666666666,True,gpt-image-1.5,fake::gpt-image-1.5,False,7e34ec3624a7f6df85488e5edfdd68ad,1296,0003026.jpg,False,
OF001297,fake,illustrious,video,2026-03,True,625,1192,1740,3,RGB,JPEG,365629,0.6850574712643678,True,illustrious,fake::illustrious,False,5d0ca7b0a2c7265ed4a857f63ce8d4e7,1297,0172722.jpg,False,
OF001305,fake,midjourney-7,base,2025-04,True,749,1344,896,3,RGB,PNG,1559543,1.5,True,midjourney-7,fake::midjourney-7,False,785509e54df67f3a0cf0c0d760f69854,1305,634504.jpg,False,
OF001306,fake,sora-2,image,2025-06,True,750,1024,1536,3,RGB,JPEG,156765,0.6666666666666666,True,sora-2,fake::sora-2,False,4c1884aa59aa3e616f4aa055125d7799,1306,0036112.jpg,False,
OF001307,real,docci,real,,True,830,480,360,3,RGB,JPEG,31960,1.3333333333333333,True,docci,real::docci,False,7f3940ce001df5e45ff55a7715319078,1307,train_07585.jpg,False,
OF001310,real,imagenet,real,,True,495,342,525,3,RGB,JPEG,21894,0.6514285714285715,True,imagenet,real::imagenet,False,33a92b75a70da625f313d6beb00ff81c,1310,n01440764_6812.JPEG,False,
OF001315,fake,wan-video-2.5,video,2025-10,True,527,1080,1532,3,RGB,JPEG,270889,0.7049608355091384,True,wan-video-2.5,fake::wan-video-2.5,False,0c2522ca13624bf65602015cf0b06d8d,1315,0248993.jpg,False,
OF001316,real,imagenet,real,,True,625,600,371,3,RGB,JPEG,176727,1.6172506738544474,True,imagenet,real::imagenet,False,f4121489e445062ef81f2e812dc1d957,1316,n01756291_14091.JPEG,False,
OF001319,fake,frames-23-1-25,base,unknown,True,28,1920,1088,3,RGB,PNG,2701466,1.7647058823529411,True,frames-23-1-25,fake::frames-23-1-25,False,72ed6fe1263befa15d436746a1104716,1319,26986.jpg,False,
OF001322,fake,frames-23-1-25,base,unknown,True,34,1920,1088,3,RGB,PNG,1588952,1.7647058823529411,True,frames-23-1-25,fake::frames-23-1-25,False,41f7d5e5c0e431a6a19145d02c88b0c9,1322,35780.jpg,False,
OF001325,fake,flux.2-klein-9b,Base,2026-01-14,True,751,1024,1024,3,RGB,JPEG,358268,1.0,True,flux.2-klein-9b,fake::flux.2-klein-9b,False,e082ef2f42d47e44fdb1b9a971347c60,1325,946564.jpg,False,
OF001326,real,imagenet,real,,True,562,500,375,3,RGB,JPEG,145989,1.3333333333333333,True,imagenet,real::imagenet,False,224c5f164883c1544811b028e243dea6,1326,n01698640_10377.JPEG,False,
OF001327,fake,gpt-image-1.5,image,2026-02,True,562,1024,1536,3,RGB,JPEG,296179,0.6666666666666666,True,gpt-image-1.5,fake::gpt-image-1.5,False,b4d53aacb7702f9f9ad2ee39f5f8c5f2,1327,0009258.jpg,False,
OF001329,real,docci,real,,True,704,1536,2048,3,RGB,JPEG,861522,0.75,True,docci,real::docci,False,b3caac81933d999b6324297eb7049f68,1329,train_05809.jpg,False,
OF001331,fake,midjourney-7,base,2025-04,True,832,1536,768,3,RGB,PNG,2090792,2.0,True,midjourney-7,fake::midjourney-7,False,40bdfc9f94aafe00230320a00b4efe43,1331,741471.jpg,False,
OF001334,real,imagenet,real,,True,442,500,375,3,RGB,JPEG,141806,1.3333333333333333,True,imagenet,real::imagenet,False,e564ee7233fd8eb57232fc8bf3e59b2c,1334,n01795545_17220.JPEG,False,
OF001336,real,docci,real,,True,274,2048,1536,3,RGB,JPEG,361140,1.3333333333333333,True,docci,real::docci,False,b8fbd31bfa1f256a9f15a7346f6aa6e3,1336,train_06457.jpg,False,
OF001338,fake,illustrious,image,2026-04,True,642,2730,4096,3,RGB,JPEG,1418099,0.66650390625,True,illustrious,fake::illustrious,False,9bac6819df47cdac9bbf77b1fed7deee,1338,0016103.jpg,False,
OF001341,fake,illustrious,image,2025-03,True,759,1024,1024,3,RGB,JPEG,245420,1.0,True,illustrious,fake::illustrious,False,7285fc88909392b0cff9bebe1dcb0b51,1341,0019570.jpg,False,
OF001344,fake,midjourney-7,base,2025-04,True,578,1024,1024,3,RGB,PNG,1455160,1.0,True,midjourney-7,fake::midjourney-7,False,9911567bbd3e1a03147fcd0d6a79cdff,1344,427028.jpg,False,
OF001347,fake,gpt-image-2,image,2026-04,True,1451,1024,1024,3,RGB,JPEG,228686,1.0,True,gpt-image-2,fake::gpt-image-2,False,7ecd027d7cf4d9983715f3e5a377a1cf,1347,0070340.jpg,False,
OF001348,fake,ernie-image,image,2026-04,True,341,848,1264,3,RGB,JPEG,347593,0.6708860759493671,True,ernie-image,fake::ernie-image,False,2642e0a187ccc1f64f16bfb4bf8aa5a2,1348,0052179.jpg,False,
OF001350,real,imagenet,real,,True,540,500,445,3,RGB,JPEG,90873,1.1235955056179776,True,imagenet,real::imagenet,False,af3b62ab76774b7573506d599b496a6b,1350,n01773157_2249.JPEG,False,
OF001351,fake,z-image-turbo,Base,2025-11-25,True,447,1024,1024,3,RGB,JPEG,226047,1.0,True,z-image-turbo,fake::z-image-turbo,False,fe84ccdda568bfa2bd40cef38457f114,1351,1097908.jpg,False,
OF001354,fake,flux.2-klein-9b,image,2026-04,True,38,1632,2448,3,RGB,PNG,5610241,0.6666666666666666,True,flux.2-klein-9b,fake::flux.2-klein-9b,False,7dd1210d0401a7b94604477d84ddf461,1354,0005902.jpg,False,
OF001356,fake,sora-2,image,2025-11,True,734,1024,1536,3,RGB,JPEG,450935,0.6666666666666666,True,sora-2,fake::sora-2,False,5606da3a4fb58ee7e65e2c7c3d4ffe11,1356,0011244.jpg,False,
OF001358,fake,flux.2-klein-9b,Base,2026-01-14,True,723,1024,1024,3,RGB,JPEG,355268,1.0,True,flux.2-klein-9b,fake::flux.2-klein-9b,False,7ec1fdfc7b60606adcbd79a28f3bfbd5,1358,977539.jpg,False,
OF001359,fake,z-image-turbo,image,2026-04,True,1549,864,1152,3,RGB,PNG,1276741,0.75,True,z-image-turbo,fake::z-image-turbo,False,2f2193f68d2d94a0e6d1343fbf761ce6,1359,0052098.jpg,False,
OF001362,real,imagenet,real,,True,524,500,423,3,RGB,JPEG,175803,1.182033096926714,True,imagenet,real::imagenet,False,be7a85194fffc78b037fe52a3b40d7c4,1362,n01770393_3085.JPEG,False,
OF001363,real,docci,real,,True,640,1536,2048,3,RGB,JPEG,803699,0.75,True,docci,real::docci,False,62924b6ac3729ab33d45745e39983a1d,1363,test_01986.jpg,False,
OF001364,fake,flux.2-klein-9b,Base,2026-01-14,True,651,1024,1024,3,RGB,JPEG,439783,1.0,True,flux.2-klein-9b,fake::flux.2-klein-9b,False,a0b348162246bf25133ccf5b207f39ab,1364,1061866.jpg,False,
OF001371,fake,ernie-image-turbo,image,2026-04,True,1055,1248,1824,4,RGBA,WEBP,765374,0.6842105263157895,True,ernie-image-turbo,fake::ernie-image-turbo,False,b07aebc23d7fceb1bc125a05e94340af,1371,0089462.jpg,False,
OF001372,fake,lumina-17-2-25,base,unknown,True,29,1024,1024,3,RGB,PNG,748577,1.0,True,lumina-17-2-25,fake::lumina-17-2-25,False,cf018a82210dfcedccdfa633c2e73c1b,1372,25310.jpg,False,
OF001375,real,docci,real,,True,675,2048,1535,3,RGB,JPEG,329627,1.3342019543973942,True,docci,real::docci,False,d2dfb6150e703dd03d43d13f582b74ab,1375,train_08461.jpg,False,
OF001377,real,imagenet,real,,True,573,500,332,3,RGB,JPEG,67130,1.5060240963855422,True,imagenet,real::imagenet,False,da0f87090214762ea43ee4d6428b6512,1377,n01739381_2140.JPEG,False,
OF001380,fake,nano-banana-pro,video,2025-12,True,488,1920,1080,3,RGB,JPEG,466234,1.7777777777777777,True,nano-banana-pro,fake::nano-banana-pro,False,dd3d04689aa5c89c7db48ae11562326b,1380,0145328.jpg,False,
OF001382,fake,gpt-image-1.5,image,2026-01,True,1588,1024,1536,3,RGB,PNG,3377381,0.6666666666666666,True,gpt-image-1.5,fake::gpt-image-1.5,False,e3ff4e116fc636e4e76bb0063c1b0686,1382,0005841.jpg,False,
OF001385,fake,veo-3,video,2025-12,True,4,1280,720,3,RGB,JPEG,208534,1.7777777777777777,True,veo-3,fake::veo-3,False,21f11cacf080a23d3ba3e47a67558bd2,1385,0316559.jpg,False,
OF001387,fake,z-image-turbo,Base,2025-11-25,True,616,1024,1024,3,RGB,JPEG,426421,1.0,True,z-image-turbo,fake::z-image-turbo,False,4d19e552b4c25ee33301c240275456e1,1387,1076865.jpg,False,
OF001390,fake,flux.2-klein-9b,Base,2026-01-14,True,706,1024,1024,3,RGB,JPEG,468958,1.0,True,flux.2-klein-9b,fake::flux.2-klein-9b,False,9cb9b34717ace782b197be1388a26069,1390,939262.jpg,False,
OF001394,real,imagenet,real,,True,549,900,600,3,RGB,JPEG,281448,1.5,True,imagenet,real::imagenet,False,8c78bd3d562d3fb805f5ea136fc12140,1394,n01728920_13717.JPEG,False,
OF001395,fake,veo-3,video,2025-12,True,144,720,1280,3,RGB,JPEG,338650,0.5625,True,veo-3,fake::veo-3,False,e7172c53bf943d59837a59eb46819a5a,1395,0283277.jpg,False,
OF001396,fake,recraft-v3,base,2024-10,True,507,600,600,3,RGB,JPEG,153128,1.0,True,recraft-v3,fake::recraft-v3,False,26dcb598b39de9be9416b595d463c952,1396,27767.jpg,False,
OF001400,real,imagenet,real,,True,680,500,375,3,RGB,JPEG,151414,1.3333333333333333,True,imagenet,real::imagenet,False,e1c18d4c0d2c18fe2be5f1d03805b3d3,1400,n01818515_558.JPEG,False,
OF001401,real,docci,real,,True,706,2048,1536,3,RGB,JPEG,319133,1.3333333333333333,True,docci,real::docci,False,be40763702f738338a755f6b2eb35a8a,1401,qual_dev_00067.jpg,False,
OF001406,real,docci,real,,True,661,2048,1535,3,RGB,JPEG,115815,1.3342019543973942,True,docci,real::docci,False,33fe5c8f597c71b09af62e5c156f288f,1406,train_05668.jpg,False,
OF001408,fake,z-image-turbo,image,2026-04,True,1726,888,1176,3,RGB,PNG,1510272,0.7551020408163265,True,z-image-turbo,fake::z-image-turbo,False,e4d13faf23193c15d394ec0066192591,1408,0024490.jpg,False,
OF001411,real,imagenet,real,,True,599,375,500,3,RGB,JPEG,206706,0.75,True,imagenet,real::imagenet,False,57ea30f6193ce5c608cf05bbd8738b07,1411,n01806143_4612.JPEG,False,
OF001412,fake,z-image-turbo,image,2026-04,True,218,1216,832,3,RGB,JPEG,418810,1.4615384615384617,True,z-image-turbo,fake::z-image-turbo,False,2d80cf6e6e0e8b21b1fc49cec2531974,1412,0019284.jpg,False,
OF001413,fake,veo-3,video,2025-09,True,740,1920,1080,3,RGB,JPEG,599239,1.7777777777777777,True,veo-3,fake::veo-3,False,469017f60b84d306f8f82a3360acbc73,1413,0224566.jpg,False,
OF001414,real,docci,real,,True,532,2048,1536,3,RGB,JPEG,747289,1.3333333333333333,True,docci,real::docci,False,ed1ebbde392a331afa9bf30839cae090,1414,test_03994.jpg,False,
OF001421,fake,illustrious,image,2026-04,True,551,832,1216,3,RGB,JPEG,113257,0.6842105263157895,True,illustrious,fake::illustrious,False,76133cf1c853d0305d18e38dad6a5116,1421,0092358.jpg,False,
OF001422,fake,gpt-image-1.5,image,2026-01,True,791,1024,1536,3,RGB,JPEG,274742,0.6666666666666666,True,gpt-image-1.5,fake::gpt-image-1.5,False,3ae5d87107f1bab317998ba77e661a0d,1422,0043223.jpg,False,
OF001426,fake,flux.2-klein-9b,Base,2026-01-14,True,703,1024,1024,3,RGB,JPEG,499680,1.0,True,flux.2-klein-9b,fake::flux.2-klein-9b,False,1437b8d17cee2219a5c41254e98d3a13,1426,1138059.jpg,False,
OF001427,real,imagenet,real,,True,610,500,333,3,RGB,JPEG,53104,1.5015015015015014,True,imagenet,real::imagenet,False,833f3c3b1786907f7eb1ab72654dc8ee,1427,n01749939_4645.JPEG,False,
OF001428,real,docci,real,,True,683,4032,3024,3,RGB,JPEG,592898,1.3333333333333333,True,docci,real::docci,False,fc733c3698f611e1a3a40a13430b2fcb,1428,test_02127.jpg,False,
OF001429,fake,gpt-image-1.5,image,2026-01,True,324,1536,1024,3,RGB,PNG,2644467,1.5,True,gpt-image-1.5,fake::gpt-image-1.5,False,607bee44267f56ff70de33b1ac7bca4c,1429,0036741.jpg,False,
OF001432,real,docci,real,,True,484,480,360,3,RGB,JPEG,24573,1.3333333333333333,True,docci,real::docci,False,1086d54629329c145292821dffe56899,1432,train_00782.jpg,False,
OF001435,fake,sora-2,image,2026-02,True,494,1024,1536,3,RGB,JPEG,301448,0.6666666666666666,True,sora-2,fake::sora-2,False,dc87ec0ae1e564d5310ad47b5dab56b5,1435,0005773.jpg,False,
OF001436,fake,flux.2-klein-9b,Base,2026-01-14,True,609,1024,1024,3,RGB,JPEG,344244,1.0,True,flux.2-klein-9b,fake::flux.2-klein-9b,False,6ee167e12545d998e03a21507dc074f9,1436,1163786.jpg,False,
OF001438,real,imagenet,real,,True,645,332,500,3,RGB,JPEG,73211,0.664,True,imagenet,real::imagenet,False,b5407a9cb2a9ce8c96d25b3ec95aef1e,1438,n01484850_7999.JPEG,False,
OF001440,fake,veo-3,video,2025-08,True,1925,1280,720,3,RGB,JPEG,179582,1.7777777777777777,True,veo-3,fake::veo-3,False,357cd2199266f8ae9c524d9b6e9ac646,1440,0256109.jpg,False,
OF001441,fake,illustrious,image,2025-08,True,739,832,1216,3,RGB,JPEG,180266,0.6842105263157895,True,illustrious,fake::illustrious,False,5755f7c56e59c97918c315979805c897,1441,0043986.jpg,False,
OF001443,real,docci,real,,True,558,2048,1536,3,RGB,JPEG,755929,1.3333333333333333,True,docci,real::docci,False,7455b682617e0b0473e9743eddcaf959,1443,train_03522.jpg,False,
OF001444,fake,illustrious,image,2025-06,True,668,2240,3840,3,RGB,JPEG,1533808,0.5833333333333334,True,illustrious,fake::illustrious,False,6adbf5bf234772b15590e04e6edb2fe6,1444,0088609.jpg,False,
OF001447,real,docci,real,,True,612,2048,1536,3,RGB,JPEG,724159,1.3333333333333333,True,docci,real::docci,False,d6faac30428b7c2394bfbd20845b8ac1,1447,train_07383.jpg,False,
OF001449,fake,z-image-turbo,image,2026-02,True,623,896,1248,3,RGB,PNG,1519937,0.717948717948718,True,z-image-turbo,fake::z-image-turbo,False,ccc57f4ac5196ab06548577443f73a72,1449,0100249.jpg,False,
OF001450,real,docci,real,,True,458,2048,1536,3,RGB,JPEG,351935,1.3333333333333333,True,docci,real::docci,False,9d328ea5455688bbc760fc8b7750b90b,1450,train_09081.jpg,False,
OF001451,real,docci,real,,True,599,2048,1536,3,RGB,JPEG,311197,1.3333333333333333,True,docci,real::docci,False,771400d4f2c27b705b7e0532278cb07c,1451,train_01038.jpg,False,
OF001452,fake,wan-video-2.5,video,2025-11,True,504,794,1160,3,RGB,JPEG,396206,0.6844827586206896,True,wan-video-2.5,fake::wan-video-2.5,False,658ba95ed5e8885e2cbd6aa9ea1090fe,1452,0269063.jpg,False,
OF001460,fake,midjourney-7,base,2025-04,True,737,1024,1024,3,RGB,PNG,1429833,1.0,True,midjourney-7,fake::midjourney-7,False,456cec5cd48a58537716b5abc9f98483,1460,600550.jpg,False,
OF001462,real,docci,real,,True,581,2048,1536,3,RGB,JPEG,717214,1.3333333333333333,True,docci,real::docci,False,a6d6fdf3b7272d552c537521a8828d9b,1462,test_03566.jpg,False,
OF001463,real,docci,real,,True,681,1534,2048,3,RGB,JPEG,233742,0.7490234375,True,docci,real::docci,False,6290fdce2fb717692e215e78f039e73c,1463,test_02817.jpg,False,
OF001466,fake,midjourney-7,base,2025-04,True,679,1344,896,3,RGB,PNG,1833482,1.5,True,midjourney-7,fake::midjourney-7,False,2370d5ac22fd02b3ab00b2ee0558fab5,1466,932941.jpg,False,
OF001470,fake,gpt-image-2,image,2026-04,True,716,1024,1024,3,RGB,JPEG,212364,1.0,True,gpt-image-2,fake::gpt-image-2,False,b661294cb71c7a95d59d61a346977fdf,1470,0051627.jpg,False,
OF001471,fake,illustrious,video,2026-03,True,709,784,1168,3,RGB,JPEG,314662,0.6712328767123288,True,illustrious,fake::illustrious,False,eea57e9785da1356939ed53ac187f233,1471,0213759.jpg,False,
OF001472,real,imagenet,real,,True,764,375,500,3,RGB,JPEG,200334,0.75,True,imagenet,real::imagenet,False,dc36ece7993ed9e06c9c6f37c88899ed,1472,n01688243_7147.JPEG,False,
OF001473,real,imagenet,real,,True,580,335,500,3,RGB,JPEG,86754,0.67,True,imagenet,real::imagenet,False,3e7b1e5183164026cf66b190794b55f9,1473,n01843065_10949.JPEG,False,
OF001475,real,docci,real,,True,483,2048,1536,3,RGB,JPEG,321819,1.3333333333333333,True,docci,real::docci,False,4cac5318a79a483ecbc365e743f3147c,1475,train_00924.jpg,False,
OF001476,real,docci,real,,True,583,480,360,3,RGB,JPEG,55871,1.3333333333333333,True,docci,real::docci,False,7e6aec53b93d2153acdd40310775dd32,1476,train_05819.jpg,False,
OF001481,fake,flux.2-klein-9b,Base,2026-01-14,True,661,1024,1024,3,RGB,JPEG,279091,1.0,True,flux.2-klein-9b,fake::flux.2-klein-9b,False,07053a1eb210645122f682130f66d793,1481,1148035.jpg,False,
OF001482,fake,flux.2-klein-9b,video,2026-03,True,317,464,688,3,RGB,JPEG,131058,0.6744186046511628,True,flux.2-klein-9b,fake::flux.2-klein-9b,False,0a9a690d60ca5a47380c59e859715155,1482,0168005.jpg,False,
OF001484,real,docci,real,,True,814,2048,1536,3,RGB,JPEG,402701,1.3333333333333333,True,docci,real::docci,False,f26932fadeb95c29e9e91dfdcfe9e3be,1484,train_01226.jpg,False,
OF001486,real,docci,real,,True,338,2048,1536,3,RGB,JPEG,390623,1.3333333333333333,True,docci,real::docci,False,7effcd5c51ee6f3d2120a5fe5158b046,1486,test_03186.jpg,False,
OF001490,real,docci,real,,True,550,2048,1536,3,RGB,JPEG,929066,1.3333333333333333,True,docci,real::docci,False,6cc5fd7da1baa1fd40ba8739f5e05dc5,1490,test_03545.jpg,False,
OF001491,real,docci,real,,True,458,2048,1536,3,RGB,JPEG,811922,1.3333333333333333,True,docci,real::docci,False,fb70abf48585ffc6bb9904c0167fa910,1491,train_03886.jpg,False,
OF001492,real,docci,real,,True,739,2048,1536,3,RGB,JPEG,485016,1.3333333333333333,True,docci,real::docci,False,08b754e1c67f56ee8880caf736560aa6,1492,train_06527.jpg,False,
OF001494,fake,z-image-turbo,video,2025-12,True,599,640,856,3,RGB,JPEG,184239,0.7476635514018691,True,z-image-turbo,fake::z-image-turbo,False,6f69449669054ec3b5fa1ad51c1823f8,1494,0179666.jpg,False,
OF001499,fake,midjourney-7,base,2025-04,True,461,1232,928,3,RGB,PNG,1180784,1.3275862068965518,True,midjourney-7,fake::midjourney-7,False,27302554d149c99c0bc7ce195abaca95,1499,24444.jpg,False,
OF001500,real,docci,real,,True,593,2048,1536,3,RGB,JPEG,925012,1.3333333333333333,True,docci,real::docci,False,51be55c046db480c5a48b62fed161769,1500,train_09507.jpg,False,
OF001502,fake,gpt-image-1.5,image,2026-01,True,800,1536,1024,3,RGB,PNG,2777839,1.5,True,gpt-image-1.5,fake::gpt-image-1.5,False,d0eac90646d832d8e0492fd172c9f136,1502,0037866.jpg,False,
OF001506,real,imagenet,real,,True,494,500,362,3,RGB,JPEG,93511,1.3812154696132597,True,imagenet,real::imagenet,False,a7aaeea2fbea16195728534bf29edc46,1506,n01532829_32670.JPEG,False,
OF001510,real,imagenet,real,,True,531,500,333,3,RGB,JPEG,96057,1.5015015015015014,True,imagenet,real::imagenet,False,51d4720bab2874d873b77f965a1ebeec,1510,n01749939_5665.JPEG,False,
OF001511,fake,aurora-20-1-25,base,unknown,True,234,1024,768,3,RGB,PNG,1130341,1.3333333333333333,True,aurora-20-1-25,fake::aurora-20-1-25,False,8ac40ddd5661808aa46520254b441e62,1511,47142.jpg,False,
OF001512,fake,ernie-image-turbo,image,2026-04,True,424,848,1264,3,RGB,JPEG,367514,0.6708860759493671,True,ernie-image-turbo,fake::ernie-image-turbo,False,09b615de236e0124da9dc4cf687c2492,1512,0061718.jpg,False,
OF001513,fake,aurora-20-1-25,base,unknown,True,53,1024,768,3,RGB,PNG,420764,1.3333333333333333,True,aurora-20-1-25,fake::aurora-20-1-25,False,77b06440e3b06510143660d68365043b,1513,00632.jpg,False,
OF001515,real,imagenet,real,,True,614,500,375,3,RGB,JPEG,147510,1.3333333333333333,True,imagenet,real::imagenet,False,4e72f6d74b0137dbae708ee9c34f0b0d,1515,n01784675_14403.JPEG,False,
OF001517,fake,gpt-image-1.5,image,2025-12,True,1044,1024,1536,3,RGB,PNG,2634736,0.6666666666666666,True,gpt-image-1.5,fake::gpt-image-1.5,False,4ae052e84344f76ce6089272d444b1b8,1517,0017152.jpg,False,
OF001519,fake,halfmoon-4-4-25,base,unknown,True,301,1248,832,3,RGB,PNG,1166095,1.5,True,halfmoon-4-4-25,fake::halfmoon-4-4-25,False,ed73668f4b2d7525ec37fccd6d2b4dfc,1519,14810.jpg,False,
OF001522,real,docci,real,,True,603,2048,1535,3,RGB,JPEG,349261,1.3342019543973942,True,docci,real::docci,False,2390e8a653e82dc4c0d4dec6e4f794af,1522,train_03785.jpg,False,
OF001523,real,docci,real,,True,578,2048,1536,3,RGB,JPEG,1046557,1.3333333333333333,True,docci,real::docci,False,0c25375e430ad763bac103117f2097c4,1523,test_00961.jpg,False,
OF001526,fake,sora-2,video,2026-03,True,2804,720,1280,3,RGB,JPEG,170564,0.5625,True,sora-2,fake::sora-2,False,ee67ce17241be44c29f4a7df286d00da,1526,0136661.jpg,False,
OF001527,real,imagenet,real,,True,564,500,404,3,RGB,JPEG,99512,1.2376237623762376,True,imagenet,real::imagenet,False,ff61a73b216e1eaebc081dcfa695697c,1527,n01531178_22562.JPEG,False,
OF001528,fake,midjourney-7,base,2025-04,True,684,1024,1024,3,RGB,PNG,1098222,1.0,True,midjourney-7,fake::midjourney-7,False,d48cade36727b7fa331e02a9518704bb,1528,20995.jpg,False,
OF001529,real,docci,real,,True,607,2048,1536,3,RGB,JPEG,359164,1.3333333333333333,True,docci,real::docci,False,4e9fa4b4ebfa0249f67d40ca3a1e1a3c,1529,test_03123.jpg,False,
OF001531,fake,midjourney-7,base,2025-04,True,728,1024,1024,3,RGB,PNG,1748844,1.0,True,midjourney-7,fake::midjourney-7,False,6ad9f0ffe08886ee18f89de91c35cd21,1531,499522.jpg,False,
OF001533,real,imagenet,real,,True,547,500,375,3,RGB,JPEG,133201,1.3333333333333333,True,imagenet,real::imagenet,False,2cd3c110c226762a13b1f12a2e4145be,1533,n01728920_6731.JPEG,False,
OF001534,fake,illustrious,image,2025-02,True,757,992,1456,3,RGB,JPEG,922123,0.6813186813186813,True,illustrious,fake::illustrious,False,ffd67c239a5edf4d0c45aa8c2bca55ef,1534,0027611.jpg,False,
OF001537,real,docci,real,,True,541,359,480,3,RGB,JPEG,28208,0.7479166666666667,True,docci,real::docci,False,fbf51d9b22bcc8712d80e0b359151599,1537,test_03015.jpg,False,
OF001539,fake,z-image-turbo,Base,2025-11-25,True,606,1024,1024,3,RGB,JPEG,361388,1.0,True,z-image-turbo,fake::z-image-turbo,False,b483022e3c61f67970d19eeb68541272,1539,1070114.jpg,False,
OF001542,real,docci,real,,True,556,480,360,3,RGB,JPEG,39417,1.3333333333333333,True,docci,real::docci,False,d01075f747f88c7992cee6af8e2ff1ca,1542,train_06727.jpg,False,
OF001543,fake,ernie-image,image,2026-04,True,600,720,1280,3,RGB,PNG,1260715,0.5625,True,ernie-image,fake::ernie-image,False,082296030c43fd1fc1cbee592c12dd78,1543,0033755.jpg,False,
OF001544,fake,z-image-turbo,image,2026-04,True,1093,896,1248,3,RGB,PNG,1240168,0.717948717948718,True,z-image-turbo,fake::z-image-turbo,False,570da35b85325fa0b8afad7891ae9923,1544,0066645.jpg,False,
OF001547,fake,veo-3,video,2025-12,True,72,1280,720,3,RGB,JPEG,144026,1.7777777777777777,True,veo-3,fake::veo-3,False,013cd0d77f59fe8ae5d798d9b85615ed,1547,0313617.jpg,False,
OF001548,fake,sora-2,image,2025-07,True,728,2560,3840,3,RGB,JPEG,1370687,0.6666666666666666,True,sora-2,fake::sora-2,False,6bc4afb5875d87e2c6b2102b88fc8c32,1548,0066934.jpg,False,
OF001550,real,docci,real,,True,729,2048,1536,3,RGB,JPEG,1220011,1.3333333333333333,True,docci,real::docci,False,0d91d662643e13d447c7f5bfc005f00a,1550,test_04988.jpg,False,
OF001551,real,docci,real,,True,666,1536,2048,3,RGB,JPEG,628603,0.75,True,docci,real::docci,False,124d2a19062b7a67f0d9425b1e38fce5,1551,test_02522.jpg,False,
OF001554,real,imagenet,real,,True,707,650,594,3,RGB,JPEG,113570,1.0942760942760943,True,imagenet,real::imagenet,False,73df53d94d0b6df7d9148288512b0c50,1554,n01622779_4350.JPEG,False,
OF001557,real,imagenet,real,,True,625,582,726,3,RGB,JPEG,96324,0.8016528925619835,True,imagenet,real::imagenet,False,a2db5697a1da33c52edaa05c2ed61008,1557,n01797886_21609.JPEG,False,
OF001562,fake,veo-3,video,2025-10,True,14,1920,1080,3,RGB,JPEG,459032,1.7777777777777777,True,veo-3,fake::veo-3,False,8336249685ce4468a8957c01a430c2ff,1562,0293807.jpg,False,
OF001563,real,docci,real,,True,425,2048,1536,3,RGB,JPEG,253537,1.3333333333333333,True,docci,real::docci,False,fe563e42f61fa6adc1a6d247ec419fe5,1563,qual_test_00049.jpg,False,
OF001568,real,docci,real,,True,335,1536,2048,3,RGB,JPEG,703933,0.75,True,docci,real::docci,False,9a5b9465a5e7f8ad799b27246560b56a,1568,train_03175.jpg,False,
OF001569,real,imagenet,real,,True,622,500,423,3,RGB,JPEG,99639,1.182033096926714,True,imagenet,real::imagenet,False,4099b077d31eeabfc37a4249b0e745fc,1569,n01773797_2061.JPEG,False,
OF001570,real,imagenet,real,,True,528,575,406,3,RGB,JPEG,35495,1.416256157635468,True,imagenet,real::imagenet,False,6aa3b9b704ca0f9cb82dc17c0823c7ac,1570,n01675722_6125.JPEG,False,
OF001571,real,docci,real,,True,713,1536,2048,3,RGB,JPEG,454690,0.75,True,docci,real::docci,False,e7dc501bdb161beee3dd54f52b01f705,1571,test_01295.jpg,False,
OF001573,real,docci,real,,True,552,2048,1536,3,RGB,JPEG,366130,1.3333333333333333,True,docci,real::docci,False,b1793d7da0f57ad8a15a8e22ef57e604,1573,test_03989.jpg,False,
OF001574,fake,illustrious,image,2025-11,True,454,1248,1824,3,RGB,JPEG,1140438,0.6842105263157895,True,illustrious,fake::illustrious,False,ee6804e60b6f88c1a64fc562773aafe9,1574,0058186.jpg,False,
OF001578,fake,ernie-image-turbo,image,2026-04,True,672,1056,1824,3,RGB,PNG,5070885,0.5789473684210527,True,ernie-image-turbo,fake::ernie-image-turbo,False,9bc79c759806502f53600d6df8866ae5,1578,0022740.jpg,False,
OF001579,real,imagenet,real,,True,661,500,375,3,RGB,JPEG,120961,1.3333333333333333,True,imagenet,real::imagenet,False,839f892dfb2ed7c5940dd3bde1ebb370,1579,n01784675_1971.JPEG,False,
OF001582,fake,z-image-turbo,Base,2025-11-25,True,571,1024,1024,3,RGB,JPEG,190642,1.0,True,z-image-turbo,fake::z-image-turbo,False,4f41d6b6689160fed9e9671e16aa173d,1582,944834.jpg,False,
OF001585,fake,flux.2-klein-9b,Base,2026-01-14,True,681,1024,1024,3,RGB,JPEG,428107,1.0,True,flux.2-klein-9b,fake::flux.2-klein-9b,False,9dfdc3bd6ca2d275b28ed67428b814ae,1585,948740.jpg,False,
OF001587,fake,wan-video-2.5,video,2026-03,True,700,960,960,3,RGB,JPEG,306543,1.0,True,wan-video-2.5,fake::wan-video-2.5,False,c7ab449dfd8ee33d0693e3f34d94f023,1587,0217907.jpg,False,
OF001588,fake,midjourney-7,base,2025-04,True,709,1024,1024,3,RGB,PNG,1750502,1.0,True,midjourney-7,fake::midjourney-7,False,232af682984af50b16768008f7fd1bbb,1588,33989.jpg,False,
OF001589,real,docci,real,,True,731,2048,1536,3,RGB,JPEG,248954,1.3333333333333333,True,docci,real::docci,False,6b0b5be61cdeecdb0f15a77ab2e343e9,1589,test_02031.jpg,False,
OF001594,real,docci,real,,True,383,1536,2048,3,RGB,JPEG,339133,0.75,True,docci,real::docci,False,2b83a201f1af1c5d5fdb31b92179a04c,1594,train_06542.jpg,False,
OF001595,fake,lumina-17-2-25,base,unknown,True,40,1024,1024,3,RGB,PNG,1732255,1.0,True,lumina-17-2-25,fake::lumina-17-2-25,False,5477c47600db2b83f524de1b32482937,1595,21677.jpg,False,
OF001597,real,imagenet,real,,True,461,300,265,3,RGB,JPEG,30592,1.1320754716981132,True,imagenet,real::imagenet,False,36f98bf61dff729737b601ed62d533c0,1597,n01776313_32149.JPEG,False,
OF001598,real,imagenet,real,,True,671,500,332,3,RGB,JPEG,155378,1.5060240963855422,True,imagenet,real::imagenet,False,164989ed44344e8ac4d798ec3dd300a5,1598,n01631663_9445.JPEG,False,
OF001599,real,docci,real,,True,773,1536,2048,3,RGB,JPEG,410717,0.75,True,docci,real::docci,False,622f82ac73197655f4ee014e3127b5cd,1599,train_02184.jpg,False,
OF001600,real,docci,real,,True,470,2048,1536,3,RGB,JPEG,279243,1.3333333333333333,True,docci,real::docci,False,73bf049c2fe062e79b0579c24489268c,1600,train_07660.jpg,False,
OF001601,fake,gpt-image-1.5,image,2026-01,True,702,1024,1536,3,RGB,PNG,2802154,0.6666666666666666,True,gpt-image-1.5,fake::gpt-image-1.5,False,21c222c57fa08aa5b977bbbbb6ae9617,1601,0035818.jpg,False,
OF001602,real,docci,real,,True,665,2048,1536,3,RGB,JPEG,902614,1.3333333333333333,True,docci,real::docci,False,c6e94393c3e5dc08d36c59449a3a909f,1602,train_08011.jpg,False,
OF001603,fake,midjourney-7,base,2025-04,True,671,896,1344,3,RGB,PNG,1835650,0.6666666666666666,True,midjourney-7,fake::midjourney-7,False,072a57499d3c436e36afaea312a7dbdf,1603,311624.jpg,False,
OF001604,fake,gpt-image-1.5,image,2025-12,True,905,1536,1024,3,RGB,JPEG,379432,1.5,True,gpt-image-1.5,fake::gpt-image-1.5,False,a66d3469a3aa0030b476038e0a67818d,1604,0085518.jpg,False,
OF001609,real,imagenet,real,,True,527,500,374,3,RGB,JPEG,186900,1.3368983957219251,True,imagenet,real::imagenet,False,b51ad6d690e2dd609d6e4144e2d0d685,1609,n01518878_8711.JPEG,False,
OF001611,real,imagenet,real,,True,634,500,375,3,RGB,JPEG,151827,1.3333333333333333,True,imagenet,real::imagenet,False,6176b312c3cbda296df4aef175e9ece1,1611,n01580077_2452.JPEG,False,
OF001613,fake,wan-video-2.5,video,2025-11,True,803,624,624,3,RGB,JPEG,103739,1.0,True,wan-video-2.5,fake::wan-video-2.5,False,90d349c96181aa30d42ac95b6ba24cba,1613,0231390.jpg,False,
OF001615,fake,ideogram-2.0,base,unknown,True,143,1280,800,3,RGB,PNG,1518453,1.6,True,ideogram-2.0,fake::ideogram-2.0,False,0596ce1c7c31baa5ed60d7702ae4a4fb,1615,47891.jpg,False,
OF001616,fake,gpt-image-1.5,image,2025-12,True,805,2728,4096,3,RGB,JPEG,1780545,0.666015625,True,gpt-image-1.5,fake::gpt-image-1.5,False,ec3b375c0210ad961b5d4eaa7ad49fa2,1616,0063305.jpg,False,
OF001621,fake,nano-banana-pro,video,2025-11,True,622,464,688,3,RGB,JPEG,112274,0.6744186046511628,True,nano-banana-pro,fake::nano-banana-pro,False,f2adcd3aa944abf9c911ae04fc407a4a,1621,0133952.jpg,False,
OF001624,fake,flux.2-klein-9b,Base,2026-01-14,True,488,1024,1024,3,RGB,JPEG,483261,1.0,True,flux.2-klein-9b,fake::flux.2-klein-9b,False,7e940fe0f067b406fa343ed95b37ee60,1624,1104672.jpg,False,
OF001626,real,imagenet,real,,True,488,500,500,3,RGB,JPEG,127330,1.0,True,imagenet,real::imagenet,False,18a0ab93e0e266c8430ecf1ea7037233,1626,n01518878_761.JPEG,False,
OF001628,fake,nano-banana-pro,video,2026-02,True,579,1280,704,3,RGB,JPEG,162692,1.818181818181818,True,nano-banana-pro,fake::nano-banana-pro,False,98043c0863405bef501285e95acd83d4,1628,0127492.jpg,False,
OF001629,real,imagenet,real,,True,741,425,283,3,RGB,JPEG,26909,1.5017667844522968,True,imagenet,real::imagenet,False,65e68ad0ca5df860c0e0b44b966866a3,1629,n01755581_13023.JPEG,False,
OF001632,real,imagenet,real,,True,567,500,357,3,RGB,JPEG,261178,1.4005602240896358,True,imagenet,real::imagenet,False,300438a8a6bbdbe883a6bff181fc4c54,1632,n01667778_5001.JPEG,False,
OF001639,fake,gpt-image-1.5,image,2025-12,True,844,1024,1536,3,RGB,PNG,3112628,0.6666666666666666,True,gpt-image-1.5,fake::gpt-image-1.5,False,d0ebfefdf03bf033f56bae72009d2b0c,1639,0011550.jpg,False,
OF001640,real,imagenet,real,,True,492,590,315,3,RGB,JPEG,30929,1.873015873015873,True,imagenet,real::imagenet,False,32729534c1ba9c1293a8712e835dbc6e,1640,n01753488_14789.JPEG,False,
OF001644,real,imagenet,real,,True,722,500,375,3,RGB,JPEG,137162,1.3333333333333333,True,imagenet,real::imagenet,False,a9d088bc4f050ffea9d0f595a0fd1367,1644,n01498041_3507.JPEG,False,
OF001647,real,docci,real,,True,604,1535,2048,3,RGB,JPEG,350251,0.74951171875,True,docci,real::docci,False,d22347f204fab46ecd2019b0a57f33f6,1647,train_08248.jpg,False,
OF001648,real,imagenet,real,,True,515,355,500,3,RGB,JPEG,100452,0.71,True,imagenet,real::imagenet,False,a465d8f0506dd0f4256a4f6ee61481d0,1648,n01829413_12100.JPEG,False,
OF001649,fake,gpt-image-2,image,2026-04,True,891,1024,1536,3,RGB,JPEG,415033,0.6666666666666666,True,gpt-image-2,fake::gpt-image-2,False,508059f3d262d463b086936ddcf4fcd9,1649,0092184.jpg,False,
OF001653,real,imagenet,real,,True,384,488,384,3,RGB,JPEG,56250,1.2708333333333333,True,imagenet,real::imagenet,False,69b64e8b568f839b790d14a57cc20172,1653,n01675722_5790.JPEG,False,
OF001654,real,docci,real,,True,468,2048,1536,3,RGB,JPEG,375785,1.3333333333333333,True,docci,real::docci,False,eb66929080103d0e5c28c7a0282a18d6,1654,test_00596.jpg,False,
OF001655,fake,wan-video-2.5,video,2025-11,True,640,960,960,3,RGB,JPEG,329325,1.0,True,wan-video-2.5,fake::wan-video-2.5,False,559fe87e7c96dedaf932c0ba68dc4328,1655,0215091.jpg,False,
OF001657,real,imagenet,real,,True,502,500,392,3,RGB,JPEG,86937,1.2755102040816326,True,imagenet,real::imagenet,False,350ec24590f9d2e8840199396c732489,1657,n01630670_9632.JPEG,False,
OF001658,fake,flux.2-klein-9b,Base,2026-01-14,True,713,1024,1024,3,RGB,JPEG,558301,1.0,True,flux.2-klein-9b,fake::flux.2-klein-9b,False,0a7d8119dfa4be40de1fa21b54896149,1658,1159720.jpg,False,
OF001659,fake,midjourney-7,base,2025-04,True,630,1024,1024,3,RGB,PNG,1024418,1.0,True,midjourney-7,fake::midjourney-7,False,08b83d40e1550ca1319aa404c349de67,1659,124227.jpg,False,
OF001660,real,docci,real,,True,506,1536,2048,3,RGB,JPEG,228285,0.75,True,docci,real::docci,False,10b8f1639f6bf1809f08e4ed541aa20a,1660,test_03071.jpg,False,
OF001661,real,imagenet,real,,True,596,350,291,3,RGB,JPEG,63850,1.2027491408934707,True,imagenet,real::imagenet,False,9d941430fee8271a317890eecba0b414,1661,n01773549_1469.JPEG,False,
OF001663,real,docci,real,,True,605,2048,1535,3,RGB,JPEG,357757,1.3342019543973942,True,docci,real::docci,False,37679f517c83acf293039d361a97634d,1663,test_03423.jpg,False,
OF001665,real,docci,real,,True,755,1536,2048,3,RGB,JPEG,297596,0.75,True,docci,real::docci,False,1b27af7c14e73155bd55645a1dafff68,1665,train_01278.jpg,False,
OF001667,fake,z-image-turbo,Base,2025-11-25,True,581,1024,1024,3,RGB,JPEG,151770,1.0,True,z-image-turbo,fake::z-image-turbo,False,bd22c632a7453bef2563588f93c43b9c,1667,1124265.jpg,False,
OF001668,fake,flux.2-klein-9b,Base,2026-01-14,True,667,1024,1024,3,RGB,JPEG,255027,1.0,True,flux.2-klein-9b,fake::flux.2-klein-9b,False,9236637914eba96f5360c0c313b819e0,1668,959015.jpg,False,
OF001669,real,docci,real,,True,634,2048,1536,3,RGB,JPEG,832446,1.3333333333333333,True,docci,real::docci,False,309e8a52777d1b0c2cf30d507ab3c890,1669,train_08169.jpg,False,
OF001673,fake,veo-3,video,2026-01,True,124,720,1280,3,RGB,JPEG,201956,0.5625,True,veo-3,fake::veo-3,False,ea905062c53e58e2fe63798eec8f9c05,1673,0167013.jpg,False,
OF001674,fake,recraft-v3,base,2024-10,True,507,600,600,3,RGB,JPEG,135873,1.0,True,recraft-v3,fake::recraft-v3,False,84466aa6530d0ed24e6f03dfb823936b,1674,17678.jpg,False,
OF001676,fake,wan-video-2.5,video,2026-04,True,290,428,930,3,RGB,JPEG,95656,0.4602150537634408,True,wan-video-2.5,fake::wan-video-2.5,False,8f805a2422377fda169b0845749839b7,1676,0162218.jpg,False,
OF001680,fake,illustrious,image,2026-04,True,648,832,1216,3,RGB,JPEG,201567,0.6842105263157895,True,illustrious,fake::illustrious,False,2fcfac7ecad443a386f685a35a2a6372,1680,0057416.jpg,False,
OF001685,fake,illustrious,image,2025-04,True,656,1280,1856,3,RGB,JPEG,230534,0.6896551724137931,True,illustrious,fake::illustrious,False,a6c22fd17e8eb55291ff38aa9d833ccd,1685,0051956.jpg,False,
OF001688,fake,midjourney-7,base,2025-04,True,571,1344,896,3,RGB,PNG,1910664,1.5,True,midjourney-7,fake::midjourney-7,False,f33ef5183d05f2b3dca9355910947aea,1688,56250.jpg,False,
OF001691,real,docci,real,,True,647,1536,2048,3,RGB,JPEG,178962,0.75,True,docci,real::docci,False,224628e6518e656c84a64eaabb3b29d5,1691,train_01814.jpg,False,
OF001692,real,docci,real,,True,720,2048,1535,3,RGB,JPEG,249985,1.3342019543973942,True,docci,real::docci,False,d950d3272724b6333540c3d96f380711,1692,train_07527.jpg,False,
OF001693,fake,gpt-image-1.5,image,2026-03,True,74,1024,1024,3,RGB,JPEG,394729,1.0,True,gpt-image-1.5,fake::gpt-image-1.5,False,28ed71f130cca38c22cbf4157103eebd,1693,0017861.jpg,False,
OF001697,real,docci,real,,True,637,2048,1536,3,RGB,JPEG,537658,1.3333333333333333,True,docci,real::docci,False,366a4520ddc8cd2cae1bb681f0344ec3,1697,test_02107.jpg,False,
OF001699,real,imagenet,real,,True,537,500,333,3,RGB,JPEG,63540,1.5015015015015014,True,imagenet,real::imagenet,False,f650e8412aeb5d401a0ea412d8f9fb43,1699,n01734418_3933.JPEG,False,
OF001700,real,docci,real,,True,434,1536,2048,3,RGB,JPEG,406572,0.75,True,docci,real::docci,False,406abe2e1c05ad1a95258dcc849571b0,1700,train_08313.jpg,False,
OF001703,fake,flux.2-klein-9b,Base,2026-01-14,True,846,1024,1024,3,RGB,JPEG,399995,1.0,True,flux.2-klein-9b,fake::flux.2-klein-9b,False,7f5ba49b4b1fc0316ba371054eaaf927,1703,1141801.jpg,False,
OF001704,fake,halfmoon-4-4-25,base,unknown,True,50,1248,832,3,RGB,PNG,1266165,1.5,True,halfmoon-4-4-25,fake::halfmoon-4-4-25,False,db5706e8774939781f21a70c624f04e0,1704,43352.jpg,False,
OF001705,fake,flux.2-klein-9b,Base,2026-01-14,True,749,1024,1024,3,RGB,JPEG,414586,1.0,True,flux.2-klein-9b,fake::flux.2-klein-9b,False,5fc79beefe2cb48f57e598b01289eda9,1705,950282.jpg,False,
OF001706,fake,z-image-turbo,Base,2025-11-25,True,716,1024,1024,3,RGB,JPEG,231599,1.0,True,z-image-turbo,fake::z-image-turbo,False,9e26796ab9b433709e9bfdf0fca9dfb2,1706,1073559.jpg,False,
OF001708,fake,z-image-turbo,image,2026-02,True,494,864,1152,3,RGB,PNG,1347049,0.75,True,z-image-turbo,fake::z-image-turbo,False,daa16d470fcd4f7853100a0ddc22b318,1708,0013934.jpg,False,
OF001712,fake,recraft-v3,base,2024-10,True,710,600,1066,3,RGB,JPEG,251427,0.5628517823639775,True,recraft-v3,fake::recraft-v3,False,05730449c227e205471761dd372b64a4,1712,30274.jpg,False,
OF001714,fake,recraft-v3,base,2024-10,True,364,600,600,3,RGB,JPEG,124751,1.0,True,recraft-v3,fake::recraft-v3,False,9de10fb62a12f692f4d41c5214c3f622,1714,12291.jpg,False,
OF001716,fake,wan-video-2.5,video,2025-10,True,76,720,1280,3,RGB,JPEG,228034,0.5625,True,wan-video-2.5,fake::wan-video-2.5,False,b2690dde2434b7ded7e36769ac004504,1716,0108675.jpg,False,
OF001722,real,docci,real,,True,628,1536,2048,3,RGB,JPEG,634587,0.75,True,docci,real::docci,False,9e987c493ad4c56ec528cc69519ba9ca,1722,train_06720.jpg,False,
OF001725,real,docci,real,,True,595,1535,2048,3,RGB,JPEG,753643,0.74951171875,True,docci,real::docci,False,627589bc95c7a66182016ebb55f52b0c,1725,test_04412.jpg,False,
OF001726,real,docci,real,,True,378,2048,1536,3,RGB,JPEG,798189,1.3333333333333333,True,docci,real::docci,False,38cbefb633a4802081736db6a40b4d4c,1726,train_07418.jpg,False,
OF001727,fake,wan-video-2.5,video,2025-10,True,56,1440,1440,3,RGB,JPEG,400878,1.0,True,wan-video-2.5,fake::wan-video-2.5,False,228e4e1f9db966c10d7ba1cdd1f31404,1727,0211243.jpg,False,
OF001729,real,docci,real,,True,607,2048,1536,3,RGB,JPEG,285092,1.3333333333333333,True,docci,real::docci,False,fbb66c79a1fb742d1bc3900f7628bfe0,1729,test_04098.jpg,False,
OF001730,fake,flux.2-klein-9b,Base,2026-01-14,True,513,1024,1024,3,RGB,JPEG,493718,1.0,True,flux.2-klein-9b,fake::flux.2-klein-9b,False,49c8e3b6416e3c2f3dfe1db639990b59,1730,1072269.jpg,False,
OF001731,fake,illustrious,image,2025-02,True,777,1080,1576,3,RGB,JPEG,1084200,0.6852791878172588,True,illustrious,fake::illustrious,False,bd294b4d64e264d3fb274edb64353717,1731,0098724.jpg,False,
OF001732,fake,illustrious,image,2025-08,True,646,2560,3840,4,RGBA,PNG,19109641,0.6666666666666666,True,illustrious,fake::illustrious,False,35f7a6496a8e081976ea7b010875735a,1732,0089685.jpg,False,
OF001733,real,docci,real,,True,687,2048,1536,3,RGB,JPEG,424945,1.3333333333333333,True,docci,real::docci,False,32c705d9daae6e36c2c8d204109201af,1733,test_01816.jpg,False,
OF001738,fake,ernie-image-turbo,image,2026-04,True,510,1264,848,3,RGB,JPEG,300363,1.490566037735849,True,ernie-image-turbo,fake::ernie-image-turbo,False,dc4cb2b281dd47991b5526233ecdd67e,1738,0000200.jpg,False,
OF001740,fake,veo-3,video,2025-12,True,6,1280,720,3,RGB,JPEG,177581,1.7777777777777777,True,veo-3,fake::veo-3,False,07ee0ed569ff06b3c2e756fa749539f1,1740,0308764.jpg,False,
OF001741,real,docci,real,,True,566,1536,2048,3,RGB,JPEG,142857,0.75,True,docci,real::docci,False,13d3e00bad68e7fb68a0b8e172632925,1741,train_00033.jpg,False,
OF001742,real,docci,real,,True,539,2048,1536,3,RGB,JPEG,1090842,1.3333333333333333,True,docci,real::docci,False,680021a96e86fa1ac86992ca89d01f64,1742,train_07671.jpg,False,
OF001743,fake,ernie-image-turbo,image,2026-04,True,643,1024,1024,3,RGB,JPEG,144149,1.0,True,ernie-image-turbo,fake::ernie-image-turbo,False,49f7b629a4027d314c93a93fa612491e,1743,0006207.jpg,False,
OF001744,real,docci,real,,True,839,2048,1536,3,RGB,JPEG,388880,1.3333333333333333,True,docci,real::docci,False,4842ce4775a21b58da4ef88187242c94,1744,test_00988.jpg,False,
OF001745,fake,aurora-20-1-25,base,unknown,True,56,1024,768,3,RGB,PNG,500246,1.3333333333333333,True,aurora-20-1-25,fake::aurora-20-1-25,False,6d62b71b6543e97bd41c620af84c88e3,1745,25924.jpg,False,
OF001748,fake,gpt-image-1.5,image,2025-12,True,753,1792,2400,3,RGB,PNG,6803394,0.7466666666666667,True,gpt-image-1.5,fake::gpt-image-1.5,False,abfc118dd8afc007e01662788d930014,1748,0075749.jpg,False,
OF001752,fake,midjourney-7,base,2025-04,True,377,1456,816,3,RGB,PNG,1094636,1.7843137254901962,True,midjourney-7,fake::midjourney-7,False,9c97bb00c58edfb0bad27c6aea5e084c,1752,92124.jpg,False,
OF001754,real,docci,real,,True,586,2048,1536,3,RGB,JPEG,614860,1.3333333333333333,True,docci,real::docci,False,43f373ab8eb6d6e7cef982fbbd71e7cd,1754,train_06893.jpg,False,
OF001757,fake,midjourney-7,base,2025-04,True,654,816,1456,3,RGB,PNG,1332975,0.5604395604395604,True,midjourney-7,fake::midjourney-7,False,82ee218bc3e6cd018ec744c1a8a2f84a,1757,413541.jpg,False,
OF001758,fake,illustrious,image,2026-03,True,687,1488,2176,3,RGB,JPEG,482216,0.6838235294117647,True,illustrious,fake::illustrious,False,4110951575a958be2f823ddf5b15a68a,1758,0061843.jpg,False,
OF001759,real,docci,real,,True,645,1536,2048,3,RGB,JPEG,758391,0.75,True,docci,real::docci,False,cc4363824dd9d3bc64b228fc8c18751c,1759,train_01070.jpg,False,
OF001762,fake,recraft-v2,base,unknown,True,269,1024,1024,3,RGB,PNG,1307140,1.0,True,recraft-v2,fake::recraft-v2,False,eef572c39e6d22500377b4e98b2a5e6b,1762,54946.jpg,False,
OF001763,real,imagenet,real,,True,561,500,366,3,RGB,JPEG,103619,1.366120218579235,True,imagenet,real::imagenet,False,fec1507e162544f2165daf3310c83624,1763,n01829413_16390.JPEG,False,
OF001767,real,imagenet,real,,True,582,500,333,3,RGB,JPEG,136256,1.5015015015015014,True,imagenet,real::imagenet,False,ed31fe22931a11e798b174eb9976e3af,1767,n01692333_9280.JPEG,False,
OF001768,fake,frames-23-1-25,base,unknown,True,27,1920,1088,3,RGB,PNG,2370478,1.7647058823529411,True,frames-23-1-25,fake::frames-23-1-25,False,8bdcb1907e560152a9bab351c9bbeeb6,1768,22755.jpg,False,
OF001772,fake,flux.2-klein-9b,Base,2026-01-14,True,757,1024,1024,3,RGB,JPEG,329186,1.0,True,flux.2-klein-9b,fake::flux.2-klein-9b,False,42bcb04a729f3992176225877990373b,1772,1058382.jpg,False,
OF001773,real,imagenet,real,,True,494,300,272,3,RGB,JPEG,24211,1.1029411764705883,True,imagenet,real::imagenet,False,1f7f8ae29d7dd3c42ede63dea89750fe,1773,n01734418_1499.JPEG,False,
OF001775,fake,veo-3,video,2025-12,True,369,720,1280,3,RGB,JPEG,366059,0.5625,True,veo-3,fake::veo-3,False,4604753e2573ed8774b730c70add290b,1775,0153855.jpg,False,
OF001776,real,docci,real,,True,441,1535,2048,3,RGB,JPEG,371350,0.74951171875,True,docci,real::docci,False,865c96c789ff8622ee6def0aef6085c8,1776,train_04169.jpg,False,
OF001777,fake,recraft-v3,base,2024-10,True,698,600,338,3,RGB,JPEG,95540,1.7751479289940828,True,recraft-v3,fake::recraft-v3,False,cf8e53d511647038064d202235a44628,1777,32848.jpg,False,
OF001778,real,docci,real,,True,577,2048,1536,3,RGB,JPEG,195530,1.3333333333333333,True,docci,real::docci,False,7971300f4abb598862c9f8f968fafa4a,1778,test_04893.jpg,False,
OF001779,fake,veo-3,video,2026-03,True,155,1080,1920,3,RGB,JPEG,379176,0.5625,True,veo-3,fake::veo-3,False,4a1a3c58a4d2efc8eb80d80cee95614d,1779,0243932.jpg,False,
OF001780,fake,recraft-v3,base,2024-10,True,704,600,338,3,RGB,JPEG,92031,1.7751479289940828,True,recraft-v3,fake::recraft-v3,False,c3716c87d8551317583de4804eba2818,1780,42342.jpg,False,
OF001782,fake,midjourney-7,base,2025-04,True,798,1456,816,3,RGB,PNG,1938032,1.7843137254901962,True,midjourney-7,fake::midjourney-7,False,0d295d707268d078eba84aca03fe7e75,1782,10663.jpg,False,
OF001784,fake,flux.2-klein-9b,Base,2026-01-14,True,618,1024,1024,3,RGB,JPEG,323535,1.0,True,flux.2-klein-9b,fake::flux.2-klein-9b,False,cde982257237770d4b4e479c3084f434,1784,1155332.jpg,False,
OF001785,real,docci,real,,True,513,1536,2048,3,RGB,JPEG,361271,0.75,True,docci,real::docci,False,b19580f5fe493fb6798a2766d9df03c8,1785,train_08359.jpg,False,
OF001787,fake,veo-3,video,2025-12,True,20,720,1280,3,RGB,JPEG,276782,0.5625,True,veo-3,fake::veo-3,False,dd41a98fd31494f1ebf5c2c4cf6b417d,1787,0329625.jpg,False,
OF001788,fake,recraft-v3,base,2024-10,True,494,600,600,3,RGB,JPEG,171393,1.0,True,recraft-v3,fake::recraft-v3,False,3853da7de70b554ea1757e8ce762e366,1788,24065.jpg,False,
OF001790,fake,recraft-v2,base,unknown,True,47,1024,1024,3,RGB,PNG,2258539,1.0,True,recraft-v2,fake::recraft-v2,False,4ac5fa6e224597adf086720f740666b2,1790,05902.jpg,False,
OF001791,fake,illustrious,image,2025-03,True,519,832,1216,3,RGB,JPEG,307473,0.6842105263157895,True,illustrious,fake::illustrious,False,2c7cc29d6bd9bb5c2f6020918ba1d9f0,1791,0070508.jpg,False,
OF001796,real,docci,real,,True,587,2048,1536,3,RGB,JPEG,214389,1.3333333333333333,True,docci,real::docci,False,bb7fc8149023ae0d20caafc4df93e08a,1796,train_00868.jpg,False,
OF001800,real,docci,real,,True,727,2048,1536,3,RGB,JPEG,1159080,1.3333333333333333,True,docci,real::docci,False,ab761b0b3120dc41e0b96c552ec01df3,1800,train_07116.jpg,False,
OF001804,fake,recraft-v3,base,2024-10,True,612,600,600,3,RGB,JPEG,180195,1.0,True,recraft-v3,fake::recraft-v3,False,28a52315684b6417e9498e067f3e3838,1804,43770.jpg,False,
OF001805,fake,z-image-turbo,Base,2025-11-25,True,761,1024,1024,3,RGB,JPEG,265374,1.0,True,z-image-turbo,fake::z-image-turbo,False,14a905382ffa544818e77c7a8bfd1bcc,1805,1132756.jpg,False,
OF001806,fake,gpt-image-1.5,image,2026-02,True,101,1536,1024,3,RGB,JPEG,87205,1.5,True,gpt-image-1.5,fake::gpt-image-1.5,False,989863cfb4f722d47b925a09690a7495,1806,0048213.jpg,False,
OF001808,fake,z-image-turbo,image,2026-02,True,597,1088,1920,3,RGB,PNG,2762893,0.5666666666666667,True,z-image-turbo,fake::z-image-turbo,False,825eb34f4af0f4406d9dcee22785f4c9,1808,0076668.jpg,False,
OF001809,real,imagenet,real,,True,586,500,336,3,RGB,JPEG,144961,1.488095238095238,True,imagenet,real::imagenet,False,0066febcc6fa51002b878c8fd9c8af33,1809,n01737021_8235.JPEG,False,
OF001810,fake,veo-3,video,2025-10,True,43,1920,1080,3,RGB,JPEG,356099,1.7777777777777777,True,veo-3,fake::veo-3,False,7c878a4fcb4dd4e92eb535e80a5a5fbc,1810,0245537.jpg,False,
OF001812,fake,veo-3,video,2026-01,True,592,1280,720,3,RGB,JPEG,196092,1.7777777777777777,True,veo-3,fake::veo-3,False,f0700593ec4e3f9e1e665d7a85e3abc0,1812,0217273.jpg,False,
OF001815,real,docci,real,,True,555,2048,1536,3,RGB,JPEG,470333,1.3333333333333333,True,docci,real::docci,False,fe714612bd43aedb2048e6daeec7b8b9,1815,train_01753.jpg,False,
OF001818,fake,illustrious,image,2025-07,True,600,1536,2688,3,RGB,WEBP,4694150,0.5714285714285714,True,illustrious,fake::illustrious,False,73eb37abe22d79bae322828a20d591ce,1818,0008410.jpg,False,
OF001821,real,imagenet,real,,True,473,550,608,3,RGB,JPEG,49770,0.9046052631578948,True,imagenet,real::imagenet,False,92ca9d75be178850ee45b5e77fe130a9,1821,n01644373_15591.JPEG,False,
OF001824,real,docci,real,,True,394,2048,1536,3,RGB,JPEG,743864,1.3333333333333333,True,docci,real::docci,False,4b06ca9d886efd19a67853e24c16198d,1824,train_00943.jpg,False,
OF001825,fake,flux.2-klein-9b,Base,2026-01-14,True,635,1024,1024,3,RGB,JPEG,404552,1.0,True,flux.2-klein-9b,fake::flux.2-klein-9b,False,7050f528f25e9dd1a99513f96233404f,1825,1068898.jpg,False,
OF001828,real,docci,real,,True,603,2048,1536,3,RGB,JPEG,156058,1.3333333333333333,True,docci,real::docci,False,35843316d7fa730ebd45a8881cabc8ed,1828,test_01932.jpg,False,
OF001831,real,imagenet,real,,True,509,700,444,3,RGB,JPEG,20441,1.576576576576577,True,imagenet,real::imagenet,False,21c7ce8870db0c220289c93af7099abc,1831,n01494475_7521.JPEG,False,
OF001833,real,docci,real,,True,520,2048,1536,3,RGB,JPEG,800200,1.3333333333333333,True,docci,real::docci,False,0551bf86b988f04285aec7cc21043d42,1833,test_02086.jpg,False,
OF001834,real,imagenet,real,,True,461,500,334,3,RGB,JPEG,117049,1.497005988023952,True,imagenet,real::imagenet,False,4b631aae15a6dfcd1217b075dfa56098,1834,n01729977_12196.JPEG,False,
OF001838,real,imagenet,real,,True,565,357,169,3,RGB,JPEG,9015,2.1124260355029585,True,imagenet,real::imagenet,False,533271760e4111d5bd0026e420b1eca4,1838,n01630670_466.JPEG,False,
OF001839,fake,nano-banana-pro,image,2025-11,True,585,1536,2752,3,RGB,PNG,5890133,0.5581395348837209,True,nano-banana-pro,fake::nano-banana-pro,False,b74b36ff41ee0154bf37c891bbe83a92,1839,0013922.jpg,False,
OF001840,fake,veo-3,video,2025-10,True,662,1080,1920,3,RGB,JPEG,533494,0.5625,True,veo-3,fake::veo-3,False,41f56699184b541a2aeb23c958cac187,1840,0121122.jpg,False,
OF001843,real,imagenet,real,,True,575,399,500,3,RGB,JPEG,116767,0.798,True,imagenet,real::imagenet,False,c830aeacd6d693ec11f74a143cc0af03,1843,n01773157_8093.JPEG,False,
OF001844,fake,veo-3,video,2025-09,True,129,1280,720,3,RGB,JPEG,154429,1.7777777777777777,True,veo-3,fake::veo-3,False,c0bd65500ccc5fde74a197b038983f38,1844,0140067.jpg,False,
OF001845,real,imagenet,real,,True,505,500,353,3,RGB,JPEG,245954,1.4164305949008498,True,imagenet,real::imagenet,False,6be790d1b30ffc1a385c728dd78747a1,1845,n01784675_2116.JPEG,False,
OF001847,fake,flux.2-klein-9b,Base,2026-01-14,True,705,1024,1024,3,RGB,JPEG,407426,1.0,True,flux.2-klein-9b,fake::flux.2-klein-9b,False,481f3b7935a84910d7e65d87021bb0ca,1847,1153333.jpg,False,
OF001849,fake,z-image-turbo,image,2026-01,True,510,1024,1664,3,RGB,PNG,2847924,0.6153846153846154,True,z-image-turbo,fake::z-image-turbo,False,a8b44904df255529cb4a5ca5d91c191e,1849,0080000.jpg,False,
OF001850,fake,flux.2-klein-9b,Base,2026-01-14,True,639,1024,1024,3,RGB,JPEG,392201,1.0,True,flux.2-klein-9b,fake::flux.2-klein-9b,False,17ebab9ebf2ff045d1056cfb10ae499e,1850,1132909.jpg,False,
OF001854,fake,flux.2-klein-9b,Base,2026-01-14,True,659,1024,1024,3,RGB,JPEG,379447,1.0,True,flux.2-klein-9b,fake::flux.2-klein-9b,False,e28ede807baa255c0c08c6dec71f2f6e,1854,1124063.jpg,False,
OF001855,real,imagenet,real,,True,511,500,334,3,RGB,JPEG,105035,1.497005988023952,True,imagenet,real::imagenet,False,2d183edd96761e59513b48be5cd6ce50,1855,n01622779_9829.JPEG,False,
OF001856,fake,flux.2-klein-9b,Base,2026-01-14,True,660,1024,1024,3,RGB,JPEG,196090,1.0,True,flux.2-klein-9b,fake::flux.2-klein-9b,False,4cf922ee1a1ba50da93393abc01ad01b,1856,1130800.jpg,False,
OF001857,real,docci,real,,True,545,2048,1536,3,RGB,JPEG,215598,1.3333333333333333,True,docci,real::docci,False,0094e71b2c01fde04b7de583888ed691,1857,train_03182.jpg,False,
OF001859,real,docci,real,,True,438,2048,1536,3,RGB,JPEG,921709,1.3333333333333333,True,docci,real::docci,False,e0cc3b54ea13c09aef827cf10c367d0c,1859,train_08522.jpg,False,
OF001860,fake,gpt-image-1.5,image,2026-01,True,1440,1024,1536,3,RGB,PNG,3075802,0.6666666666666666,True,gpt-image-1.5,fake::gpt-image-1.5,False,7f04e8e0dcced3b6aa1092b75cf597cb,1860,0038210.jpg,False,
OF001861,fake,midjourney-7,base,2025-04,True,591,1456,816,3,RGB,PNG,1381525,1.7843137254901962,True,midjourney-7,fake::midjourney-7,False,e5f6a40b10edfc862ebf9c175ee89c31,1861,642580.jpg,False,
OF001862,fake,ernie-image-turbo,image,2026-04,True,265,1024,1536,3,RGB,JPEG,289573,0.6666666666666666,True,ernie-image-turbo,fake::ernie-image-turbo,False,636084e36c76825a2df9ba7731e219a3,1862,0063130.jpg,False,
OF001866,real,imagenet,real,,True,630,500,375,3,RGB,JPEG,102794,1.3333333333333333,True,imagenet,real::imagenet,False,0bf255fcfbac7e56f8f0f3df96ef71f3,1866,n01775062_3838.JPEG,False,
OF001870,fake,illustrious,image,2025-09,True,615,1280,1856,3,RGB,JPEG,585210,0.6896551724137931,True,illustrious,fake::illustrious,False,1a8b932174984bf109fb120254e766cc,1870,0048273.jpg,False,
OF001873,real,docci,real,,True,691,1536,2048,3,RGB,JPEG,427019,0.75,True,docci,real::docci,False,411a6396017b33a0ada75376ff5c8087,1873,train_06342.jpg,False,
OF001875,fake,veo-3,video,2025-12,True,20,720,1280,3,RGB,JPEG,238585,0.5625,True,veo-3,fake::veo-3,False,8f8985b3728af415bf272176a947b2aa,1875,0329624.jpg,False,
OF001876,fake,gpt-image-1.5,image,2026-02,True,503,1024,1024,3,RGB,JPEG,265719,1.0,True,gpt-image-1.5,fake::gpt-image-1.5,False,001cb721edfa5731d6101d8c98fb25be,1876,0038329.jpg,False,
OF001877,fake,gpt-image-1.5,video,2026-02,True,565,1168,1776,3,RGB,JPEG,491578,0.6576576576576577,True,gpt-image-1.5,fake::gpt-image-1.5,False,e5bbdd1413ad1f42532005e11a2009b9,1877,0283974.jpg,False,
OF001883,fake,illustrious,image,2025-07,True,710,832,1216,3,RGB,JPEG,161400,0.6842105263157895,True,illustrious,fake::illustrious,False,45efc234f4bda27d03ff22eb5645bdcd,1883,0093903.jpg,False,
OF001886,real,docci,real,,True,553,1536,2048,3,RGB,JPEG,521637,0.75,True,docci,real::docci,False,c4d86f9ef39705aa7c3f3ff18bfe6726,1886,train_02957.jpg,False,
OF001889,fake,gpt-image-1.5,image,2026-02,True,598,1024,1536,3,RGB,PNG,2504921,0.6666666666666666,True,gpt-image-1.5,fake::gpt-image-1.5,False,2efb9be247c74e75308bc70f6dd7a129,1889,0013048.jpg,False,
OF001893,fake,wan-video-2.5,video,2025-11,True,724,764,522,3,RGB,JPEG,129828,1.4636015325670495,True,wan-video-2.5,fake::wan-video-2.5,False,8dc9596ae8fba5e912022076f6d8e3fb,1893,0285728.jpg,False,
OF001895,real,docci,real,,True,604,1536,2048,3,RGB,JPEG,423438,0.75,True,docci,real::docci,False,b7c351e7ae96b3b37d56f14bd1f68d1c,1895,train_08513.jpg,False,
OF001896,fake,sora-2,image,2025-05,True,568,1024,1536,3,RGB,JPEG,196421,0.6666666666666666,True,sora-2,fake::sora-2,False,c58ee589cffa742cbec5d11a99913fc3,1896,0024258.jpg,False,
OF001897,real,docci,real,,True,512,1280,1707,3,RGB,JPEG,167079,0.7498535442296427,True,docci,real::docci,False,117f3c484f3c1c3147f44b4d91e9cc26,1897,test_02510.jpg,False,
OF001898,real,docci,real,,True,661,2048,1536,3,RGB,JPEG,178659,1.3333333333333333,True,docci,real::docci,False,8cab4d833eac5c47a87a4e7b243b4f4b,1898,test_00028.jpg,False,
OF001900,fake,illustrious,image,2025-09,True,856,1664,2432,3,RGB,PNG,4989429,0.6842105263157895,True,illustrious,fake::illustrious,False,f7f78a53759fa31611f574de01e03587,1900,0090328.jpg,False,
OF001903,fake,illustrious,image,2025-10,True,587,2048,3072,3,RGB,PNG,8064558,0.6666666666666666,True,illustrious,fake::illustrious,False,848762341abe118a30426dc516bf3178,1903,0054246.jpg,False,
OF001904,fake,illustrious,image,2025-09,True,624,1664,2432,3,RGB,PNG,5843237,0.6842105263157895,True,illustrious,fake::illustrious,False,eb9113c7df321982c28c03ab115260eb,1904,0079213.jpg,False,
OF001905,fake,recraft-v3,base,2024-10,True,511,600,800,3,RGB,JPEG,210712,0.75,True,recraft-v3,fake::recraft-v3,False,d95f7ba2d3cb9a3b3b8ca1f1fa7f7770,1905,19041.jpg,False,
OF001906,real,docci,real,,True,592,2048,1536,3,RGB,JPEG,240810,1.3333333333333333,True,docci,real::docci,False,25a9e4c773113879ba5a8541a283af21,1906,train_03580.jpg,False,
OF001910,fake,z-image-turbo,image,2026-04,True,933,896,1248,3,RGB,PNG,1118656,0.717948717948718,True,z-image-turbo,fake::z-image-turbo,False,7d25a9a6c7010c93eb1804243dabe2fb,1910,0098570.jpg,False,
OF001911,real,docci,real,,True,523,2048,1535,3,RGB,JPEG,429638,1.3342019543973942,True,docci,real::docci,False,90c723d80c43ddadf70ff61a72564f6d,1911,test_01539.jpg,False,
OF001917,fake,nano-banana-pro,video,2025-11,True,626,464,688,3,RGB,JPEG,110409,0.6744186046511628,True,nano-banana-pro,fake::nano-banana-pro,False,29f16f155b1c53473911a40e63869bfe,1917,0133951.jpg,False,
OF001919,fake,gpt-image-1.5,image,2025-12,True,1351,1024,1536,3,RGB,PNG,3439735,0.6666666666666666,True,gpt-image-1.5,fake::gpt-image-1.5,False,3c307a367b261de43d77ced31bcc6906,1919,0016414.jpg,False,
OF001920,real,docci,real,,True,839,2048,1536,3,RGB,JPEG,492011,1.3333333333333333,True,docci,real::docci,False,5dc72133c914c2cc7d455e25369d38c9,1920,train_06573.jpg,False,
OF001921,fake,illustrious,image,2025-09,True,556,1664,2432,3,RGB,PNG,4816511,0.6842105263157895,True,illustrious,fake::illustrious,False,effd9bb8f9f0c0e1831923fb8a986746,1921,0077512.jpg,False,
OF001922,fake,lumina-17-2-25,base,unknown,True,23,1024,1024,3,RGB,PNG,1996840,1.0,True,lumina-17-2-25,fake::lumina-17-2-25,False,767de331080d85e14fe9268ec95c3b79,1922,33012.jpg,False,
OF001923,fake,midjourney-7,base,2025-04,True,775,816,1456,3,RGB,PNG,1208214,0.5604395604395604,True,midjourney-7,fake::midjourney-7,False,2cb4f32489174b286cb6651a824fd444,1923,17795.jpg,False,
OF001926,fake,flux.2-klein-9b,Base,2026-01-14,True,654,1024,1024,3,RGB,JPEG,383869,1.0,True,flux.2-klein-9b,fake::flux.2-klein-9b,False,360cbf247e9409068d2873c3e2462912,1926,966907.jpg,False,
OF001933,fake,recraft-v3,base,2024-10,True,431,600,338,3,RGB,JPEG,48823,1.7751479289940828,True,recraft-v3,fake::recraft-v3,False,4f246f22bdecb431bf121f218d508421,1933,41442.jpg,False,
OF001936,fake,illustrious,image,2025-09,True,662,1248,1824,4,RGBA,PNG,3408535,0.6842105263157895,True,illustrious,fake::illustrious,False,5bd7d045954e629b5e93b12f94859e88,1936,0076596.jpg,False,
OF001949,fake,flux.2-klein-9b,Base,2026-01-14,True,736,1024,1024,3,RGB,JPEG,418216,1.0,True,flux.2-klein-9b,fake::flux.2-klein-9b,False,8d0419cee24cfa685ac16b46d3e33a25,1949,1119163.jpg,False,
OF001952,fake,illustrious,image,2025-01,True,637,832,1216,3,RGB,JPEG,180238,0.6842105263157895,True,illustrious,fake::illustrious,False,f617348426e8f01f9dc698643b7356c7,1952,0005248.jpg,False,
OF001953,fake,illustrious,image,2026-04,True,195,1024,1024,3,RGB,JPEG,98414,1.0,True,illustrious,fake::illustrious,False,4908da5dba7703b6d0ebdd1311b2ca36,1953,0069371.jpg,False,
OF001955,fake,veo-3,video,2025-09,True,110,1280,720,3,RGB,JPEG,222662,1.7777777777777777,True,veo-3,fake::veo-3,False,025042243e9ef2a187fd7cfddf784ae1,1955,0265103.jpg,False,
OF001957,fake,gpt-image-2,image,2026-04,True,534,1114,1412,3,RGB,PNG,2822626,0.7889518413597734,True,gpt-image-2,fake::gpt-image-2,False,dca0810f8ed15ae56268f6761cb49f03,1957,0070090.jpg,False,
OF001958,real,imagenet,real,,True,546,500,375,3,RGB,JPEG,97064,1.3333333333333333,True,imagenet,real::imagenet,False,cd6039826988b40396b95eea8f252ddb,1958,n01498041_5280.JPEG,False,
OF001959,fake,illustrious,image,2025-08,True,490,1024,1024,3,RGB,JPEG,302203,1.0,True,illustrious,fake::illustrious,False,631b8fa299825ebcd1d82e217552eedd,1959,0011399.jpg,False,
OF001960,fake,midjourney-7,base,2025-04,True,689,1024,1024,3,RGB,PNG,1537670,1.0,True,midjourney-7,fake::midjourney-7,False,0cc4083f32bba4485a75a34ba7a09a5c,1960,479152.jpg,False,
OF001962,real,docci,real,,True,608,2048,1536,3,RGB,JPEG,611873,1.3333333333333333,True,docci,real::docci,False,6cb05db26275811de6a2e77a245d6bef,1962,train_03318.jpg,False,
OF001963,fake,seedream-v5.0,image,2026-03,True,213,2048,2048,3,RGB,JPEG,437539,1.0,True,seedream-v5.0,fake::seedream-v5.0,False,6c6861ee098c99b4377d74ab7f735c49,1963,0024099.jpg,False,
OF001966,fake,midjourney-7,base,2025-04,True,504,1456,832,3,RGB,PNG,1366535,1.75,True,midjourney-7,fake::midjourney-7,False,8d57c839fafc6b0b33edacdd5029717d,1966,16762.jpg,False,
OF001967,real,docci,real,,True,412,2048,1536,3,RGB,JPEG,384594,1.3333333333333333,True,docci,real::docci,False,5e287ff93494c5de42d77514886f6ebc,1967,train_02748.jpg,False,
OF001970,fake,flux.2-klein-9b,Base,2026-01-14,True,662,1024,1024,3,RGB,JPEG,260651,1.0,True,flux.2-klein-9b,fake::flux.2-klein-9b,False,44eda5a0426cc59d0c6ec0ef723d93b7,1970,986238.jpg,False,
OF001975,real,imagenet,real,,True,660,472,500,3,RGB,JPEG,139579,0.944,True,imagenet,real::imagenet,False,1b6de309c2fcd413e3dcb99da00b1611,1975,n01614925_1720.JPEG,False,
OF001976,fake,flux.2-klein-9b,Base,2026-01-14,True,759,1024,1024,3,RGB,JPEG,428639,1.0,True,flux.2-klein-9b,fake::flux.2-klein-9b,False,d491a9d75daa6574f212f1fd1c438147,1976,1078028.jpg,False,
OF001978,fake,veo-3,video,2025-12,True,290,720,1280,3,RGB,JPEG,314237,0.5625,True,veo-3,fake::veo-3,False,0ab497e0b3c2f1be72c6a1b1026414a0,1978,0168316.jpg,False,
OF001981,real,imagenet,real,,True,550,500,375,3,RGB,JPEG,89976,1.3333333333333333,True,imagenet,real::imagenet,False,90c14bae53071af4ea182b7788781c27,1981,n01773157_9678.JPEG,False,
OF001987,real,docci,real,,True,688,359,480,3,RGB,JPEG,37980,0.7479166666666667,True,docci,real::docci,False,c0c8e9cba7de4595f7782840248bad17,1987,train_04085.jpg,False,
OF001990,real,imagenet,real,,True,497,500,375,3,RGB,JPEG,112616,1.3333333333333333,True,imagenet,real::imagenet,False,1557794be20be3cde3e9f12d3835efc7,1990,n01531178_7349.JPEG,False,
OF001993,real,imagenet,real,,True,596,500,333,3,RGB,JPEG,110779,1.5015015015015014,True,imagenet,real::imagenet,False,c9178d46ea9bd8e905d7ba9d1a6949ea,1993,n01755581_918.JPEG,False,
OF001994,fake,flux.2-klein-9b,Base,2026-01-14,True,624,1024,1024,3,RGB,JPEG,486786,1.0,True,flux.2-klein-9b,fake::flux.2-klein-9b,False,a046394566296b18acc016ba84cc0ce0,1994,1083794.jpg,False,
OF001995,real,docci,real,,True,623,1536,2048,3,RGB,JPEG,306246,0.75,True,docci,real::docci,False,38d08d40f61f13c7b7cca6c2971a6c36,1995,test_01111.jpg,False,
OF001997,real,docci,real,,True,663,1536,2048,3,RGB,JPEG,246562,0.75,True,docci,real::docci,False,3c91d057c24605971dd72c2599395f6f,1997,test_01784.jpg,False,
OF001998,real,imagenet,real,,True,665,500,375,3,RGB,JPEG,119995,1.3333333333333333,True,imagenet,real::imagenet,False,e4f8ecdc90eedbbca0ea4f394a341315,1998,n01491361_8235.JPEG,False,
OF001999,real,imagenet,real,,True,576,500,332,3,RGB,JPEG,151398,1.5060240963855422,True,imagenet,real::imagenet,False,072f25f866c4a2b480bdd7c88b0b0ff4,1999,n01735189_8125.JPEG,False,
OF002000,fake,midjourney-7,base,2025-04,True,638,1456,816,3,RGB,PNG,1634948,1.7843137254901962,True,midjourney-7,fake::midjourney-7,False,4be499065ce7d398ee9ce20ea59126e9,2000,35010.jpg,False,
OF002002,real,docci,real,,True,796,1600,1200,3,RGB,JPEG,440740,1.3333333333333333,True,docci,real::docci,False,e429eafa3675dea3e4de67be9244b4a1,2002,test_04909.jpg,False,
OF002005,real,imagenet,real,,True,610,550,413,3,RGB,JPEG,18155,1.3317191283292975,True,imagenet,real::imagenet,False,78f052956014a8f93f49725a8b80a69f,2005,n01632777_23565.JPEG,False,
OF002008,real,imagenet,real,,True,618,352,323,3,RGB,JPEG,49835,1.089783281733746,True,imagenet,real::imagenet,False,340e3701bc9b2a01e3a485bf127e8054,2008,n01694178_3316.JPEG,False,
OF002010,real,docci,real,,True,777,1536,2048,3,RGB,JPEG,591573,0.75,True,docci,real::docci,False,a8ffacfd5ebed8885c89b9483488a821,2010,test_01210.jpg,False,
OF002011,real,imagenet,real,,True,326,450,338,3,RGB,JPEG,56921,1.331360946745562,True,imagenet,real::imagenet,False,3434ae2937d51ecca706e5d0135b8c5c,2011,n01748264_1753.JPEG,False,
OF002013,fake,z-image-turbo,image,2026-03,True,632,2688,3840,3,RGB,JPEG,1667916,0.7,True,z-image-turbo,fake::z-image-turbo,False,6460fb5771e61b1c2d9d43f34339053b,2013,0086429.jpg,False,
OF002015,real,imagenet,real,,True,549,500,332,3,RGB,JPEG,135986,1.5060240963855422,True,imagenet,real::imagenet,False,137a5b3a35270190bd5ce5c09c275cbd,2015,n01667114_5387.JPEG,False,
OF002017,real,imagenet,real,,True,391,500,375,3,RGB,JPEG,119616,1.3333333333333333,True,imagenet,real::imagenet,False,297ed36cfa2852d2ba584ca7f19dd6de,2017,n01784675_12635.JPEG,False,
OF002018,real,docci,real,,True,579,1536,2048,3,RGB,JPEG,299409,0.75,True,docci,real::docci,False,0dfa48370589986cbebc0d13d2ceb8de,2018,test_00584.jpg,False,
OF002020,fake,gpt-image-1.5,image,2026-03,True,593,1024,1536,3,RGB,PNG,3095150,0.6666666666666666,True,gpt-image-1.5,fake::gpt-image-1.5,False,47f21ea6ee02681150e008abd917c2f7,2020,0094976.jpg,False,
OF002021,fake,z-image-turbo,Base,2025-11-25,True,555,1024,1024,3,RGB,JPEG,204538,1.0,True,z-image-turbo,fake::z-image-turbo,False,7e6fd3f8c559cf832710f9df74ed68b1,2021,1059702.jpg,False,
OF002023,real,docci,real,,True,589,2048,1536,3,RGB,JPEG,127624,1.3333333333333333,True,docci,real::docci,False,5891bb5cfdcd647c1af3ae4e1defac64,2023,train_01113.jpg,False,
OF002025,real,imagenet,real,,True,455,500,333,3,RGB,JPEG,152157,1.5015015015015014,True,imagenet,real::imagenet,False,a5af814e660fb7e3576ec842d029c6aa,2025,n01687978_408.JPEG,False,
OF002026,real,docci,real,,True,674,1536,2048,3,RGB,JPEG,337920,0.75,True,docci,real::docci,False,0d4f0c8990e0da83934966ec5e45e6a9,2026,train_07512.jpg,False,
OF002028,real,imagenet,real,,True,391,500,375,3,RGB,JPEG,85093,1.3333333333333333,True,imagenet,real::imagenet,False,932294b7166f27eb8c921431f6acae9a,2028,n01608432_13654.JPEG,False,
OF002032,real,imagenet,real,,True,348,500,352,3,RGB,JPEG,134983,1.4204545454545454,True,imagenet,real::imagenet,False,2ff6a64bf7859d23c924e672a171df34,2032,n01534433_10382.JPEG,False,
OF002034,real,docci,real,,True,558,2048,1536,3,RGB,JPEG,517525,1.3333333333333333,True,docci,real::docci,False,7c10b26ccc7fe370ab2d7372e6f99821,2034,test_03164.jpg,False,
OF002039,real,docci,real,,True,566,2048,1536,3,RGB,JPEG,828050,1.3333333333333333,True,docci,real::docci,False,1442b0c087f81990754216571b7ce99c,2039,train_07423.jpg,False,
OF002040,fake,z-image-turbo,Base,2025-11-25,True,784,1024,1024,3,RGB,JPEG,298345,1.0,True,z-image-turbo,fake::z-image-turbo,False,0ab69a4ffd7ee4bb8f64ee07031296bf,2040,968575.jpg,False,
OF002046,real,docci,real,,True,550,480,360,3,RGB,JPEG,21301,1.3333333333333333,True,docci,real::docci,False,b85fca2c78866284edff8fb83e08101e,2046,test_04586.jpg,False,
OF002049,fake,seedream-v5.0,image,2026-03,True,1673,2560,1440,3,RGB,JPEG,458753,1.7777777777777777,True,seedream-v5.0,fake::seedream-v5.0,False,cbd9c4cf28cf5c8fc001b157c408ff81,2049,0009264.jpg,False,
OF002050,real,docci,real,,True,760,2048,1536,3,RGB,JPEG,561940,1.3333333333333333,True,docci,real::docci,False,e5c77235800074186e4527e0687e25b1,2050,train_08435.jpg,False,
OF002051,fake,z-image-turbo,Base,2025-11-25,True,509,1024,1024,3,RGB,JPEG,93643,1.0,True,z-image-turbo,fake::z-image-turbo,False,6b35a49759314354a31ec1b22da12b5d,2051,1113507.jpg,False,
OF002052,fake,z-image-turbo,Base,2025-11-25,True,824,1024,1024,3,RGB,JPEG,158673,1.0,True,z-image-turbo,fake::z-image-turbo,False,2ae5afd4d62a5d160c959930507aa425,2052,948049.jpg,False,
OF002057,fake,gpt-image-1.5,image,2026-04,True,364,1024,1536,3,RGB,PNG,2514836,0.6666666666666666,True,gpt-image-1.5,fake::gpt-image-1.5,False,6f71c8e8d63387419518b92297a91aa4,2057,0063617.jpg,False,
OF002059,fake,sora-2,video,2026-03,True,307,720,1280,3,RGB,JPEG,119800,0.5625,True,sora-2,fake::sora-2,False,a5f221bf47a8d30518c4fe531740f685,2059,0294069.jpg,False,
OF002060,fake,midjourney-7,base,2025-04,True,648,1024,1024,3,RGB,PNG,1431031,1.0,True,midjourney-7,fake::midjourney-7,False,04ce04cafcae927e8bf1ac034a9467b3,2060,894375.jpg,False,
OF002063,real,imagenet,real,,True,622,500,334,3,RGB,JPEG,113757,1.497005988023952,True,imagenet,real::imagenet,False,a20739358ff1d4a753b94fea77507027,2063,n01784675_21769.JPEG,False,
OF002067,real,imagenet,real,,True,795,500,334,3,RGB,JPEG,118592,1.497005988023952,True,imagenet,real::imagenet,False,5e15b26e136f2e57e33e2ba64bc68695,2067,n01751748_463.JPEG,False,
OF002068,real,imagenet,real,,True,501,500,375,3,RGB,JPEG,148789,1.3333333333333333,True,imagenet,real::imagenet,False,74fe27475c5075fe23ff891d1ec8e7a3,2068,n01698640_2848.JPEG,False,
OF002070,real,docci,real,,True,566,2048,1536,3,RGB,JPEG,135666,1.3333333333333333,True,docci,real::docci,False,dee8e69bad023f4a9ed06ec7541fbbb5,2070,train_01595.jpg,False,
OF002073,fake,recraft-v3,base,2024-10,True,590,600,600,3,RGB,JPEG,170305,1.0,True,recraft-v3,fake::recraft-v3,False,3313f299892175cf4380baa89ba15dd3,2073,25088.jpg,False,
OF002075,fake,midjourney-7,base,2025-04,True,782,1456,816,3,RGB,PNG,1879635,1.7843137254901962,True,midjourney-7,fake::midjourney-7,False,9c0b0920995930ee4e0fae14e8895dfc,2075,743213.jpg,False,
OF002077,real,docci,real,,True,724,480,360,3,RGB,JPEG,41585,1.3333333333333333,True,docci,real::docci,False,7e340c6e07c0d0ca2bc0ac7a98a1006c,2077,test_01795.jpg,False,
OF002083,real,docci,real,,True,681,2048,1535,3,RGB,JPEG,398267,1.3342019543973942,True,docci,real::docci,False,74ba03f2535fe1187a68407f2aef0330,2083,train_05479.jpg,False,
OF002084,real,imagenet,real,,True,600,500,349,3,RGB,JPEG,152913,1.4326647564469914,True,imagenet,real::imagenet,False,3e36df2c46a75aa6ec96542584c9562f,2084,n01641577_8266.JPEG,False,
OF002085,fake,midjourney-7,base,2025-04,True,664,1456,816,3,RGB,PNG,1696971,1.7843137254901962,True,midjourney-7,fake::midjourney-7,False,6861cca055acde1e6f81094a09f25e1e,2085,71592.jpg,False,
OF002089,real,docci,real,,True,735,1536,2048,3,RGB,JPEG,559732,0.75,True,docci,real::docci,False,4ea6a8928147b1c75676cc2d91541433,2089,train_03024.jpg,False,
OF002093,fake,wan-video-2.5,video,2025-10,True,211,1740,1190,3,RGB,JPEG,468264,1.4621848739495795,True,wan-video-2.5,fake::wan-video-2.5,False,da17f6fa2f781355759179f3c782a12a,2093,0297671.jpg,False,
OF002094,fake,gpt-image-2,image,2026-04,True,57,1024,1536,3,RGB,JPEG,418577,0.6666666666666666,True,gpt-image-2,fake::gpt-image-2,False,5b2e4fb359807bf6c52ca573c4fca490,2094,0099887.jpg,False,
OF002096,fake,z-image-turbo,image,2026-04,True,647,768,1024,3,RGB,PNG,1723151,0.75,True,z-image-turbo,fake::z-image-turbo,False,62f079028b18021dd3f4e18b2e1e4812,2096,0100572.jpg,False,
OF002097,fake,illustrious,video,2026-03,True,135,606,1080,3,RGB,JPEG,178034,0.5611111111111111,True,illustrious,fake::illustrious,False,1ee4713af8156652384fa6883d31e8e2,2097,0334218.jpg,False,
OF002099,real,imagenet,real,,True,640,600,400,3,RGB,JPEG,11414,1.5,True,imagenet,real::imagenet,False,e801a8ca07e5db8e415cec39b9b9c0d8,2099,n01692333_9154.JPEG,False,
OF002101,real,imagenet,real,,True,559,500,400,3,RGB,JPEG,301379,1.25,True,imagenet,real::imagenet,False,d26b47fbad547f409fde32e92ad89068,2101,n01751748_3193.JPEG,False,
OF002104,real,docci,real,,True,699,2048,1536,3,RGB,JPEG,550550,1.3333333333333333,True,docci,real::docci,False,9bb443527e9574b8b14a01230fca2d99,2104,train_05498.jpg,False,
OF002105,fake,illustrious,image,2025-09,True,844,1664,2432,3,RGB,JPEG,692412,0.6842105263157895,True,illustrious,fake::illustrious,False,6ddda91ea2bb8ade3bae0dcbcf0dd51d,2105,0003753.jpg,False,
OF002108,fake,illustrious,image,2025-05,True,713,1536,2688,3,RGB,JPEG,897766,0.5714285714285714,True,illustrious,fake::illustrious,False,c568f00d27ae18a2704465490e49a7bd,2108,0081098.jpg,False,
OF002109,fake,wan-video-2.5,video,2025-10,True,1032,796,1156,3,RGB,JPEG,279054,0.6885813148788927,True,wan-video-2.5,fake::wan-video-2.5,False,c22fd81860995c35572431d3c9294ba3,2109,0316536.jpg,False,
OF002113,real,docci,real,,True,460,2048,1536,3,RGB,JPEG,615950,1.3333333333333333,True,docci,real::docci,False,601d9ebbb3f43daf003232a844b20cd2,2113,test_04339.jpg,False,
OF002115,fake,veo-3,video,2026-03,True,670,1280,720,3,RGB,JPEG,284416,1.7777777777777777,True,veo-3,fake::veo-3,False,815c2876834014d08580f97fb1130937,2115,0232317.jpg,False,
OF002119,real,docci,real,,True,494,2048,1536,3,RGB,JPEG,351480,1.3333333333333333,True,docci,real::docci,False,525950bee3066eb9509e35c53ca86708,2119,test_04877.jpg,False,
OF002120,fake,illustrious,image,2025-09,True,803,2624,3840,3,RGB,JPEG,1954568,0.6833333333333333,True,illustrious,fake::illustrious,False,54198ba7868ad574f30b5c737641ec83,2120,0041090.jpg,False,
OF002122,real,imagenet,real,,True,535,450,357,3,RGB,JPEG,22574,1.2605042016806722,True,imagenet,real::imagenet,False,5c725f3e6560679a15b8f1b8a0824180,2122,n01807496_2569.JPEG,False,
OF002123,real,docci,real,,True,552,2048,1535,3,RGB,JPEG,92834,1.3342019543973942,True,docci,real::docci,False,ff3ee61d807cb8252fd5d917aeb8632d,2123,test_01871.jpg,False,
OF002124,real,imagenet,real,,True,618,250,195,3,RGB,JPEG,12079,1.2820512820512822,True,imagenet,real::imagenet,False,bd4f1a35ad0afd93d045217e085a8bf4,2124,n01631663_6743.JPEG,False,
OF002129,real,docci,real,,True,741,2048,1536,3,RGB,JPEG,647554,1.3333333333333333,True,docci,real::docci,False,c048e79ba5ac27ce822933c80c1e13ca,2129,train_08013.jpg,False,
OF002132,fake,midjourney-7,base,2025-04,True,516,960,1200,3,RGB,PNG,2326727,0.8,True,midjourney-7,fake::midjourney-7,False,6a0bec51c34bc98aeb9f789bd6747d76,2132,877808.jpg,False,
OF002133,fake,midjourney-7,base,2025-04,True,521,1024,1024,3,RGB,PNG,1692792,1.0,True,midjourney-7,fake::midjourney-7,False,dbd9813b0e0f1d23780e5497d2974d11,2133,186939.jpg,False,
OF002141,real,imagenet,real,,True,660,271,190,3,RGB,JPEG,11899,1.4263157894736842,True,imagenet,real::imagenet,False,81efdf513da7001dbef64d5bee479423,2141,n01774750_7611.JPEG,False,
OF002143,real,imagenet,real,,True,562,359,500,3,RGB,JPEG,164731,0.718,True,imagenet,real::imagenet,False,4f5315cb870240a33f41269c2b681190,2143,n01818515_3528.JPEG,False,
OF002146,fake,seedream-v5.0,image,2026-02,True,56,2048,2048,3,RGB,JPEG,360943,1.0,True,seedream-v5.0,fake::seedream-v5.0,False,d8f1ca8c86fba452195eb9189aef2fd0,2146,0071952.jpg,False,
OF002148,fake,wan-video-2.5,video,2025-10,True,674,810,1138,3,RGB,JPEG,192643,0.7117750439367311,True,wan-video-2.5,fake::wan-video-2.5,False,6de2837cc9e0a9c281d9f23bafc49d70,2148,0253348.jpg,False,
OF002151,real,docci,real,,True,776,1535,2048,3,RGB,JPEG,588945,0.74951171875,True,docci,real::docci,False,c38c2a8109806a83c430bb0548296fa7,2151,test_00877.jpg,False,
OF002152,real,docci,real,,True,413,1536,2048,3,RGB,JPEG,152310,0.75,True,docci,real::docci,False,60efc59cd685c55c643469a6c65ed128,2152,train_02215.jpg,False,
OF002156,fake,z-image-turbo,Base,2025-11-25,True,603,1024,1024,3,RGB,JPEG,272657,1.0,True,z-image-turbo,fake::z-image-turbo,False,89459959dbfcba1b48c0bb0c0a1f6de0,2156,1156527.jpg,False,
OF002157,fake,wan-video-2.5,video,2025-11,True,81,522,764,3,RGB,JPEG,76607,0.6832460732984293,True,wan-video-2.5,fake::wan-video-2.5,False,d6a94ef548bb4f0463ef88a76c5cc77d,2157,0245614.jpg,False,
OF002160,real,imagenet,real,,True,627,367,500,3,RGB,JPEG,230861,0.734,True,imagenet,real::imagenet,False,2ad793361e7d1432be199ff2f5de9c4e,2160,n01582220_2059.JPEG,False,
OF002166,real,imagenet,real,,True,677,500,375,3,RGB,JPEG,168751,1.3333333333333333,True,imagenet,real::imagenet,False,6b5d7c3e5f93e745e6cbcd07a672c6e2,2166,n01667114_1366.JPEG,False,
OF002167,real,imagenet,real,,True,573,333,500,3,RGB,JPEG,106436,0.666,True,imagenet,real::imagenet,False,05985cb0e1e7cc48b07881110c8a7b15,2167,n01694178_3367.JPEG,False,
OF002168,fake,flux.2-klein-9b,Base,2026-01-14,True,649,1024,1024,3,RGB,JPEG,386046,1.0,True,flux.2-klein-9b,fake::flux.2-klein-9b,False,be8309eb511cac01b95ab6e56f76e08b,2168,1134949.jpg,False,
OF002169,fake,sora-2,image,2025-06,True,700,1024,1536,3,RGB,JPEG,215559,0.6666666666666666,True,sora-2,fake::sora-2,False,a56f66c7e5c419680c442226d5bfddbb,2169,0075684.jpg,False,
OF002171,real,imagenet,real,,True,437,500,359,3,RGB,JPEG,211667,1.392757660167131,True,imagenet,real::imagenet,False,b3805ece7989b17a6afa2f1b59d50df5,2171,n01775062_3480.JPEG,False,
OF002172,fake,ernie-image,image,2026-04,True,53,1024,1536,3,RGB,PNG,1953603,0.6666666666666666,True,ernie-image,fake::ernie-image,False,289576587919fd5fabfb820ceec162e4,2172,0076359.jpg,False,
OF002177,real,docci,real,,True,732,1536,2048,3,RGB,JPEG,263842,0.75,True,docci,real::docci,False,24c83074f5f2f8d4240aefdfd12c419a,2177,test_04311.jpg,False,
OF002179,fake,illustrious,image,2025-09,True,774,1280,1856,3,RGB,JPEG,603759,0.6896551724137931,True,illustrious,fake::illustrious,False,cd79192e5c3c7b8d6029d02897a6aa50,2179,0086198.jpg,False,
OF002180,real,docci,real,,True,562,2048,1536,3,RGB,JPEG,284143,1.3333333333333333,True,docci,real::docci,False,60a6fdf634c8ae028a506112e5449eaf,2180,test_03453.jpg,False,
OF002182,fake,flux.2-klein-9b,Base,2026-01-14,True,777,1024,1024,3,RGB,JPEG,547796,1.0,True,flux.2-klein-9b,fake::flux.2-klein-9b,False,a0bb7d09cb36cd148ed2d432e3cadc6d,2182,1051776.jpg,False,
OF002183,real,docci,real,,True,635,480,360,3,RGB,JPEG,38328,1.3333333333333333,True,docci,real::docci,False,a6e7e40ff82d6e93848cdf53c39d19f1,2183,train_07384.jpg,False,
OF002187,real,imagenet,real,,True,651,500,335,3,RGB,JPEG,64716,1.492537313432836,True,imagenet,real::imagenet,False,20a6ea2f6b48fba688fb15e89517d66f,2187,n01632777_15259.JPEG,False,
OF002191,real,docci,real,,True,553,2048,1536,3,RGB,JPEG,228697,1.3333333333333333,True,docci,real::docci,False,7c830877b61591d1deb0ebad642b47d0,2191,train_04636.jpg,False,
OF002192,real,imagenet,real,,True,375,500,335,3,RGB,JPEG,196737,1.492537313432836,True,imagenet,real::imagenet,False,ce8ff44b7354c33542b2da3294b2e586,2192,n01729322_11091.JPEG,False,
OF002198,real,imagenet,real,,True,700,500,333,3,RGB,JPEG,90235,1.5015015015015014,True,imagenet,real::imagenet,False,e01e007fba79e88fca509af8b9172c58,2198,n01773549_7307.JPEG,False,
OF002200,real,imagenet,real,,True,623,450,600,3,RGB,JPEG,39530,0.75,True,imagenet,real::imagenet,False,8578a8ad4b80e30394c4306387448271,2200,n01688243_2897.JPEG,False,
OF002201,fake,recraft-v2,base,unknown,True,43,1024,1024,3,RGB,PNG,1312795,1.0,True,recraft-v2,fake::recraft-v2,False,036a8e497f5e66b5afa134bf24e58421,2201,11819.jpg,False,
OF002202,fake,midjourney-7,base,2025-04,True,645,912,1296,3,RGB,PNG,2142292,0.7037037037037037,True,midjourney-7,fake::midjourney-7,False,998e01bc06bdcddafccd8bbf6ea19230,2202,475919.jpg,False,
OF002203,real,docci,real,,True,485,2048,1536,3,RGB,JPEG,199462,1.3333333333333333,True,docci,real::docci,False,7f770ea635e3d3c8022546e84c419bd9,2203,test_04107.jpg,False,
OF002206,fake,flux.2-klein-9b,Base,2026-01-14,True,287,1024,1024,3,RGB,JPEG,199986,1.0,True,flux.2-klein-9b,fake::flux.2-klein-9b,False,4e286831fcaeecdc2e098426b93776e2,2206,1141989.jpg,False,
OF002214,fake,ernie-image-turbo,image,2026-04,True,749,1248,1824,4,RGBA,WEBP,647770,0.6842105263157895,True,ernie-image-turbo,fake::ernie-image-turbo,False,e667c45961f8bbd1e9840f3c599c7fa4,2214,0054554.jpg,False,
OF002216,real,imagenet,real,,True,314,336,500,3,RGB,JPEG,109609,0.672,True,imagenet,real::imagenet,False,8b3220056fac76dd7cbc5d56b13de7fe,2216,n01729977_2145.JPEG,False,
OF002217,real,imagenet,real,,True,586,400,299,3,RGB,JPEG,19034,1.3377926421404682,True,imagenet,real::imagenet,False,855b7694fe1acd921246d1e2ac0ff9ca,2217,n01667778_2006.JPEG,False,
OF002219,fake,midjourney-7,base,2025-04,True,470,816,1456,3,RGB,PNG,1712159,0.5604395604395604,True,midjourney-7,fake::midjourney-7,False,126d08b3b2572d1a44871fe53120726d,2219,266434.jpg,False,
OF002220,fake,recraft-v2,base,unknown,True,151,1024,1024,3,RGB,PNG,1645901,1.0,True,recraft-v2,fake::recraft-v2,False,12f62416424f089395ef310e3acc781e,2220,53130.jpg,False,
OF002221,real,imagenet,real,,True,573,604,453,3,RGB,JPEG,44737,1.3333333333333333,True,imagenet,real::imagenet,False,a20cd4d467442f4219a08a6db2922fcf,2221,n01667778_21947.JPEG,False,
OF002228,real,docci,real,,True,702,1536,2048,3,RGB,JPEG,294181,0.75,True,docci,real::docci,False,db8bb0a0b6f9ab9219e30283c4007ce9,2228,test_03804.jpg,False,
OF002230,fake,midjourney-7,base,2025-04,True,576,1456,816,3,RGB,PNG,2067078,1.7843137254901962,True,midjourney-7,fake::midjourney-7,False,02e872094f7bc19726516f2adf2171aa,2230,657591.jpg,False,
OF002231,real,imagenet,real,,True,605,415,500,3,RGB,JPEG,173569,0.83,True,imagenet,real::imagenet,False,74ceb88a5e2b228ea36bb1b74021453d,2231,n01774750_1407.JPEG,False,
OF002232,fake,flux.2-klein-9b,Base,2026-01-14,True,739,1024,1024,3,RGB,JPEG,324908,1.0,True,flux.2-klein-9b,fake::flux.2-klein-9b,False,50da39bff84a6baeb8398757ea69af88,2232,1134847.jpg,False,
OF002233,real,docci,real,,True,631,2048,1536,3,RGB,JPEG,132845,1.3333333333333333,True,docci,real::docci,False,eb3f69eea80185aa010241d3d4164c4f,2233,train_00919.jpg,False,
OF002235,fake,sora-2,image,2025-10,True,567,1024,1536,3,RGB,JPEG,203752,0.6666666666666666,True,sora-2,fake::sora-2,False,781e601e9f2ff40cc913905bbd09bb58,2235,0027291.jpg,False,
OF002237,real,docci,real,,True,603,1535,2048,3,RGB,JPEG,748285,0.74951171875,True,docci,real::docci,False,3542c54a8ad895c798eba7dd47ed30b0,2237,train_06697.jpg,False,
OF002239,real,docci,real,,True,555,2048,1536,3,RGB,JPEG,118453,1.3333333333333333,True,docci,real::docci,False,cf718306308880fd866e220d2e88d207,2239,test_04870.jpg,False,
OF002240,real,docci,real,,True,441,1725,1294,3,RGB,JPEG,262308,1.333075734157651,True,docci,real::docci,False,2c919ca12039a338cc8504eb2e07ecc2,2240,train_08210.jpg,False,
OF002244,fake,veo-3,video,2025-07,True,349,1280,720,3,RGB,JPEG,119632,1.7777777777777777,True,veo-3,fake::veo-3,False,9bb0a5500c8669894e399758bbd14981,2244,0278524.jpg,False,
OF002246,fake,ideogram-2.0,base,unknown,True,44,1280,800,3,RGB,PNG,1874296,1.6,True,ideogram-2.0,fake::ideogram-2.0,False,2bb3918ae0fe65854687af90ed483c30,2246,31011.jpg,False,
OF002248,real,docci,real,,True,435,2048,1536,3,RGB,JPEG,686319,1.3333333333333333,True,docci,real::docci,False,0f22834ea977cd6c6ea2b2e6251624b7,2248,train_07963.jpg,False,
OF002249,real,docci,real,,True,733,1536,2048,3,RGB,JPEG,485063,0.75,True,docci,real::docci,False,abb7a6c9dbbdbe9c6e4b15b564510171,2249,train_02024.jpg,False,
OF002250,fake,gpt-image-1.5,image,2026-01,True,813,1536,1024,3,RGB,PNG,2851486,1.5,True,gpt-image-1.5,fake::gpt-image-1.5,False,7b84208a0aeb8114de9649035cfdfc58,2250,0064413.jpg,False,
OF002252,fake,midjourney-7,base,2025-04,True,543,1456,816,3,RGB,PNG,1276328,1.7843137254901962,True,midjourney-7,fake::midjourney-7,False,776c92ec99280e56c23c9e4e6b5601f2,2252,432079.jpg,False,
OF002253,fake,ernie-image-turbo,image,2026-04,True,1459,2304,3072,3,RGB,PNG,14811792,0.75,True,ernie-image-turbo,fake::ernie-image-turbo,False,e1dd2a2552fd57d4919102b280b238a6,2253,0024170.jpg,False,
OF002254,fake,wan-video-2.5,video,2025-11,True,301,480,832,3,RGB,JPEG,107612,0.5769230769230769,True,wan-video-2.5,fake::wan-video-2.5,False,48918a20575a54576ee514fbce17358d,2254,0300261.jpg,False,
OF002255,fake,midjourney-7,base,2025-04,True,656,1024,1024,3,RGB,PNG,2111883,1.0,True,midjourney-7,fake::midjourney-7,False,325b2c326fd01287d3fd9f60aa611b93,2255,568888.jpg,False,
OF002257,fake,veo-3,video,2025-11,True,196,1280,720,3,RGB,JPEG,186373,1.7777777777777777,True,veo-3,fake::veo-3,False,2a983c1db6e9874402726cffe9034f5b,2257,0182017.jpg,False,
OF002259,fake,recraft-v2,base,unknown,True,309,1024,1024,3,RGB,PNG,1201754,1.0,True,recraft-v2,fake::recraft-v2,False,2522c2b7d40ca5898c0a24baece77422,2259,06889.jpg,False,
OF002261,fake,gpt-image-1.5,image,2025-12,True,749,1024,1536,3,RGB,JPEG,491679,0.6666666666666666,True,gpt-image-1.5,fake::gpt-image-1.5,False,63f1c3b7d935987478fc69315ed4e788,2261,0077015.jpg,False,
OF002262,fake,veo-3,video,2025-10,True,547,1920,1080,3,RGB,JPEG,672375,1.7777777777777777,True,veo-3,fake::veo-3,False,13fe81d62181608b44af1ee4c5fd8fd8,2262,0137964.jpg,False,
OF002263,fake,recraft-v3,base,2024-10,True,639,600,600,3,RGB,JPEG,267150,1.0,True,recraft-v3,fake::recraft-v3,False,5f286de556ee1d44a4313e95208e5dbe,2263,20442.jpg,False,
OF002265,fake,gpt-image-1.5,image,2026-02,True,731,1024,1536,3,RGB,PNG,2150663,0.6666666666666666,True,gpt-image-1.5,fake::gpt-image-1.5,False,1d9421a2d98e2a69686dc521f6107232,2265,0010306.jpg,False,
OF002266,fake,illustrious,image,2026-04,True,73,1920,2560,3,RGB,JPEG,440390,0.75,True,illustrious,fake::illustrious,False,a1d015cc3e75bb48a183c146e0d9c8ea,2266,0019209.jpg,False,
OF002267,real,imagenet,real,,True,625,500,375,3,RGB,JPEG,214392,1.3333333333333333,True,imagenet,real::imagenet,False,bce9c95223c4d2b3e23061e78ed31404,2267,n01669191_11264.JPEG,False,
OF002268,fake,gpt-image-2,image,2026-04,True,640,1536,2304,3,RGB,PNG,2550872,0.6666666666666666,True,gpt-image-2,fake::gpt-image-2,False,90eb9983b82e8a8c506cbb9c7a9ef8fb,2268,0097499.jpg,False,
OF002269,fake,gpt-image-1.5,image,2026-02,True,799,1536,1024,3,RGB,PNG,3221028,1.5,True,gpt-image-1.5,fake::gpt-image-1.5,False,5039632e13277b01ee2d1021964bea7b,2269,0090804.jpg,False,
OF002275,fake,flux.2-klein-9b,Base,2026-01-14,True,705,1024,1024,3,RGB,JPEG,327757,1.0,True,flux.2-klein-9b,fake::flux.2-klein-9b,False,e65fac93ea87cb0d2cd7da1fe226501b,2275,1135918.jpg,False,
OF002277,fake,flux.2-klein-9b,Base,2026-01-14,True,512,1024,1024,3,RGB,JPEG,433904,1.0,True,flux.2-klein-9b,fake::flux.2-klein-9b,False,3ca6fee2042020959a6b96fef13d425b,2277,976522.jpg,False,
OF002280,real,imagenet,real,,True,489,500,393,3,RGB,JPEG,227285,1.272264631043257,True,imagenet,real::imagenet,False,dbd000daf286836dbd47d810cc4c0da9,2280,n01770393_5147.JPEG,False,
OF002282,fake,midjourney-7,base,2025-04,True,501,1024,1024,3,RGB,PNG,1801071,1.0,True,midjourney-7,fake::midjourney-7,False,9a85c50dc047d6f5b9a5ef35318ae5a2,2282,540774.jpg,False,
OF002284,fake,flux.2-klein-9b,Base,2026-01-14,True,660,1024,1024,3,RGB,JPEG,465729,1.0,True,flux.2-klein-9b,fake::flux.2-klein-9b,False,f8fa478d727fd177b61ae57118acbc2e,2284,1128224.jpg,False,
OF002288,real,imagenet,real,,True,569,500,416,3,RGB,JPEG,118620,1.2019230769230769,True,imagenet,real::imagenet,False,8c51cbabde284c11a85ed54eb7fdb3e2,2288,n01592084_5726.JPEG,False,
OF002290,fake,wan-video-2.5,video,2025-12,True,77,1080,1920,3,RGB,JPEG,368260,0.5625,True,wan-video-2.5,fake::wan-video-2.5,False,3715c5f908ec8488e61ff87502a15311,2290,0198448.jpg,False,
OF002291,real,docci,real,,True,639,2048,1536,3,RGB,JPEG,455771,1.3333333333333333,True,docci,real::docci,False,f0f47166a156759788fdbf2d4c986f1e,2291,train_01644.jpg,False,
OF002292,real,docci,real,,True,595,2048,1536,3,RGB,JPEG,387838,1.3333333333333333,True,docci,real::docci,False,f8d66017b128575f1a1a19cec7e4dac3,2292,train_03195.jpg,False,
OF002295,real,docci,real,,True,567,2048,1536,3,RGB,JPEG,1040717,1.3333333333333333,True,docci,real::docci,False,cd543548b5ae83c713ff1a587ea4b17b,2295,train_06877.jpg,False,
OF002298,fake,wan-video-2.5,video,2025-12,True,101,480,832,3,RGB,JPEG,113464,0.5769230769230769,True,wan-video-2.5,fake::wan-video-2.5,False,9204f682f53ee3ef4a595d25b02acdbf,2298,0288381.jpg,False,
OF002300,fake,lumina-17-2-25,base,unknown,True,96,1024,1024,3,RGB,PNG,1523116,1.0,True,lumina-17-2-25,fake::lumina-17-2-25,False,6a905e73539193fddad29a768bdf1faa,2300,25458.jpg,False,
OF002302,real,docci,real,,True,594,2048,1536,3,RGB,JPEG,313081,1.3333333333333333,True,docci,real::docci,False,23c8c61c9cef0ff4352dec01a39755f2,2302,train_05754.jpg,False,
OF002304,real,imagenet,real,,True,590,500,333,3,RGB,JPEG,183405,1.5015015015015014,True,imagenet,real::imagenet,False,a222b15778177a1aaadce6b0a9910a73,2304,n01698640_3400.JPEG,False,
OF002305,real,docci,real,,True,568,2180,1636,3,RGB,JPEG,458796,1.332518337408313,True,docci,real::docci,False,24f0b6cc826ed7a3715ac507284734e2,2305,test_03033.jpg,False,
OF002306,real,docci,real,,True,635,4032,3024,3,RGB,JPEG,562816,1.3333333333333333,True,docci,real::docci,False,743bc99e079cf4298a3523098efcdfb4,2306,train_05787.jpg,False,
OF002307,real,docci,real,,True,651,2048,1536,3,RGB,JPEG,829427,1.3333333333333333,True,docci,real::docci,False,7ddfc0a047bc53846c4af229b9c5c6e5,2307,train_04646.jpg,False,
OF002310,fake,frames-23-1-25,base,unknown,True,43,1920,1088,3,RGB,PNG,1991792,1.7647058823529411,True,frames-23-1-25,fake::frames-23-1-25,False,6795b545304a5b907f31dde0fd34b421,2310,53992.jpg,False,
OF002311,fake,flux.2-klein-9b,Base,2026-01-14,True,613,1024,1024,3,RGB,JPEG,156893,1.0,True,flux.2-klein-9b,fake::flux.2-klein-9b,False,669ca82311085ff6a6bd0a96f32264fd,2311,1064470.jpg,False,
OF002312,real,imagenet,real,,True,537,500,375,3,RGB,JPEG,131266,1.3333333333333333,True,imagenet,real::imagenet,False,39fe660314d5d6a1b91938becea82cdd,2312,n01824575_739.JPEG,False,
OF002313,real,imagenet,real,,True,625,500,313,3,RGB,JPEG,71629,1.597444089456869,True,imagenet,real::imagenet,False,cab5ddf020f01707013bd77257e77af4,2313,n01739381_7098.JPEG,False,
OF002314,fake,veo-3,video,2025-07,True,182,1280,720,3,RGB,JPEG,225271,1.7777777777777777,True,veo-3,fake::veo-3,False,4858991a0c07cedf0cfee3840230476f,2314,0322472.jpg,False,
OF002317,fake,flux.2-klein-9b,Base,2026-01-14,True,513,1024,1024,3,RGB,JPEG,314203,1.0,True,flux.2-klein-9b,fake::flux.2-klein-9b,False,9426349144deeb7626543698e9b4d6e9,2317,1134823.jpg,False,
OF002318,real,docci,real,,True,653,2048,1536,3,RGB,JPEG,437130,1.3333333333333333,True,docci,real::docci,False,944bb734eb7aafdc38ad1a7517434148,2318,test_01614.jpg,False,
OF002322,fake,flux.2-klein-9b,Base,2026-01-14,True,651,1024,1024,3,RGB,JPEG,448520,1.0,True,flux.2-klein-9b,fake::flux.2-klein-9b,False,c1dcbd4df802406f399a15a2731a5688,2322,985583.jpg,False,
OF002323,fake,veo-3,video,2025-07,True,123,1080,1920,3,RGB,JPEG,179590,0.5625,True,veo-3,fake::veo-3,False,c17288969df9ad27b67e82f99eeeaeb8,2323,0191952.jpg,False,
OF002324,fake,veo-3,video,2025-10,True,1192,1280,720,3,RGB,JPEG,366716,1.7777777777777777,True,veo-3,fake::veo-3,False,ac424f39ae649f2f67100add2d03369b,2324,0234975.jpg,False,
OF002327,real,imagenet,real,,True,520,484,500,3,RGB,JPEG,220623,0.968,True,imagenet,real::imagenet,False,a4af2e2524bb68797b8a51c363e5930f,2327,n01641577_11136.JPEG,False,
OF002328,real,docci,real,,True,729,480,361,3,RGB,JPEG,22592,1.329639889196676,True,docci,real::docci,False,baf9bd1b238e8d7fbd015e877022624b,2328,train_03627.jpg,False,
OF002331,fake,sora-2,image,2025-10,True,783,1024,1536,3,RGB,JPEG,244457,0.6666666666666666,True,sora-2,fake::sora-2,False,95468e70e36879e2c54d4edc1c86cc1e,2331,0050944.jpg,False,
OF002332,fake,gpt-image-2,image,2026-04,True,848,1024,1536,3,RGB,PNG,2763729,0.6666666666666666,True,gpt-image-2,fake::gpt-image-2,False,8c25f3186e5e7c4f3f6e1b841faa29ec,2332,0089829.jpg,False,
OF002333,real,docci,real,,True,559,2048,1536,3,RGB,JPEG,636480,1.3333333333333333,True,docci,real::docci,False,8c866be5ace88459a807dd3df655844f,2333,train_07285.jpg,False,
OF002334,real,imagenet,real,,True,515,240,180,3,RGB,JPEG,53288,1.3333333333333333,True,imagenet,real::imagenet,False,a9651ed7c7ed790a09f079183ff55312,2334,n01704323_14600.JPEG,False,
OF002335,real,docci,real,,True,582,480,360,3,RGB,JPEG,39092,1.3333333333333333,True,docci,real::docci,False,2a76f022effe6ab28a762f8c3010d0c7,2335,train_02833.jpg,False,
OF002336,real,imagenet,real,,True,605,500,377,3,RGB,JPEG,106250,1.326259946949602,True,imagenet,real::imagenet,False,f6eb14a4bae25baa201e7f78d348962b,2336,n01440764_13275.JPEG,False,
OF002337,fake,illustrious,image,2026-04,True,551,832,1216,3,RGB,JPEG,109689,0.6842105263157895,True,illustrious,fake::illustrious,False,0551ccf9e95d6b3a4c8c8632ca3d2a25,2337,0054297.jpg,False,
OF002339,real,docci,real,,True,776,2048,1536,3,RGB,JPEG,232161,1.3333333333333333,True,docci,real::docci,False,20a7eac79d6f8a2b604e8529876a5b2b,2339,test_03437.jpg,False,
OF002342,real,docci,real,,True,721,2048,1536,3,RGB,JPEG,768537,1.3333333333333333,True,docci,real::docci,False,771acc56efb1d6b7d0bff294499a9f0a,2342,train_09077.jpg,False,
OF002344,fake,midjourney-7,base,2025-04,True,515,1024,1024,3,RGB,PNG,1228028,1.0,True,midjourney-7,fake::midjourney-7,False,9556b397e02cd237986541d01e42cabe,2344,854387.jpg,False,
OF002345,real,docci,real,,True,396,1536,2048,3,RGB,JPEG,668416,0.75,True,docci,real::docci,False,4ebaee6acc2b32c695ada0351deb4a18,2345,train_01742.jpg,False,
OF002349,fake,flux.2-klein-9b,Base,2026-01-14,True,613,1024,1024,3,RGB,JPEG,342361,1.0,True,flux.2-klein-9b,fake::flux.2-klein-9b,False,fa78b1a08bc2acfed478bc6e664acab4,2349,984822.jpg,False,
OF002351,real,imagenet,real,,True,503,500,333,3,RGB,JPEG,76719,1.5015015015015014,True,imagenet,real::imagenet,False,3ec0f7a8f9c0467c2a7737e70252c992,2351,n01829413_534.JPEG,False,
OF002352,fake,ernie-image,image,2026-04,True,584,848,1264,3,RGB,JPEG,133795,0.6708860759493671,True,ernie-image,fake::ernie-image,False,459883fd938062671ecf561f4c677472,2352,0057491.jpg,False,
OF002353,real,docci,real,,True,551,2048,1536,3,RGB,JPEG,998999,1.3333333333333333,True,docci,real::docci,False,a4988d100bb4ad360812595c4897cb45,2353,test_02428.jpg,False,
OF002355,fake,ernie-image,image,2026-04,True,53,1024,1536,3,RGB,PNG,2973330,0.6666666666666666,True,ernie-image,fake::ernie-image,False,af92a7834418a03a86802a2e14835245,2355,0034306.jpg,False,
OF002357,fake,z-image-turbo,Base,2025-11-25,True,642,1024,1024,3,RGB,JPEG,333322,1.0,True,z-image-turbo,fake::z-image-turbo,False,443e64747b0be40d49f6d336e522d49c,2357,951521.jpg,False,
OF002358,fake,midjourney-7,base,2025-04,True,313,1456,816,3,RGB,PNG,1413750,1.7843137254901962,True,midjourney-7,fake::midjourney-7,False,44482a4874a91cd24fb249075358ed84,2358,837911.jpg,False,
OF002363,fake,lumina-17-2-25,base,unknown,True,330,1024,1024,3,RGB,PNG,1451488,1.0,True,lumina-17-2-25,fake::lumina-17-2-25,False,f9079f2ce53f3959d6129778cc9f4cb5,2363,29803.jpg,False,
OF002364,real,docci,real,,True,639,4032,3024,3,RGB,JPEG,1845278,1.3333333333333333,True,docci,real::docci,False,58ed2517cdc1b1e52b81c084d3d48fe0,2364,test_01058.jpg,False,
OF002365,fake,recraft-v3,base,2024-10,True,413,600,600,3,RGB,JPEG,151085,1.0,True,recraft-v3,fake::recraft-v3,False,eaa2955bed2d1d46759d148f3aebcf26,2365,15778.jpg,False,
OF002370,real,docci,real,,True,499,1536,2048,3,RGB,JPEG,282554,0.75,True,docci,real::docci,False,171857e318d51e787fec8a3ca673ff6b,2370,test_03810.jpg,False,
OF002372,fake,veo-3,video,2025-09,True,775,1920,1080,3,RGB,JPEG,624236,1.7777777777777777,True,veo-3,fake::veo-3,False,268a563c36fa5651b6d18b918c12fd79,2372,0341787.jpg,False,
OF002373,real,imagenet,real,,True,540,500,497,3,RGB,JPEG,222823,1.0060362173038229,True,imagenet,real::imagenet,False,c119a77e18fa8c84b6dc1c11fbea0df0,2373,n01622779_2865.JPEG,False,
OF002375,real,imagenet,real,,True,500,500,481,3,RGB,JPEG,146982,1.0395010395010396,True,imagenet,real::imagenet,False,de3ffdd6d3aa8ff212cb7bfd5e1e6b80,2375,n01534433_4797.JPEG,False,
OF002376,real,imagenet,real,,True,597,500,333,3,RGB,JPEG,149379,1.5015015015015014,True,imagenet,real::imagenet,False,d2237f0a840d807e33261019c48562c2,2376,n01632458_2815.JPEG,False,
OF002377,fake,midjourney-7,base,2025-04,True,608,928,1232,3,RGB,PNG,1343636,0.7532467532467533,True,midjourney-7,fake::midjourney-7,False,7af9bda9bc1c949a493f6370ee786edf,2377,95426.jpg,False,
OF002380,fake,midjourney-7,base,2025-04,True,559,816,1456,3,RGB,PNG,1819316,0.5604395604395604,True,midjourney-7,fake::midjourney-7,False,b7d2a54e716495b0c500d0b872dc7b98,2380,96197.jpg,False,
OF002382,real,imagenet,real,,True,474,200,150,3,RGB,JPEG,5898,1.3333333333333333,True,imagenet,real::imagenet,False,18ec70fc6bd0102cc3fd27b1c2c6e002,2382,n01749939_11051.JPEG,False,
OF002383,fake,frames-23-1-25,base,unknown,True,27,1920,1088,3,RGB,PNG,2035650,1.7647058823529411,True,frames-23-1-25,fake::frames-23-1-25,False,e6c6416538c8c196b679be4fa176b305,2383,55666.jpg,False,
OF002386,fake,wan-video-2.5,video,2026-01,True,515,1190,1740,3,RGB,JPEG,410805,0.6839080459770115,True,wan-video-2.5,fake::wan-video-2.5,False,2f825c4b2fa9e4a987d2ad192efef593,2386,0123271.jpg,False,
OF002390,fake,flux.2-klein-9b,Base,2026-01-14,True,500,1024,1024,3,RGB,JPEG,347618,1.0,True,flux.2-klein-9b,fake::flux.2-klein-9b,False,099763f8d4a5a65f1b12196cb2bf6682,2390,1152852.jpg,False,
OF002392,fake,sora-2,image,2025-06,True,758,1024,1536,3,RGB,WEBP,161892,0.6666666666666666,True,sora-2,fake::sora-2,False,c6439832a5ad2553db0f4d2256f9ad25,2392,0004164.jpg,False,
OF002393,fake,midjourney-7,base,2025-04,True,739,928,1232,3,RGB,PNG,1598455,0.7532467532467533,True,midjourney-7,fake::midjourney-7,False,82c955e5c82964fb751bdd875e1ebdd8,2393,817381.jpg,False,
OF002396,fake,wan-video-2.5,video,2025-09,True,278,632,632,3,RGB,JPEG,92296,1.0,True,wan-video-2.5,fake::wan-video-2.5,False,ee7c580d5d4770e09abd69fb712710bb,2396,0126827.jpg,False,
OF002397,fake,wan-video-2.5,video,2026-02,True,39,522,764,3,RGB,JPEG,113658,0.6832460732984293,True,wan-video-2.5,fake::wan-video-2.5,False,a3fcdd7a058df65f857dd8c40c362ecd,2397,0336097.jpg,False,
OF002402,real,imagenet,real,,True,646,500,356,3,RGB,JPEG,115223,1.404494382022472,True,imagenet,real::imagenet,False,083045d42f8d0887bab2df633964f505,2402,n01677366_17761.JPEG,False,
OF002403,fake,recraft-v3,base,2024-10,True,527,600,800,3,RGB,JPEG,258942,0.75,True,recraft-v3,fake::recraft-v3,False,b991e146fd1a8679a3af932596702e08,2403,53542.jpg,False,
OF002408,real,docci,real,,True,722,2048,1536,3,RGB,JPEG,622434,1.3333333333333333,True,docci,real::docci,False,8e48e442984a78030de699358cccf856,2408,train_05511.jpg,False,
OF002417,fake,gpt-image-1.5,image,2026-01,True,721,1024,1536,3,RGB,PNG,2241057,0.6666666666666666,True,gpt-image-1.5,fake::gpt-image-1.5,False,6d9a208afcec4abd24b49790568e4f5a,2417,0022357.jpg,False,
OF002419,real,docci,real,,True,516,2048,1536,3,RGB,JPEG,618980,1.3333333333333333,True,docci,real::docci,False,3be88cafddd6d1402b124b6ba69e5ba5,2419,train_07385.jpg,False,
OF002424,real,imagenet,real,,True,553,500,373,3,RGB,JPEG,190606,1.3404825737265416,True,imagenet,real::imagenet,False,07a1b098eaceda3ab43d14a17f7b50e6,2424,n01580077_784.JPEG,False,
OF002425,real,docci,real,,True,535,2048,1535,3,RGB,JPEG,651736,1.3342019543973942,True,docci,real::docci,False,650fa4af9a9a26eb841d8abd7928bf2c,2425,test_02101.jpg,False,
OF002426,real,imagenet,real,,True,589,400,265,3,RGB,JPEG,78096,1.509433962264151,True,imagenet,real::imagenet,False,f38786194d6f828dce4fe2e4a33b6691,2426,n01798484_11627.JPEG,False,
OF002427,fake,z-image-turbo,Base,2025-11-25,True,785,1024,1024,3,RGB,JPEG,164534,1.0,True,z-image-turbo,fake::z-image-turbo,False,468d8178e9db3fd13b4fcedbfe78981d,2427,979647.jpg,False,
OF002428,real,docci,real,,True,733,2048,1535,3,RGB,JPEG,237951,1.3342019543973942,True,docci,real::docci,False,ce9390bfd16d18e28e8db76daf9b18f9,2428,test_02018.jpg,False,
OF002430,fake,gpt-image-1.5,image,2026-02,True,1278,1024,1536,3,RGB,PNG,2501267,0.6666666666666666,True,gpt-image-1.5,fake::gpt-image-1.5,False,b40caf85e9ed499e0958bbe133584fec,2430,0098891.jpg,False,
OF002431,real,docci,real,,True,684,1536,2048,3,RGB,JPEG,1087087,0.75,True,docci,real::docci,False,5a42e8e57dfa37993a5a7a9689b43ecb,2431,train_04419.jpg,False,
OF002435,fake,flux.2-klein-9b,Base,2026-01-14,True,509,1024,1024,3,RGB,JPEG,254063,1.0,True,flux.2-klein-9b,fake::flux.2-klein-9b,False,ef4de70afe3a83d67584ed1a57f4dfe3,2435,1121437.jpg,False,
OF002436,real,docci,real,,True,879,2048,1536,3,RGB,JPEG,125511,1.3333333333333333,True,docci,real::docci,False,7bd52f998904030d94b4156332213637,2436,train_03216.jpg,False,
OF002437,real,imagenet,real,,True,611,500,333,3,RGB,JPEG,76906,1.5015015015015014,True,imagenet,real::imagenet,False,9500436204d9434c036ea283bae2f168,2437,n01494475_4464.JPEG,False,
OF002438,fake,lumina-17-2-25,base,unknown,True,41,1024,1024,3,RGB,PNG,1680605,1.0,True,lumina-17-2-25,fake::lumina-17-2-25,False,bde5ed6d61ef1c392d66cc5a515c273e,2438,00598.jpg,False,
OF002439,fake,veo-3,video,2025-10,True,376,1080,1920,3,RGB,JPEG,467787,0.5625,True,veo-3,fake::veo-3,False,8f6538b9b772252b1be0efb507146ed2,2439,0327680.jpg,False,
OF002440,real,docci,real,,True,753,2048,1536,3,RGB,JPEG,329113,1.3333333333333333,True,docci,real::docci,False,331194d6d0978dca3e1fe2fcd671e6aa,2440,train_07243.jpg,False,
OF002441,fake,illustrious,image,2025-08,True,855,1024,1024,3,RGB,JPEG,270456,1.0,True,illustrious,fake::illustrious,False,812a77d4b2feba6a16db9557136b8f2f,2441,0081258.jpg,False,
OF002443,real,docci,real,,True,767,2048,1535,3,RGB,JPEG,298902,1.3342019543973942,True,docci,real::docci,False,a1df6f768a89593d5aa77080076d7300,2443,train_07869.jpg,False,
OF002448,real,imagenet,real,,True,542,500,485,3,RGB,JPEG,186116,1.0309278350515465,True,imagenet,real::imagenet,False,d0e7c5ac0f928deb07c61bb6a71e4077,2448,n01693334_7477.JPEG,False,
OF002451,fake,flux.2-klein-9b,Base,2026-01-14,True,832,1024,1024,3,RGB,JPEG,252479,1.0,True,flux.2-klein-9b,fake::flux.2-klein-9b,False,75840314ea3dc21b3c752b291666d287,2451,1148330.jpg,False,
OF002455,real,imagenet,real,,True,535,448,433,3,RGB,JPEG,36012,1.0346420323325636,True,imagenet,real::imagenet,False,14cfd4c6599e4c19c5a0cc49771cbf34,2455,n01677366_27701.JPEG,False,
OF002456,real,imagenet,real,,True,522,150,103,3,RGB,JPEG,16947,1.4563106796116505,True,imagenet,real::imagenet,False,e7140dd92414797eadfc9e0a192eb5c2,2456,n01630670_5679.JPEG,False,
OF002457,real,imagenet,real,,True,783,500,372,3,RGB,JPEG,151660,1.3440860215053765,True,imagenet,real::imagenet,False,a91a6dc7c984961d37bd3c81f7138422,2457,n01498041_10387.JPEG,False,
OF002458,real,imagenet,real,,True,620,500,333,3,RGB,JPEG,147852,1.5015015015015014,True,imagenet,real::imagenet,False,2c8643247dd3fd34d5ba3c71403c20cb,2458,n01669191_1038.JPEG,False,
OF002459,real,imagenet,real,,True,549,500,330,3,RGB,JPEG,51396,1.5151515151515151,True,imagenet,real::imagenet,False,1b788a368c45afea3268b8cb64b78850,2459,n01728572_9067.JPEG,False,
OF002460,real,imagenet,real,,True,313,875,581,3,RGB,JPEG,69012,1.5060240963855422,True,imagenet,real::imagenet,False,41a2e6040503bd30aa6b4c2a6a9b2b83,2460,n01807496_25683.JPEG,False,
OF002463,real,imagenet,real,,True,559,500,339,3,RGB,JPEG,205053,1.4749262536873156,True,imagenet,real::imagenet,False,bf637d5916f329b53cb242d91f1c8d07,2463,n01729322_17773.JPEG,False,
OF002465,fake,ernie-image,image,2026-04,True,533,880,1184,3,RGB,PNG,1453553,0.7432432432432432,True,ernie-image,fake::ernie-image,False,17959441e38db9897d7fbf6f6e785da3,2465,0090527.jpg,False,
OF002467,real,imagenet,real,,True,440,500,375,3,RGB,JPEG,172135,1.3333333333333333,True,imagenet,real::imagenet,False,37b6b07c66b87574ddd851e315a0d3e7,2467,n01532829_331.JPEG,False,
OF002473,fake,midjourney-7,base,2025-04,True,824,1936,608,3,RGB,PNG,1387490,3.1842105263157894,True,midjourney-7,fake::midjourney-7,False,edce879dd9218f7372a07f7dfea90aef,2473,50863.jpg,False,
OF002474,real,docci,real,,True,444,1536,2048,3,RGB,JPEG,613518,0.75,True,docci,real::docci,False,dd394c4124b6c8066c78d3dc4eb539b2,2474,train_05958.jpg,False,
OF002476,real,imagenet,real,,True,668,500,375,3,RGB,JPEG,251841,1.3333333333333333,True,imagenet,real::imagenet,False,744c7b49fa23f45eb1ea4567f56e72dd,2476,n01755581_552.JPEG,False,
OF002490,real,imagenet,real,,True,537,500,333,3,RGB,JPEG,152403,1.5015015015015014,True,imagenet,real::imagenet,False,f2da76be327a3caf642901bf2af9880a,2490,n01667778_16158.JPEG,False,
OF002493,fake,illustrious,image,2026-01,True,663,1280,1856,3,RGB,JPEG,550699,0.6896551724137931,True,illustrious,fake::illustrious,False,90a19249b473c1292fe4d75473015244,2493,0058323.jpg,False,
OF002494,fake,gpt-image-1.5,image,2026-01,True,769,2048,3072,3,RGB,JPEG,1307945,0.6666666666666666,True,gpt-image-1.5,fake::gpt-image-1.5,False,2a4925b89e6fee17aff344d2acaf0f26,2494,0064507.jpg,False,
OF002496,fake,gpt-image-1.5,image,2026-01,True,205,4096,4096,3,RGB,JPEG,4652862,1.0,True,gpt-image-1.5,fake::gpt-image-1.5,False,284424143bb5bcb30aedeabacb58c6e6,2496,0081093.jpg,False,
OF002497,real,imagenet,real,,True,705,500,333,3,RGB,JPEG,180979,1.5015015015015014,True,imagenet,real::imagenet,False,14d0c9701436dec65d992928b1d3a04f,2497,n01749939_9186.JPEG,False,
OF002498,real,docci,real,,True,679,2048,1536,3,RGB,JPEG,450800,1.3333333333333333,True,docci,real::docci,False,c337e18ef95e1a6c84b29d20b256e25d,2498,qual_dev_00050.jpg,False,
OF002499,fake,flux.2-klein-9b,Base,2026-01-14,True,623,1024,1024,3,RGB,JPEG,430629,1.0,True,flux.2-klein-9b,fake::flux.2-klein-9b,False,23d4f7060d803ccaa9e2007ad0789cdc,2499,942298.jpg,False,
OF002500,real,docci,real,,True,580,1628,2180,3,RGB,JPEG,250597,0.7467889908256881,True,docci,real::docci,False,730ea5bcd226112e990d95e63a45046c,2500,test_01120.jpg,False,
OF002502,fake,midjourney-7,base,2025-04,True,769,1024,1024,3,RGB,PNG,1369767,1.0,True,midjourney-7,fake::midjourney-7,False,013aa9cbf2ffb2ffb421de6bc6645ad6,2502,37632.jpg,False,
OF002509,fake,sora-2,image,2025-06,True,791,1536,1024,3,RGB,JPEG,174467,1.5,True,sora-2,fake::sora-2,False,479d49b384d2f734de35059814f7ddc8,2509,0025603.jpg,False,
OF002511,fake,z-image-turbo,Base,2025-11-25,True,669,1024,1024,3,RGB,JPEG,167193,1.0,True,z-image-turbo,fake::z-image-turbo,False,00e0dcf8ea901e543c93e64d6cbfe358,2511,969132.jpg,False,
OF002514,fake,midjourney-7,base,2025-04,True,530,1024,1024,3,RGB,PNG,1015756,1.0,True,midjourney-7,fake::midjourney-7,False,bd205c211b4d8631ba0a278f31e5ae00,2514,22013.jpg,False,
OF002519,fake,midjourney-7,base,2025-04,True,884,1024,1024,3,RGB,PNG,1590185,1.0,True,midjourney-7,fake::midjourney-7,False,764c8445eadc6e152545036ff2eb9992,2519,178680.jpg,False,
OF002520,fake,midjourney-7,base,2025-04,True,630,1024,1024,3,RGB,PNG,1322727,1.0,True,midjourney-7,fake::midjourney-7,False,479a63f1361d671c85003406e99f79ad,2520,05773.jpg,False,
OF002523,fake,midjourney-7,base,2025-04,True,533,1024,1024,3,RGB,PNG,1304754,1.0,True,midjourney-7,fake::midjourney-7,False,6ce3ede9e55c6aa66f4402722ca69ff6,2523,550130.jpg,False,
OF002524,fake,z-image-turbo,Base,2025-11-25,True,685,1024,1024,3,RGB,JPEG,308648,1.0,True,z-image-turbo,fake::z-image-turbo,False,ba8cbfd189aad0b42d29beaca20c9285,2524,1080162.jpg,False,
OF002525,fake,illustrious,image,2025-04,True,700,832,1216,3,RGB,JPEG,177338,0.6842105263157895,True,illustrious,fake::illustrious,False,d93ac3395480cbf6b75ba960e7606e01,2525,0057965.jpg,False,
OF002528,fake,z-image-turbo,image,2025-12,True,1002,832,1152,3,RGB,PNG,1557664,0.7222222222222222,True,z-image-turbo,fake::z-image-turbo,False,aba7c3eefc73ea65895b6f3b4c1fa6af,2528,0098006.jpg,False,
OF002530,fake,wan-video-2.5,video,2025-09,True,210,632,632,3,RGB,JPEG,79951,1.0,True,wan-video-2.5,fake::wan-video-2.5,False,aac52f219ab47484d30dbfc9b3fe1fd4,2530,0126128.jpg,False,
OF002531,fake,wan-video-2.5,video,2025-12,True,444,1080,1920,3,RGB,JPEG,416862,0.5625,True,wan-video-2.5,fake::wan-video-2.5,False,4316905ee171934f689b23522c52ec4b,2531,0266735.jpg,False,
OF002534,fake,gpt-image-1.5,image,2026-02,True,643,1024,1536,3,RGB,PNG,3324948,0.6666666666666666,True,gpt-image-1.5,fake::gpt-image-1.5,False,e5e2ad66d7575f647dbf153c5c520dd1,2534,0075972.jpg,False,
OF002536,fake,flux.2-klein-9b,Base,2026-01-14,True,625,1024,1024,3,RGB,JPEG,453309,1.0,True,flux.2-klein-9b,fake::flux.2-klein-9b,False,1ef6dd1729fc4cb8c93f0715b1ab444e,2536,1101961.jpg,False,
OF002538,real,imagenet,real,,True,756,500,375,3,RGB,JPEG,127279,1.3333333333333333,True,imagenet,real::imagenet,False,a43299034483791600076fe042654080,2538,n01773157_2733.JPEG,False,
OF002539,fake,illustrious,video,2026-03,True,380,512,752,3,RGB,JPEG,102692,0.6808510638297872,True,illustrious,fake::illustrious,False,cc82276fbf7b690708e9c3ed54f24a07,2539,0232113.jpg,False,
OF002540,real,imagenet,real,,True,345,500,357,3,RGB,JPEG,54430,1.4005602240896358,True,imagenet,real::imagenet,False,88002fd8965da86c55efa9af7d593f89,2540,n01806567_7262.JPEG,False,
OF002542,real,imagenet,real,,True,617,345,500,3,RGB,JPEG,123082,0.69,True,imagenet,real::imagenet,False,d4b6d2be9bc4536f945e09d433135ad1,2542,n01514668_20356.JPEG,False,
OF002543,real,docci,real,,True,653,2048,1536,3,RGB,JPEG,411917,1.3333333333333333,True,docci,real::docci,False,ca8c98ace1b4f2fe97861bd7f9921478,2543,train_02080.jpg,False,
OF002544,real,docci,real,,True,522,2048,1536,3,RGB,JPEG,572413,1.3333333333333333,True,docci,real::docci,False,6078c55fef11b909f9bfde0067519764,2544,train_07464.jpg,False,
OF002548,real,docci,real,,True,565,1536,2048,3,RGB,JPEG,724450,0.75,True,docci,real::docci,False,6a6671e2ca1314e00a82d5e7205638e1,2548,test_00672.jpg,False,
OF002550,fake,ernie-image-turbo,image,2026-04,True,1273,1024,1536,3,RGB,JPEG,321565,0.6666666666666666,True,ernie-image-turbo,fake::ernie-image-turbo,False,2cdb4a481e7434580c80418652fcfc8c,2550,0062548.jpg,False,
OF002551,real,docci,real,,True,574,1536,2048,3,RGB,JPEG,310447,0.75,True,docci,real::docci,False,e1ca5006a3615f1c0ea84e071d1c1015,2551,train_06120.jpg,False,
OF002553,real,imagenet,real,,True,647,500,364,3,RGB,JPEG,169795,1.3736263736263736,True,imagenet,real::imagenet,False,ebf7c5e70d60c1ee7a810263bd03d094,2553,n01631663_411.JPEG,False,
OF002556,real,docci,real,,True,644,1224,1632,3,RGB,JPEG,172987,0.75,True,docci,real::docci,False,dbc02191b2aa07d53fed388def556ecd,2556,train_08963.jpg,False,
OF002557,fake,flux.2-klein-9b,Base,2026-01-14,True,851,1024,1024,3,RGB,JPEG,329177,1.0,True,flux.2-klein-9b,fake::flux.2-klein-9b,False,dadd7d2f6306f65f16fa0fb71a7c8f29,2557,1081516.jpg,False,
OF002562,real,docci,real,,True,548,2048,1536,3,RGB,JPEG,343859,1.3333333333333333,True,docci,real::docci,False,a70f42d05e5525f58c6e2931e3701abf,2562,train_09013.jpg,False,
OF002563,fake,flux.2-klein-9b,Base,2026-01-14,True,624,1024,1024,3,RGB,JPEG,461938,1.0,True,flux.2-klein-9b,fake::flux.2-klein-9b,False,49ccb1b3a01ef22010e73ad663421a83,2563,1050954.jpg,False,
OF002564,real,imagenet,real,,True,593,500,332,3,RGB,JPEG,104046,1.5060240963855422,True,imagenet,real::imagenet,False,3e8e2a8fa7a80a3afaedea633aa1b86e,2564,n01740131_21584.JPEG,False,
OF002567,real,imagenet,real,,True,527,1001,670,3,RGB,JPEG,336430,1.4940298507462686,True,imagenet,real::imagenet,False,645e8036768a66428d374e447c867846,2567,n01729322_7502.JPEG,False,
OF002570,real,imagenet,real,,True,564,500,333,3,RGB,JPEG,132094,1.5015015015015014,True,imagenet,real::imagenet,False,996c96a7c8accdd9520ea736fb35cd50,2570,n01697457_1715.JPEG,False,
OF002575,real,docci,real,,True,549,485,355,3,RGB,JPEG,30729,1.3661971830985915,True,docci,real::docci,False,8fa7b2acc697cd325fd0a28136888fa3,2575,train_04260.jpg,False,
OF002577,real,docci,real,,True,520,1536,2048,3,RGB,JPEG,394168,0.75,True,docci,real::docci,False,83badfbe8ebc7cbfeb858213acafd84c,2577,train_08278.jpg,False,
OF002578,fake,lumina-17-2-25,base,unknown,True,299,1024,1024,3,RGB,PNG,1306121,1.0,True,lumina-17-2-25,fake::lumina-17-2-25,False,4958b17c356140c4b6f966370796a8af,2578,45790.jpg,False,
OF002582,real,docci,real,,True,624,2048,1536,3,RGB,JPEG,1011637,1.3333333333333333,True,docci,real::docci,False,2d5225f8a0cf940e233578d9de0a9eba,2582,test_02709.jpg,False,
OF002584,real,imagenet,real,,True,465,500,375,3,RGB,JPEG,136720,1.3333333333333333,True,imagenet,real::imagenet,False,5c825145ef3a92ebd184fa5fecbb1f30,2584,n01742172_9230.JPEG,False,
OF002585,fake,gpt-image-1.5,image,2026-04,True,747,1536,1024,3,RGB,PNG,3720833,1.5,True,gpt-image-1.5,fake::gpt-image-1.5,False,692a44339c6507ac5c2c623839cb482d,2585,0086643.jpg,False,
OF002586,real,imagenet,real,,True,598,500,375,3,RGB,JPEG,89304,1.3333333333333333,True,imagenet,real::imagenet,False,db93ced639e038507a72e87ab2b31a8e,2586,n01443537_14281.JPEG,False,
OF002588,real,docci,real,,True,379,1536,2048,3,RGB,JPEG,278489,0.75,True,docci,real::docci,False,2c4201c7de0647b61387ff8aefe2d9a8,2588,train_07378.jpg,False,
OF002590,fake,illustrious,image,2026-04,True,1171,832,1216,3,RGB,JPEG,278973,0.6842105263157895,True,illustrious,fake::illustrious,False,e53979ab4d2d15c36e9f4b6d5d9d5c63,2590,0097656.jpg,False,
OF002594,real,imagenet,real,,True,372,500,281,3,RGB,JPEG,71835,1.7793594306049825,True,imagenet,real::imagenet,False,f7ccd772215e73ec9897500cd5591e97,2594,n01558993_5310.JPEG,False,
OF002596,real,imagenet,real,,True,654,500,356,3,RGB,JPEG,140294,1.404494382022472,True,imagenet,real::imagenet,False,9c937116888bbab5b013405769482d31,2596,n01622779_17069.JPEG,False,
OF002597,fake,wan-video-2.5,video,2025-12,True,379,550,726,3,RGB,JPEG,99503,0.7575757575757576,True,wan-video-2.5,fake::wan-video-2.5,False,7441d9177b2fc158a635b01e29537d88,2597,0322628.jpg,False,
OF002599,real,imagenet,real,,True,670,384,294,3,RGB,JPEG,25041,1.3061224489795915,True,imagenet,real::imagenet,False,e7d6175bf1e28feb22cc3ed1aa21e52c,2599,n01694178_8813.JPEG,False,
OF002601,fake,gpt-image-1.5,image,2026-01,True,72,1536,1024,3,RGB,JPEG,323327,1.5,True,gpt-image-1.5,fake::gpt-image-1.5,False,28043acc38e02c800667e966a438904b,2601,0058051.jpg,False,
OF002604,real,imagenet,real,,True,476,480,341,3,RGB,JPEG,70000,1.4076246334310851,True,imagenet,real::imagenet,False,3d1f313fa54a9ccffb9c9bd7283d6208,2604,n01776313_5957.JPEG,False,
OF002607,fake,gpt-image-2,image,2026-04,True,696,1024,1536,3,RGB,PNG,3632243,0.6666666666666666,True,gpt-image-2,fake::gpt-image-2,False,ea347ddff1ed92569c51b26db214adfa,2607,0004390.jpg,False,
OF002608,fake,veo-3,video,2025-10,True,224,1080,1920,3,RGB,JPEG,632077,0.5625,True,veo-3,fake::veo-3,False,4aacbc6d972aea135cac864827b7b1dd,2608,0107803.jpg,False,
OF002609,fake,flux.2-klein-9b,Base,2026-01-14,True,523,1024,1024,3,RGB,JPEG,489982,1.0,True,flux.2-klein-9b,fake::flux.2-klein-9b,False,a5bde22e20b7efb91f5444f2c2d8bc32,2609,946354.jpg,False,
OF002611,real,docci,real,,True,531,2048,1536,3,RGB,JPEG,229148,1.3333333333333333,True,docci,real::docci,False,efe1ccd868356f24d3026f284b55fb46,2611,train_07745.jpg,False,
OF002614,real,imagenet,real,,True,536,500,366,3,RGB,JPEG,210761,1.366120218579235,True,imagenet,real::imagenet,False,3fe3e765206fd37707ca22508f480603,2614,n01580077_2811.JPEG,False,
OF002615,real,imagenet,real,,True,574,100,75,3,RGB,JPEG,1757,1.3333333333333333,True,imagenet,real::imagenet,False,20313eab7433ebf8941d4507b6512695,2615,n01756291_113.JPEG,False,
OF002619,real,imagenet,real,,True,578,500,375,3,RGB,JPEG,132471,1.3333333333333333,True,imagenet,real::imagenet,False,58aafb7a0317a9a346ae77ecdc678d3f,2619,n01496331_20036.JPEG,False,
OF002621,fake,recraft-v3,base,2024-10,True,322,600,400,3,RGB,JPEG,136530,1.5,True,recraft-v3,fake::recraft-v3,False,23c007d246567d04124bf8abaadf2f5d,2621,09712.jpg,False,
OF002624,fake,lumina-17-2-25,base,unknown,True,307,1024,1024,3,RGB,PNG,1500870,1.0,True,lumina-17-2-25,fake::lumina-17-2-25,False,5b1f7372f214b7ac431bce959cfcea8e,2624,19265.jpg,False,
OF002625,real,imagenet,real,,True,794,488,466,3,RGB,JPEG,120079,1.0472103004291846,True,imagenet,real::imagenet,False,4fb854aa04c1310e3d6dc051bc80afc4,2625,n01773797_868.JPEG,False,
OF002629,fake,midjourney-7,base,2025-04,True,518,1024,1024,3,RGB,PNG,1256562,1.0,True,midjourney-7,fake::midjourney-7,False,7dfbab1f86542bd9fed0afe150026140,2629,863925.jpg,False,
OF002634,real,imagenet,real,,True,583,500,375,3,RGB,JPEG,166968,1.3333333333333333,True,imagenet,real::imagenet,False,c95bfe39f363700ea7ee2152a4b693ef,2634,n01819313_3735.JPEG,False,
OF002635,real,docci,real,,True,641,2048,1536,3,RGB,JPEG,584936,1.3333333333333333,True,docci,real::docci,False,3f59b1a5c88fe7ba13522c5b3699b05a,2635,test_01440.jpg,False,
OF002637,fake,midjourney-7,base,2025-04,True,605,1024,1024,3,RGB,PNG,1954536,1.0,True,midjourney-7,fake::midjourney-7,False,df76bf2bb050c77b04168e8853025cbd,2637,448084.jpg,False,
OF002638,real,imagenet,real,,True,544,375,500,3,RGB,JPEG,145289,0.75,True,imagenet,real::imagenet,False,65520dda88b6d079292cbf1aa5de4e85,2638,n01773797_196.JPEG,False,
OF002641,real,docci,real,,True,571,2048,1536,3,RGB,JPEG,852007,1.3333333333333333,True,docci,real::docci,False,25a5ccfaa77ea6bd2d86bc1fb7c1d1eb,2641,train_00230.jpg,False,
OF002644,real,docci,real,,True,790,1536,2048,3,RGB,JPEG,233034,0.75,True,docci,real::docci,False,3c4a18dc34c0a164dfd983e40ea2a93b,2644,test_02051.jpg,False,
OF002649,real,imagenet,real,,True,622,500,333,3,RGB,JPEG,133078,1.5015015015015014,True,imagenet,real::imagenet,False,644eeaba16e199323ded6d82ae6da6e1,2649,n01622779_3992.JPEG,False,
OF002653,fake,midjourney-7,base,2025-04,True,599,1456,816,3,RGB,PNG,1646696,1.7843137254901962,True,midjourney-7,fake::midjourney-7,False,af25cc14a32edba2568bc39ffb44bf61,2653,573742.jpg,False,
OF002654,fake,gpt-image-1.5,image,2026-01,True,639,1024,1024,3,RGB,PNG,1797160,1.0,True,gpt-image-1.5,fake::gpt-image-1.5,False,190ef48e0795d97d44b93855fd7daf96,2654,0028497.jpg,False,
OF002657,fake,ernie-image-turbo,image,2026-04,True,399,1920,1920,3,RGB,PNG,6500726,1.0,True,ernie-image-turbo,fake::ernie-image-turbo,False,8cf8daf28bf93c4e9158a36cc6529e14,2657,0040003.jpg,False,
OF002658,real,docci,real,,True,522,480,360,3,RGB,JPEG,30993,1.3333333333333333,True,docci,real::docci,False,5993c9e15846420e6320dee3125be684,2658,train_03507.jpg,False,
OF002659,fake,gpt-image-1.5,image,2026-01,True,688,1024,1536,3,RGB,PNG,2769866,0.6666666666666666,True,gpt-image-1.5,fake::gpt-image-1.5,False,efe5faf2fac3792169a643e5ec7b68b0,2659,0030678.jpg,False,
OF002660,fake,ideogram-2.0,base,unknown,True,37,1280,800,3,RGB,PNG,1199562,1.6,True,ideogram-2.0,fake::ideogram-2.0,False,9763e4eebd9c97dda9d8afb175afa706,2660,45110.jpg,False,
OF002663,fake,illustrious,image,2025-08,True,625,1664,2432,3,RGB,PNG,4362053,0.6842105263157895,True,illustrious,fake::illustrious,False,4f3ce3093b2aa6253488996697cf56c6,2663,0034744.jpg,False,
OF002666,real,docci,real,,True,631,1535,2048,3,RGB,JPEG,218447,0.74951171875,True,docci,real::docci,False,6a321f46ce162cb31e0fe01d4157401c,2666,test_00696.jpg,False,
OF002672,real,docci,real,,True,624,2048,1536,3,RGB,JPEG,314158,1.3333333333333333,True,docci,real::docci,False,67ec11c66a9c70254d7003a036792bbc,2672,train_02009.jpg,False,
OF002675,fake,gpt-image-1.5,image,2026-01,True,1083,1536,1024,3,RGB,PNG,3222521,1.5,True,gpt-image-1.5,fake::gpt-image-1.5,False,37ac4a6bc70762776d91afcf6f89e666,2675,0078085.jpg,False,
OF002679,real,imagenet,real,,True,451,333,500,3,RGB,JPEG,117889,0.666,True,imagenet,real::imagenet,False,afdeb04a54713d8ba84509036dac4a66,2679,n01560419_18651.JPEG,False,
OF002681,real,imagenet,real,,True,432,335,500,3,RGB,JPEG,110883,0.67,True,imagenet,real::imagenet,False,2883b721e14ae0315db38f840111fffc,2681,n01644373_6543.JPEG,False,
OF002682,real,docci,real,,True,607,2048,1536,3,RGB,JPEG,605115,1.3333333333333333,True,docci,real::docci,False,268734d4519ed11c5ebc4dc876698caa,2682,test_02965.jpg,False,
OF002683,fake,gpt-image-2,image,2026-04,True,777,1024,1536,3,RGB,JPEG,419562,0.6666666666666666,True,gpt-image-2,fake::gpt-image-2,False,319002f4aa6f79a6ce550809b37a8acf,2683,0100476.jpg,False,
OF002684,real,imagenet,real,,True,448,500,345,3,RGB,JPEG,161140,1.4492753623188406,True,imagenet,real::imagenet,False,3d38071fec37cc6550fd4d34f5df3a51,2684,n01530575_2255.JPEG,False,
OF002685,real,imagenet,real,,True,638,333,500,3,RGB,JPEG,113880,0.666,True,imagenet,real::imagenet,False,bffd7453c8443046ebda83638e89dedc,2685,n01682714_5437.JPEG,False,
OF002688,real,docci,real,,True,626,2048,1536,3,RGB,JPEG,652016,1.3333333333333333,True,docci,real::docci,False,d209eb3b7664a5abee619e66c2524f9e,2688,train_09292.jpg,False,
OF002691,real,docci,real,,True,638,4032,3024,3,RGB,JPEG,2099544,1.3333333333333333,True,docci,real::docci,False,dbee8b9b001a818002cf3c76c06c3b4c,2691,test_00183.jpg,False,
OF002696,real,docci,real,,True,559,2048,1536,3,RGB,JPEG,409786,1.3333333333333333,True,docci,real::docci,False,18fc3fe0cea098619138c64547029ee3,2696,test_03099.jpg,False,
OF002697,fake,illustrious,video,2026-03,True,3,784,1168,3,RGB,JPEG,424021,0.6712328767123288,True,illustrious,fake::illustrious,False,f17a1db53354c1eb6e750cf9672bf2c5,2697,0325086.jpg,False,
OF002698,real,docci,real,,True,463,2048,1536,3,RGB,JPEG,759610,1.3333333333333333,True,docci,real::docci,False,aa858af4aa0d133c3a51e7502591d838,2698,train_04659.jpg,False,
OF002699,fake,illustrious,image,2025-08,True,801,1280,1856,3,RGB,JPEG,701140,0.6896551724137931,True,illustrious,fake::illustrious,False,f79a5bdbf8cdbdaba46892dedfa94c20,2699,0061714.jpg,False,
OF002701,fake,ideogram-2.0,base,unknown,True,95,1280,800,3,RGB,PNG,1412969,1.6,True,ideogram-2.0,fake::ideogram-2.0,False,8bd4eb9228116137d7c18c9651863cf6,2701,47485.jpg,False,
OF002702,real,docci,real,,True,604,2048,1536,3,RGB,JPEG,350542,1.3333333333333333,True,docci,real::docci,False,be0df22ada3ba689aa1e212ec6ecff42,2702,train_08933.jpg,False,
OF002705,real,imagenet,real,,True,642,500,333,3,RGB,JPEG,29798,1.5015015015015014,True,imagenet,real::imagenet,False,506f049b0dde582d35e77b13d93937d9,2705,n01443537_17538.JPEG,False,
OF002708,fake,z-image-turbo,image,2025-12,True,770,1328,1944,3,RGB,PNG,3589838,0.6831275720164609,True,z-image-turbo,fake::z-image-turbo,False,3c7cabe919061f2595ffbd38dee74560,2708,0008614.jpg,False,
OF002709,real,imagenet,real,,True,526,500,375,3,RGB,JPEG,124653,1.3333333333333333,True,imagenet,real::imagenet,False,d2c23325c6ac71feadd6fc93a958a07f,2709,n01774750_10141.JPEG,False,
OF002712,fake,ernie-image,image,2026-04,True,1407,848,1264,3,RGB,JPEG,270340,0.6708860759493671,True,ernie-image,fake::ernie-image,False,d1f81bcebb93526e4273e6570dad2005,2712,0085254.jpg,False,
OF002713,fake,gpt-image-1.5,image,2026-01,True,693,1536,1024,3,RGB,PNG,2646442,1.5,True,gpt-image-1.5,fake::gpt-image-1.5,False,fbcc546d37937b58b2f7ce5423757870,2713,0055886.jpg,False,
OF002714,real,imagenet,real,,True,671,500,280,3,RGB,JPEG,174533,1.7857142857142858,True,imagenet,real::imagenet,False,98eb6c1bb5849c7ed15ec5998f09af37,2714,n01740131_10938.JPEG,False,
OF002715,real,docci,real,,True,561,2048,1536,3,RGB,JPEG,461313,1.3333333333333333,True,docci,real::docci,False,fe9b940864d1097d12e5804f62914e32,2715,train_06073.jpg,False,
OF002716,real,imagenet,real,,True,541,587,375,3,RGB,JPEG,17470,1.5653333333333332,True,imagenet,real::imagenet,False,8062dab51f245bccd88956739ae70f52,2716,n01824575_5851.JPEG,False,
OF002719,real,imagenet,real,,True,650,500,333,3,RGB,JPEG,118141,1.5015015015015014,True,imagenet,real::imagenet,False,00a994dbade0cad02cc8a1f9e0074d5f,2719,n01748264_17090.JPEG,False,
OF002723,real,docci,real,,True,481,360,480,3,RGB,JPEG,44120,0.75,True,docci,real::docci,False,cdb73cd20e6ce3b02fe8d5fbe5350611,2723,train_08754.jpg,False,
OF002724,real,imagenet,real,,True,635,500,356,3,RGB,JPEG,200312,1.404494382022472,True,imagenet,real::imagenet,False,58f212bb3db47af03cb30b03e28cca55,2724,n01820546_4275.JPEG,False,
OF002729,real,docci,real,,True,572,2048,1536,3,RGB,JPEG,298673,1.3333333333333333,True,docci,real::docci,False,6429f0091c25bf5401c80c84dc654bad,2729,train_02362.jpg,False,
OF002731,fake,gpt-image-1.5,image,2026-02,True,1240,4096,6144,3,RGB,JPEG,3824348,0.6666666666666666,True,gpt-image-1.5,fake::gpt-image-1.5,False,7cf4584ecbe4d5da4665f8d4314ccf30,2731,0097063.jpg,False,
OF002732,fake,recraft-v3,base,2024-10,True,748,600,800,3,RGB,JPEG,266321,0.75,True,recraft-v3,fake::recraft-v3,False,d4ce43b279340b026f94699db7866d1b,2732,57710.jpg,False,
OF002735,fake,ernie-image-turbo,image,2026-04,True,545,848,1264,3,RGB,JPEG,292017,0.6708860759493671,True,ernie-image-turbo,fake::ernie-image-turbo,False,a4264dc8edcaa929514e263ab5d2e4a2,2735,0090490.jpg,False,
OF002736,real,docci,real,,True,596,2048,1536,3,RGB,JPEG,545991,1.3333333333333333,True,docci,real::docci,False,25f886cf598700b730d2314830ab150e,2736,train_00569.jpg,False,
OF002737,fake,veo-3,video,2025-09,True,83,1280,720,3,RGB,JPEG,253933,1.7777777777777777,True,veo-3,fake::veo-3,False,f15b96ae63debdb5060196427c61e7dc,2737,0181630.jpg,False,
OF002740,real,docci,real,,True,590,1536,2048,3,RGB,JPEG,703159,0.75,True,docci,real::docci,False,04365fa4865dedf3c2142ae64eecc142,2740,test_02374.jpg,False,
OF002745,real,imagenet,real,,True,614,300,234,3,RGB,JPEG,35220,1.2820512820512822,True,imagenet,real::imagenet,False,c3c7ff7ce1bb68b7328ffd68f08aa5a6,2745,n01530575_6574.JPEG,False,
OF002746,real,docci,real,,True,697,1945,1459,3,RGB,JPEG,245282,1.3331048663468128,True,docci,real::docci,False,bbe458f6ff2349b3f70467423fa62752,2746,train_00823.jpg,False,
OF002750,real,imagenet,real,,True,505,800,640,3,RGB,JPEG,165647,1.25,True,imagenet,real::imagenet,False,b8353d67234dde16267eb22ef87a0bd3,2750,n01667114_14333.JPEG,False,
OF002753,real,imagenet,real,,True,557,500,375,3,RGB,JPEG,165385,1.3333333333333333,True,imagenet,real::imagenet,False,c86eff7601686d13c63c1ae3c9c9cd01,2753,n01667778_6981.JPEG,False,
OF002762,real,imagenet,real,,True,594,500,350,3,RGB,JPEG,102564,1.4285714285714286,True,imagenet,real::imagenet,False,77cd721cafe0bbbb688c2d7c2132c92e,2762,n01770393_9547.JPEG,False,
OF002765,fake,recraft-v3,base,2024-10,True,688,600,600,3,RGB,JPEG,153365,1.0,True,recraft-v3,fake::recraft-v3,False,08a0ac8b5362964bff2068f99242ca23,2765,21457.jpg,False,
OF002766,fake,wan-video-2.5,video,2025-10,True,639,942,2200,3,RGB,JPEG,433951,0.4281818181818181,True,wan-video-2.5,fake::wan-video-2.5,False,2f5fac3e7884dac61dad4a3f8df0f76b,2766,0138312.jpg,False,
OF002767,fake,seedream-v5.0,image,2026-03,True,50,2304,1728,3,RGB,JPEG,502472,1.3333333333333333,True,seedream-v5.0,fake::seedream-v5.0,False,78254aee75209dfcd0a8cf0f0953a301,2767,0004491.jpg,False,
OF002769,real,imagenet,real,,True,277,400,300,3,RGB,JPEG,29635,1.3333333333333333,True,imagenet,real::imagenet,False,4dd2b5d590a5e922ef1e1afda7af6442,2769,n01756291_6534.JPEG,False,
OF002771,fake,illustrious,image,2026-04,True,16,1216,832,3,RGB,JPEG,179124,1.4615384615384617,True,illustrious,fake::illustrious,False,06e079eaeeae40347e2b2218d39547d1,2771,0083143.jpg,False,
OF002772,fake,veo-3,video,2025-08,True,1033,1280,720,3,RGB,JPEG,274542,1.7777777777777777,True,veo-3,fake::veo-3,False,b5d8a1a97b82138a5c3e5b2f70f3aa12,2772,0290296.jpg,False,
OF002776,fake,wan-video-2.5,video,2026-01,True,644,1190,1740,3,RGB,JPEG,446725,0.6839080459770115,True,wan-video-2.5,fake::wan-video-2.5,False,0d54a2a6a747ca77ba7d4808c6edfd64,2776,0289755.jpg,False,
OF002777,real,docci,real,,True,674,2048,1536,3,RGB,JPEG,587869,1.3333333333333333,True,docci,real::docci,False,592f1c32ab7df0abceab855ba9898c01,2777,train_00106.jpg,False,
OF002779,real,imagenet,real,,True,544,500,375,3,RGB,JPEG,169383,1.3333333333333333,True,imagenet,real::imagenet,False,637d0a33561cd0494541faaf05340e37,2779,n01729322_4220.JPEG,False,
OF002782,fake,recraft-v2,base,unknown,True,61,1024,1024,3,RGB,PNG,1455896,1.0,True,recraft-v2,fake::recraft-v2,False,c788fae0773ea500d3f2b653e34091ed,2782,22754.jpg,False,
OF002783,fake,veo-3,video,2025-10,True,27,1920,1080,3,RGB,JPEG,933294,1.7777777777777777,True,veo-3,fake::veo-3,False,9755bee42841f2d3f1c17dd6cf134f75,2783,0301546.jpg,False,
OF002786,real,imagenet,real,,True,526,215,144,3,RGB,JPEG,13695,1.4930555555555556,True,imagenet,real::imagenet,False,e2910eb1ba302326611a15f38024924f,2786,n01632458_5122.JPEG,False,
OF002788,fake,flux.2-klein-9b,Base,2026-01-14,True,690,1024,1024,3,RGB,JPEG,561419,1.0,True,flux.2-klein-9b,fake::flux.2-klein-9b,False,3d3885cbfc28858cb16e8c74c600590d,2788,985084.jpg,False,
OF002792,fake,flux.2-klein-9b,Base,2026-01-14,True,331,1024,1024,3,RGB,JPEG,390814,1.0,True,flux.2-klein-9b,fake::flux.2-klein-9b,False,daf7314c48b6600732604c44738d6fde,2792,1104112.jpg,False,
OF002793,real,docci,real,,True,692,2048,1536,3,RGB,JPEG,699969,1.3333333333333333,True,docci,real::docci,False,2ed3ee9ad9f9924bf537be9c11e4f2c0,2793,train_05444.jpg,False,
OF002796,fake,illustrious,image,2025-08,True,766,2560,3840,4,RGBA,PNG,18620633,0.6666666666666666,True,illustrious,fake::illustrious,False,6930978ae375ea386d80e695e73abff3,2796,0007601.jpg,False,
OF002798,fake,veo-3,video,2025-09,True,397,1080,1920,3,RGB,JPEG,679740,0.5625,True,veo-3,fake::veo-3,False,69361fdbd7ec8033075800fbe44a2b2b,2798,0283742.jpg,False,
OF002799,fake,veo-3,video,2025-08,True,716,1280,720,3,RGB,JPEG,214032,1.7777777777777777,True,veo-3,fake::veo-3,False,d2f0a563e7aa975b89be71595922163e,2799,0167124.jpg,False,
OF002800,fake,lumina-17-2-25,base,unknown,True,25,1024,1024,3,RGB,PNG,1449868,1.0,True,lumina-17-2-25,fake::lumina-17-2-25,False,bf912ee22112502f12ee69165846c96b,2800,55129.jpg,False,
OF002806,fake,flux.2-klein-9b,Base,2026-01-14,True,606,1024,1024,3,RGB,JPEG,495219,1.0,True,flux.2-klein-9b,fake::flux.2-klein-9b,False,b305744f975afad570dc1790803b36f8,2806,1052968.jpg,False,
OF002812,real,docci,real,,True,540,2048,1536,3,RGB,JPEG,350242,1.3333333333333333,True,docci,real::docci,False,f256e7583af95e0c13b0a3e4d4647a25,2812,train_03514.jpg,False,
OF002813,real,imagenet,real,,True,621,500,375,3,RGB,JPEG,143380,1.3333333333333333,True,imagenet,real::imagenet,False,effe69ed8f354908a226b46a67e17f77,2813,n01693334_782.JPEG,False,
OF002814,real,imagenet,real,,True,582,500,375,3,RGB,JPEG,183737,1.3333333333333333,True,imagenet,real::imagenet,False,95a90e5e3b846ed891551dc35dd83b8b,2814,n01729322_9835.JPEG,False,
OF002816,fake,midjourney-7,base,2025-04,True,528,1344,896,3,RGB,PNG,2038936,1.5,True,midjourney-7,fake::midjourney-7,False,fcc80e29f3e6eed37df5feefcb14c371,2816,773420.jpg,False,
OF002818,real,docci,real,,True,687,2048,1536,3,RGB,JPEG,232780,1.3333333333333333,True,docci,real::docci,False,7b7eb5e971886f0c372065bb8396ede4,2818,train_08021.jpg,False,
OF002820,fake,midjourney-7,base,2025-04,True,499,960,1200,3,RGB,PNG,1907654,0.8,True,midjourney-7,fake::midjourney-7,False,59edcfe8df4ea3d5ecc427218c0f8689,2820,19825.jpg,False,
OF002821,real,imagenet,real,,True,525,215,162,1,L,JPEG,20257,1.3271604938271604,True,imagenet,real::imagenet,False,1894aeb32d1ef2357464b0e903b4f67f,2821,n01768244_4240.JPEG,False,
OF002825,real,imagenet,real,,True,549,375,500,3,RGB,JPEG,217987,0.75,True,imagenet,real::imagenet,False,a6fafd9e2c1ab2ad12f1462dbe244d15,2825,n01737021_12622.JPEG,False,
OF002826,real,docci,real,,True,380,1535,2048,3,RGB,JPEG,192556,0.74951171875,True,docci,real::docci,False,ce68f9dea9863e2b40f14a545fca1421,2826,test_03997.jpg,False,
OF002832,real,imagenet,real,,True,884,240,320,3,RGB,JPEG,26381,0.75,True,imagenet,real::imagenet,False,3a18475f262aecaab86e8a384c117d7f,2832,n01753488_2927.JPEG,False,
OF002838,real,imagenet,real,,True,620,333,500,3,RGB,JPEG,117057,0.666,True,imagenet,real::imagenet,False,1ab67c9bc463bd696069fbb5ab682872,2838,n01608432_838.JPEG,False,
OF002840,real,docci,real,,True,524,2048,1536,3,RGB,JPEG,833208,1.3333333333333333,True,docci,real::docci,False,1741e67c3fff0097e9c4903316492c1d,2840,train_07843.jpg,False,
OF002841,fake,ernie-image,image,2026-04,True,586,2176,3840,3,RGB,PNG,8773221,0.5666666666666667,True,ernie-image,fake::ernie-image,False,f69259d352d982708287cc2438b7971f,2841,0004368.jpg,False,
OF002851,fake,veo-3,video,2025-09,True,805,1920,1080,3,RGB,JPEG,630344,1.7777777777777777,True,veo-3,fake::veo-3,False,4314b5b7d03e004d06f61b0c86d093f3,2851,0222666.jpg,False,
OF002852,real,docci,real,,True,600,2048,1536,3,RGB,JPEG,812130,1.3333333333333333,True,docci,real::docci,False,35362ce46210be0933f9b5d210a6ae78,2852,test_04058.jpg,False,
OF002853,fake,z-image-turbo,image,2025-12,True,171,896,1152,3,RGB,PNG,1901981,0.7777777777777778,True,z-image-turbo,fake::z-image-turbo,False,3b1d9950b2a8f7e0aa8d89294e4ffaf9,2853,0011485.jpg,False,
OF002854,real,docci,real,,True,465,2048,1536,3,RGB,JPEG,287501,1.3333333333333333,True,docci,real::docci,False,00893caa631038cc4051247934a5f3bf,2854,train_06801.jpg,False,
OF002857,real,imagenet,real,,True,551,500,379,3,RGB,JPEG,164648,1.3192612137203166,True,imagenet,real::imagenet,False,16c98dcbcade6093cdec5c241085e79b,2857,n01514668_16558.JPEG,False,
OF002858,real,docci,real,,True,694,2048,1536,3,RGB,JPEG,677094,1.3333333333333333,True,docci,real::docci,False,3918082ee5eaf6590125616709615922,2858,test_03758.jpg,False,
OF002861,fake,midjourney-7,base,2025-04,True,643,1024,1024,3,RGB,PNG,1049207,1.0,True,midjourney-7,fake::midjourney-7,False,ffdfaf1c8f15dafb947f24e6c047bc3e,2861,508166.jpg,False,
OF002862,real,imagenet,real,,True,543,500,333,3,RGB,JPEG,100543,1.5015015015015014,True,imagenet,real::imagenet,False,6a63b9fd4d8fd8e005a402cba4158a15,2862,n01601694_11736.JPEG,False,
OF002863,fake,ernie-image-turbo,image,2026-04,True,525,1056,1824,3,RGB,PNG,5012174,0.5789473684210527,True,ernie-image-turbo,fake::ernie-image-turbo,False,59922be5303868842b0bc924db7eece1,2863,0084156.jpg,False,
OF002864,fake,z-image-turbo,Base,2025-11-25,True,797,1024,1024,3,RGB,JPEG,96995,1.0,True,z-image-turbo,fake::z-image-turbo,False,e84999ce8c5e399e36a8b62dc59dadbd,2864,1108218.jpg,False,
OF002865,real,docci,real,,True,525,2048,1536,3,RGB,JPEG,327379,1.3333333333333333,True,docci,real::docci,False,12c39d64260bdfe8c58b151d3f5b765d,2865,train_02834.jpg,False,
OF002867,fake,z-image-turbo,Base,2025-11-25,True,708,1024,1024,3,RGB,JPEG,197629,1.0,True,z-image-turbo,fake::z-image-turbo,False,4946a5c389765cbd60469478dc04d8c5,2867,949838.jpg,False,
OF002870,real,imagenet,real,,True,627,500,375,3,RGB,JPEG,185637,1.3333333333333333,True,imagenet,real::imagenet,False,c33994e0267a434f0623bc137b98d10e,2870,n01737021_1125.JPEG,False,
OF002872,real,docci,real,,True,581,2048,1536,3,RGB,JPEG,878418,1.3333333333333333,True,docci,real::docci,False,9cc5e71d0657a8586d02a99f20969085,2872,test_03268.jpg,False,
OF002874,fake,midjourney-7,base,2025-04,True,700,1024,1024,3,RGB,PNG,1166071,1.0,True,midjourney-7,fake::midjourney-7,False,a6572f3e9ae76c135b1eda5b58b83f8a,2874,770158.jpg,False,
OF002875,fake,midjourney-7,base,2025-04,True,603,1024,1024,3,RGB,PNG,1153755,1.0,True,midjourney-7,fake::midjourney-7,False,5d8bcdfbf6c4fae9ec538c8ad8cc7100,2875,391059.jpg,False,
OF002876,real,imagenet,real,,True,652,500,333,3,RGB,JPEG,168392,1.5015015015015014,True,imagenet,real::imagenet,False,0cd5472e24e11a5e3248e496a53b7dfc,2876,n01824575_1416.JPEG,False,
OF002881,real,imagenet,real,,True,435,500,333,3,RGB,JPEG,93851,1.5015015015015014,True,imagenet,real::imagenet,False,9fe248cabd4c28525d57287247e24b38,2881,n01530575_10202.JPEG,False,
OF002882,fake,recraft-v3,base,2024-10,True,578,600,600,3,RGB,JPEG,142535,1.0,True,recraft-v3,fake::recraft-v3,False,d49f05fdece8e38ef6950dc3d8d03e99,2882,50206.jpg,False,
OF002885,real,imagenet,real,,True,575,500,383,3,RGB,JPEG,119589,1.3054830287206267,True,imagenet,real::imagenet,False,5b6b658fa9dcf300b452e05e9c7786cc,2885,n01667114_11717.JPEG,False,
OF002886,real,docci,real,,True,518,2048,1536,3,RGB,JPEG,181064,1.3333333333333333,True,docci,real::docci,False,fe5a08b0c01f41129912819ff14a22d0,2886,train_08538.jpg,False,
OF002888,fake,wan-video-2.5,video,2025-09,True,1294,1080,1920,3,RGB,JPEG,400887,0.5625,True,wan-video-2.5,fake::wan-video-2.5,False,62a121dab1d6cc201fb7499957a8b095,2888,0119690.jpg,False,
OF002889,real,docci,real,,True,427,1536,2048,3,RGB,JPEG,314538,0.75,True,docci,real::docci,False,af1527c30a97271a11a6ffa59cc0232c,2889,test_01075.jpg,False,
OF002897,fake,gpt-image-1.5,image,2026-01,True,640,1536,1024,3,RGB,PNG,3073537,1.5,True,gpt-image-1.5,fake::gpt-image-1.5,False,1d95bdb1618ccba4ca20b1750790b281,2897,0048721.jpg,False,
OF002900,real,docci,real,,True,651,2048,1535,3,RGB,JPEG,715746,1.3342019543973942,True,docci,real::docci,False,b2f55b32bbe59d43c3bdf108db5f0148,2900,test_04947.jpg,False,
OF002903,real,imagenet,real,,True,394,333,500,3,RGB,JPEG,90537,0.666,True,imagenet,real::imagenet,False,f892bea2b0e9430901f9c6df4fa1f1d9,2903,n01675722_4115.JPEG,False,
OF002904,real,docci,real,,True,490,2048,1536,3,RGB,JPEG,1340547,1.3333333333333333,True,docci,real::docci,False,063f48d5ff9644f388dab141b5339cad,2904,test_00069.jpg,False,
OF002905,fake,veo-3,video,2025-10,True,367,1080,1920,3,RGB,JPEG,542333,0.5625,True,veo-3,fake::veo-3,False,01f48aeabfe1cfc5302c875b857228e1,2905,0108892.jpg,False,
OF002909,fake,halfmoon-4-4-25,base,unknown,True,46,1248,832,3,RGB,PNG,820771,1.5,True,halfmoon-4-4-25,fake::halfmoon-4-4-25,False,7fa64330b0470ffd1922375c12ba1e47,2909,21611.jpg,False,
OF002910,fake,veo-3,video,2025-11,True,726,720,1280,3,RGB,JPEG,276748,0.5625,True,veo-3,fake::veo-3,False,50d0456c48a085af1f985f7269092b5b,2910,0321680.jpg,False,
OF002913,real,imagenet,real,,True,526,440,375,3,RGB,JPEG,45946,1.1733333333333331,True,imagenet,real::imagenet,False,b051c98caa213f78c75946f19ba59228,2913,n01641577_11557.JPEG,False,
OF002915,real,docci,real,,True,310,2048,1536,3,RGB,JPEG,444010,1.3333333333333333,True,docci,real::docci,False,4fed6663518e770fe2a39fb84adf419c,2915,test_03733.jpg,False,
OF002917,fake,gpt-image-1.5,image,2026-01,True,715,1024,1536,3,RGB,JPEG,418186,0.6666666666666666,True,gpt-image-1.5,fake::gpt-image-1.5,False,9b1c69f8ece8a315edca0d9ffd59d1f2,2917,0079171.jpg,False,
OF002918,real,docci,real,,True,333,2048,1536,3,RGB,JPEG,384777,1.3333333333333333,True,docci,real::docci,False,a7d81b233d48e0a0280381e65fe6ab59,2918,train_07969.jpg,False,
OF002922,fake,midjourney-7,base,2025-04,True,553,1344,896,3,RGB,PNG,1104521,1.5,True,midjourney-7,fake::midjourney-7,False,2233de21d566e5297b79b8f8cb911bc7,2922,499700.jpg,False,
OF002923,real,docci,real,,True,491,2048,1536,3,RGB,JPEG,164821,1.3333333333333333,True,docci,real::docci,False,3c5a38bec16c746f456f9122a5219abb,2923,train_04446.jpg,False,
OF002926,fake,z-image-turbo,image,2026-01,True,469,2656,1944,3,RGB,JPEG,954500,1.3662551440329218,True,z-image-turbo,fake::z-image-turbo,False,02855e4aafe5ecd6555851aba1b13d4f,2926,0030645.jpg,False,
OF002927,fake,midjourney-7,base,2025-04,True,465,816,1456,3,RGB,PNG,1603527,0.5604395604395604,True,midjourney-7,fake::midjourney-7,False,3fc49af7316ecc84a951825249e5d72a,2927,484955.jpg,False,
OF002930,fake,z-image-turbo,image,2026-01,True,1004,864,1152,3,RGB,PNG,2141907,0.75,True,z-image-turbo,fake::z-image-turbo,False,b7352422c2071a80594d05208dc5bb07,2930,0094542.jpg,False,
OF002933,fake,lumina-17-2-25,base,unknown,True,55,1024,1024,3,RGB,PNG,1731610,1.0,True,lumina-17-2-25,fake::lumina-17-2-25,False,3163fe5b6e8a140e4f417a223e120668,2933,45829.jpg,False,
OF002934,fake,ernie-image,image,2026-04,True,665,848,1264,4,RGBA,PNG,1091450,0.6708860759493671,True,ernie-image,fake::ernie-image,False,7f892c34c1cf1646d55e0dce3b3009a9,2934,0085820.jpg,False,
OF002935,real,imagenet,real,,True,654,184,139,3,RGB,JPEG,7111,1.3237410071942446,True,imagenet,real::imagenet,False,db1c1489234155a9160592df54a5247d,2935,n01795545_4487.JPEG,False,
OF002936,real,docci,real,,True,554,2048,1536,3,RGB,JPEG,1051422,1.3333333333333333,True,docci,real::docci,False,9a7e9cd32e0eea22beb03c612e7eadca,2936,train_02885.jpg,False,
OF002938,fake,illustrious,image,2025-09,True,469,2688,3840,3,RGB,JPEG,1339238,0.7,True,illustrious,fake::illustrious,False,354c044327b9600c5e879a93b559355b,2938,0086995.jpg,False,
OF002939,real,docci,real,,True,666,1536,2048,3,RGB,JPEG,1183671,0.75,True,docci,real::docci,False,c213ed05bdf11712a92969c44ae08ed6,2939,train_03643.jpg,False,
OF002941,real,imagenet,real,,True,500,220,208,3,RGB,JPEG,25490,1.0576923076923077,True,imagenet,real::imagenet,False,93feab37bb94427b7690e35612181e49,2941,n01776313_45892.JPEG,False,
OF002942,real,imagenet,real,,True,589,500,371,3,RGB,JPEG,108370,1.3477088948787062,True,imagenet,real::imagenet,False,650d236ae48a6b746a9547bf1c284720,2942,n01530575_6165.JPEG,False,
OF002944,fake,midjourney-7,base,2025-04,True,599,1344,896,3,RGB,PNG,1319218,1.5,True,midjourney-7,fake::midjourney-7,False,b835bc3b56ea0f513524063132aee4a0,2944,33033.jpg,False,
OF002945,fake,illustrious,video,2026-04,True,3,784,1168,3,RGB,JPEG,266030,0.6712328767123288,True,illustrious,fake::illustrious,False,659eb2a16bf26162dcb26bd5990e5fbf,2945,0276146.jpg,False,
OF002947,real,imagenet,real,,True,526,320,213,3,RGB,JPEG,25947,1.5023474178403755,True,imagenet,real::imagenet,False,e112bce9f872f9bbbab798b24a875c07,2947,n01667778_14601.JPEG,False,
OF002949,real,imagenet,real,,True,590,500,375,3,RGB,JPEG,176018,1.3333333333333333,True,imagenet,real::imagenet,False,076da440ba74699941cb471f92754dd8,2949,n01698640_5439.JPEG,False,
OF002950,real,docci,real,,True,438,2048,1536,3,RGB,JPEG,564224,1.3333333333333333,True,docci,real::docci,False,793169c85ad3bae829dacbb88f60334e,2950,train_06225.jpg,False,
OF002951,real,imagenet,real,,True,528,500,332,3,RGB,JPEG,111476,1.5060240963855422,True,imagenet,real::imagenet,False,4d1197b804a92307182eb25f294c2ef6,2951,n01677366_7889.JPEG,False,
OF002953,real,imagenet,real,,True,626,500,375,3,RGB,JPEG,53823,1.3333333333333333,True,imagenet,real::imagenet,False,77ede14aaa6394f336b832b93bee91ad,2953,n01693334_10676.JPEG,False,
OF002954,fake,ernie-image-turbo,image,2026-04,True,519,1040,1520,4,RGBA,WEBP,518274,0.6842105263157895,True,ernie-image-turbo,fake::ernie-image-turbo,False,0d154e11ff901b5ec077aa46ab38b4ae,2954,0051584.jpg,False,
OF002955,fake,wan-video-2.5,video,2025-09,True,204,720,1280,3,RGB,JPEG,161202,0.5625,True,wan-video-2.5,fake::wan-video-2.5,False,c294683719724f88cf57c44a8a4f2a77,2955,0140048.jpg,False,
OF002956,fake,z-image-turbo,Base,2025-11-25,True,638,1024,1024,3,RGB,JPEG,270198,1.0,True,z-image-turbo,fake::z-image-turbo,False,d2959680ec85a4f059dd9ff0638cd244,2956,1087654.jpg,False,
OF002957,real,imagenet,real,,True,685,500,363,3,RGB,JPEG,106535,1.3774104683195592,True,imagenet,real::imagenet,False,57de525d2330ac676d30c51652922da8,2957,n01774384_1871.JPEG,False,
OF002960,fake,veo-3,video,2025-12,True,161,720,1280,3,RGB,JPEG,298746,0.5625,True,veo-3,fake::veo-3,False,e097b8cd4f3c62245deb9d3adcb0029a,2960,0334306.jpg,False,
OF002961,real,docci,real,,True,589,480,360,3,RGB,JPEG,22206,1.3333333333333333,True,docci,real::docci,False,383fddbd8738253813a4f02ccf204755,2961,train_01039.jpg,False,
OF002964,fake,gpt-image-1.5,image,2026-02,True,1052,1024,1536,3,RGB,PNG,3304426,0.6666666666666666,True,gpt-image-1.5,fake::gpt-image-1.5,False,476e1765cfd656b3c9bb600087f9d3ad,2964,0034010.jpg,False,
OF002967,real,imagenet,real,,True,459,650,243,3,RGB,JPEG,43981,2.674897119341564,True,imagenet,real::imagenet,False,24294ba2da52c974448d119c4f057cf2,2967,n01755581_194.JPEG,False,
OF002968,real,docci,real,,True,774,4032,3024,3,RGB,JPEG,1030155,1.3333333333333333,True,docci,real::docci,False,f2559a433cf222a9e41294eb6a326116,2968,test_02826.jpg,False,
OF002969,real,imagenet,real,,True,533,500,360,3,RGB,JPEG,84289,1.3888888888888888,True,imagenet,real::imagenet,False,9ff4dd1358f5bdfb89524dbf9df02898,2969,n01614925_7152.JPEG,False,
OF002972,real,imagenet,real,,True,495,750,402,3,RGB,JPEG,50500,1.8656716417910448,True,imagenet,real::imagenet,False,372b51c37f6145a1da5a3b7a724f2206,2972,n01729322_2454.JPEG,False,
OF002979,fake,z-image-turbo,Base,2025-11-25,True,545,1024,1024,3,RGB,JPEG,124345,1.0,True,z-image-turbo,fake::z-image-turbo,False,2fc860a32a8f2d58013dbf08faa93d92,2979,1048817.jpg,False,
OF002980,fake,sora-2,video,2025-11,True,647,1280,704,3,RGB,JPEG,113172,1.818181818181818,True,sora-2,fake::sora-2,False,e19ba7eef21c78077e4f3637bf28c1d4,2980,0204491.jpg,False,
OF002981,real,docci,real,,True,618,2048,1536,3,RGB,JPEG,376095,1.3333333333333333,True,docci,real::docci,False,e01ee195c2ae64586dae0fd01fdadea5,2981,train_08323.jpg,False,
OF002983,fake,gpt-image-1.5,image,2026-01,True,612,1536,1024,3,RGB,PNG,2028872,1.5,True,gpt-image-1.5,fake::gpt-image-1.5,False,b475e4d1dae0c213443cea6a5e220890,2983,0063772.jpg,False,
OF002986,real,imagenet,real,,True,661,500,356,3,RGB,JPEG,30607,1.404494382022472,True,imagenet,real::imagenet,False,657308af1d60815c0e17d0f7b08b8f75,2986,n01689811_172.JPEG,False,
OF002989,real,imagenet,real,,True,615,500,375,3,RGB,JPEG,159567,1.3333333333333333,True,imagenet,real::imagenet,False,b338a3041e514cf35b95ab8789f4f30e,2989,n01829413_4157.JPEG,False,
OF002991,real,imagenet,real,,True,567,500,426,3,RGB,JPEG,284462,1.1737089201877935,True,imagenet,real::imagenet,False,e64896a79f8601307525c2379d6e7079,2991,n01744401_6662.JPEG,False,
OF002992,fake,recraft-v3,base,2024-10,True,740,600,800,3,RGB,JPEG,278060,0.75,True,recraft-v3,fake::recraft-v3,False,0df5eda08927c8bd4a64d0d63cf9e192,2992,21170.jpg,False,
OF002993,fake,wan-video-2.5,video,2025-12,True,77,1080,1920,3,RGB,JPEG,416536,0.5625,True,wan-video-2.5,fake::wan-video-2.5,False,295860f5609ae2bd18439bb6b1702d07,2993,0170903.jpg,False,
OF002995,real,docci,real,,True,362,1536,2048,3,RGB,JPEG,863225,0.75,True,docci,real::docci,False,b0d639ef2cb3d63567cbf2d902070816,2995,train_08494.jpg,False,
OF003004,real,imagenet,real,,True,420,600,450,3,RGB,JPEG,56377,1.3333333333333333,True,imagenet,real::imagenet,False,42a1be7cfa936c0e9d1a729f6deb8836,3004,n01534433_2134.JPEG,False,
OF003007,real,imagenet,real,,True,666,400,300,3,RGB,JPEG,55086,1.3333333333333333,True,imagenet,real::imagenet,False,b4b5f9a68c52310c426bb6d3b2869eb2,3007,n01440764_1869.JPEG,False,
OF003008,real,docci,real,,True,369,1536,2048,3,RGB,JPEG,409611,0.75,True,docci,real::docci,False,a52660f1b5ad6f2d7ec66b24a8061820,3008,train_02667.jpg,False,
OF003009,real,imagenet,real,,True,562,800,535,3,RGB,JPEG,120271,1.4953271028037385,True,imagenet,real::imagenet,False,0961900fb12de7a606032f93997f629d,3009,n01795545_13224.JPEG,False,
OF003010,real,imagenet,real,,True,749,500,288,3,RGB,JPEG,96431,1.7361111111111112,True,imagenet,real::imagenet,False,75b8d4a80d31777220f07573a7d1868f,3010,n01667114_15887.JPEG,False,
OF003011,fake,nano-banana-pro,video,2025-12,True,615,768,1024,3,RGB,JPEG,221956,0.75,True,nano-banana-pro,fake::nano-banana-pro,False,c8bcf2356f1ba66d02dddf8e0318e344,3011,0267879.jpg,False,
OF003013,real,imagenet,real,,True,413,333,500,3,RGB,JPEG,32814,0.666,True,imagenet,real::imagenet,False,bbef1be890c610d73bd1a899b484d62a,3013,n01770081_10120.JPEG,False,
OF003017,fake,recraft-v3,base,2024-10,True,432,600,600,3,RGB,JPEG,195268,1.0,True,recraft-v3,fake::recraft-v3,False,957e5c2b907a46a625958bc3d0d05362,3017,07958.jpg,False,
OF003018,fake,z-image-turbo,image,2026-03,True,177,1088,1920,3,RGB,PNG,2232934,0.5666666666666667,True,z-image-turbo,fake::z-image-turbo,False,8205232d642636b08c88b126d5f66593,3018,0030488.jpg,False,
OF003019,fake,flux.2-klein-9b,Base,2026-01-14,True,709,1024,1024,3,RGB,JPEG,405081,1.0,True,flux.2-klein-9b,fake::flux.2-klein-9b,False,6dcb3e68397dde1a946b52204c38a3cc,3019,984438.jpg,False,
OF003023,real,imagenet,real,,True,575,448,336,3,RGB,JPEG,59619,1.3333333333333333,True,imagenet,real::imagenet,False,11c748afb9265053e212a767575cf413,3023,n01630670_44.JPEG,False,
OF003024,real,imagenet,real,,True,350,500,333,3,RGB,JPEG,195992,1.5015015015015014,True,imagenet,real::imagenet,False,af199ce4313875cd144644bd84583740,3024,n01689811_8686.JPEG,False,
OF003026,fake,z-image-turbo,image,2026-03,True,649,1328,1944,3,RGB,JPEG,1278689,0.6831275720164609,True,z-image-turbo,fake::z-image-turbo,False,bbc2ffc69ae885c230cd45739fd6142e,3026,0079385.jpg,False,
OF003027,real,imagenet,real,,True,783,566,800,3,RGB,JPEG,190014,0.7075,True,imagenet,real::imagenet,False,c965c5fc8795e8b6fd1b0cb08db70aa6,3027,n01807496_26891.JPEG,False,
OF003028,fake,recraft-v3,base,2024-10,True,472,600,800,3,RGB,JPEG,109920,0.75,True,recraft-v3,fake::recraft-v3,False,1cc52215db584ba9a556b3fbada72168,3028,00330.jpg,False,
OF003031,fake,gpt-image-1.5,image,2026-02,True,955,1024,1536,3,RGB,PNG,2556807,0.6666666666666666,True,gpt-image-1.5,fake::gpt-image-1.5,False,8d9adc2ec7952ba5f73ec66820f4123d,3031,0001677.jpg,False,
OF003034,real,imagenet,real,,True,614,500,400,3,RGB,JPEG,98674,1.25,True,imagenet,real::imagenet,False,918a3bc598bc9364a8d4416efb08fc88,3034,n01630670_4206.JPEG,False,
OF003037,fake,flux.2-klein-9b,Base,2026-01-14,True,703,1024,1024,3,RGB,JPEG,408905,1.0,True,flux.2-klein-9b,fake::flux.2-klein-9b,False,91e26d9575e192228b7495f7baf29ba7,3037,1084229.jpg,False,
OF003039,fake,wan-video-2.5,video,2026-03,True,508,764,522,3,RGB,JPEG,124914,1.4636015325670495,True,wan-video-2.5,fake::wan-video-2.5,False,3506c23509499e5ceaf188bdeab0dd1e,3039,0160263.jpg,False,
OF003040,real,imagenet,real,,True,636,500,375,3,RGB,JPEG,132780,1.3333333333333333,True,imagenet,real::imagenet,False,d069acd90151ca29c0de874d1306d811,3040,n01677366_18019.JPEG,False,
OF003043,fake,flux.2-klein-9b,Base,2026-01-14,True,611,1024,1024,3,RGB,JPEG,337756,1.0,True,flux.2-klein-9b,fake::flux.2-klein-9b,False,841ed6d53ad69246cc963f9f5de04bdd,3043,983930.jpg,False,
OF003046,real,imagenet,real,,True,502,500,414,3,RGB,JPEG,187836,1.207729468599034,True,imagenet,real::imagenet,False,25a4546bcbcf9ca6a910fe6741d01d8d,3046,n01770393_2385.JPEG,False,
OF003050,fake,veo-3,video,2025-10,True,176,1080,1920,3,RGB,JPEG,829399,0.5625,True,veo-3,fake::veo-3,False,b47f6d9a91e041da2118d792d3425c72,3050,0201967.jpg,False,
OF003052,fake,flux.2-klein-9b,Base,2026-01-14,True,626,1024,1024,3,RGB,JPEG,316661,1.0,True,flux.2-klein-9b,fake::flux.2-klein-9b,False,60808e66ec2f1ee39c4c16d7561c1b98,3052,1134301.jpg,False,
OF003055,fake,ideogram-2.0,base,unknown,True,46,1280,800,3,RGB,PNG,1598878,1.6,True,ideogram-2.0,fake::ideogram-2.0,False,7b0cacc33a9ae845c092ebe2d8325d7c,3055,30282.jpg,False,
OF003057,real,imagenet,real,,True,386,500,363,3,RGB,JPEG,150607,1.3774104683195592,True,imagenet,real::imagenet,False,fb7ee7535fed78b4df5028222092cd1b,3057,n01806567_8064.JPEG,False,
OF003058,fake,z-image-turbo,image,2026-01,True,736,1200,1920,3,RGB,PNG,3516527,0.625,True,z-image-turbo,fake::z-image-turbo,False,b24729addc5686dca02d242b6c0be0f2,3058,0060192.jpg,False,
OF003059,fake,midjourney-7,base,2025-04,True,818,1024,1024,3,RGB,PNG,1420313,1.0,True,midjourney-7,fake::midjourney-7,False,73e289a676fbd0348427341b31670d56,3059,885346.jpg,False,
OF003060,fake,z-image-turbo,Base,2025-11-25,True,693,1024,1024,3,RGB,JPEG,265475,1.0,True,z-image-turbo,fake::z-image-turbo,False,aefb22aeda3b92694f321500eddfb209,3060,1162872.jpg,False,
OF003061,real,docci,real,,True,552,2048,1536,3,RGB,JPEG,426314,1.3333333333333333,True,docci,real::docci,False,81a015d897d212681c3a33923b8c93dc,3061,train_01448.jpg,False,
OF003066,real,docci,real,,True,503,1536,2048,3,RGB,JPEG,415287,0.75,True,docci,real::docci,False,f7fc1b59f23ea859053ee58c77c91252,3066,qual_dev_00041.jpg,False,
OF003072,real,imagenet,real,,True,795,500,333,3,RGB,JPEG,102430,1.5015015015015014,True,imagenet,real::imagenet,False,45ac9d0cd00239890e70af1ad0753fb1,3072,n01622779_810.JPEG,False,
OF003074,fake,gpt-image-1.5,image,2026-04,True,286,1024,1536,4,RGBA,PNG,3336375,0.6666666666666666,True,gpt-image-1.5,fake::gpt-image-1.5,False,3684c3d99ae01e14785f7c9e3728bd85,3074,0050603.jpg,False,
OF003078,fake,aurora-20-1-25,base,unknown,True,12,1024,768,3,RGB,PNG,768261,1.3333333333333333,True,aurora-20-1-25,fake::aurora-20-1-25,False,66ca315a9ec461289659cf64fb99b515,3078,28926.jpg,False,
OF003080,fake,lumina-17-2-25,base,unknown,True,78,1024,1024,3,RGB,PNG,1213513,1.0,True,lumina-17-2-25,fake::lumina-17-2-25,False,027e55878fe4bb50259c333c8a31ab47,3080,55397.jpg,False,
OF003093,real,imagenet,real,,True,499,549,366,3,RGB,JPEG,47789,1.5,True,imagenet,real::imagenet,False,a47689dd144d5b2622ad60140bb6cb47,3093,n01601694_6930.JPEG,False,
OF003095,real,docci,real,,True,854,1536,2048,3,RGB,JPEG,325297,0.75,True,docci,real::docci,False,34b56e23a4db6a7f8bb8bb5a2ce425b3,3095,test_03357.jpg,False,
OF003096,real,imagenet,real,,True,788,700,462,3,RGB,JPEG,87701,1.5151515151515151,True,imagenet,real::imagenet,False,bb005357b58010a775ce86a417309c23,3096,n01665541_14397.JPEG,False,
OF003099,real,imagenet,real,,True,583,600,393,3,RGB,JPEG,17142,1.5267175572519085,True,imagenet,real::imagenet,False,7889475f6cd5d4d7f8994122bd683d36,3099,n01665541_29734.JPEG,False,
OF003102,fake,gpt-image-1.5,image,2026-01,True,679,1024,1536,3,RGB,PNG,2621855,0.6666666666666666,True,gpt-image-1.5,fake::gpt-image-1.5,False,d629df26f25e233cdced6ccbcace0ed6,3102,0047961.jpg,False,
OF003105,fake,wan-video-2.5,video,2026-02,True,548,794,1160,3,RGB,JPEG,148015,0.6844827586206896,True,wan-video-2.5,fake::wan-video-2.5,False,3531242b7bacf15507614c82ee574892,3105,0131282.jpg,False,
OF003106,fake,midjourney-7,base,2025-04,True,801,816,1456,3,RGB,PNG,1498447,0.5604395604395604,True,midjourney-7,fake::midjourney-7,False,efe3c7d44fafcaf30591cb8e40428e0e,3106,238911.jpg,False,
OF003107,real,imagenet,real,,True,573,180,177,3,RGB,JPEG,67627,1.0169491525423728,True,imagenet,real::imagenet,False,2f4639db047a087d22bef38c86bb49a6,3107,n01749939_8638.JPEG,False,
OF003108,real,docci,real,,True,529,2048,1535,3,RGB,JPEG,392491,1.3342019543973942,True,docci,real::docci,False,c243496cfd57acd7ad1a9a513a47174c,3108,train_04351.jpg,False,
OF003110,real,docci,real,,True,377,2048,1536,3,RGB,JPEG,656180,1.3333333333333333,True,docci,real::docci,False,b138327b23ba90fa55c2f55465543029,3110,train_07685.jpg,False,
OF003113,fake,veo-3,video,2025-09,True,519,1920,1080,3,RGB,JPEG,398212,1.7777777777777777,True,veo-3,fake::veo-3,False,b473a3d44633785f6df8dfce9905e40a,3113,0272058.jpg,False,
OF003114,real,docci,real,,True,619,2048,1536,3,RGB,JPEG,300506,1.3333333333333333,True,docci,real::docci,False,bc26fa4e6847f31bb5af36d347bb8f54,3114,train_02609.jpg,False,
OF003120,real,docci,real,,True,607,1536,2048,3,RGB,JPEG,643273,0.75,True,docci,real::docci,False,f205b4cc58918ec10c48b1e99da1f36f,3120,test_01748.jpg,False,
OF003121,fake,wan-video-2.5,video,2025-09,True,210,632,632,3,RGB,JPEG,92887,1.0,True,wan-video-2.5,fake::wan-video-2.5,False,1385ab98204ff7af50ad376e0c513914,3121,0162335.jpg,False,
OF003122,real,docci,real,,True,818,2048,1536,3,RGB,JPEG,222227,1.3333333333333333,True,docci,real::docci,False,82f0645fe41afc76cc1eee9a33af6704,3122,train_01931.jpg,False,
OF003128,fake,wan-video-2.5,video,2025-11,True,159,1740,1190,3,RGB,JPEG,602991,1.4621848739495795,True,wan-video-2.5,fake::wan-video-2.5,False,71fe8097f87de2a01e3c9d7e06fe4a9a,3128,0193861.jpg,False,
OF003130,fake,z-image-turbo,Base,2025-11-25,True,575,1024,1024,3,RGB,JPEG,97604,1.0,True,z-image-turbo,fake::z-image-turbo,False,c296b568c5f8675c86298ee8d6705340,3130,935612.jpg,False,
OF003131,fake,flux.2-klein-9b,Base,2026-01-14,True,666,1024,1024,3,RGB,JPEG,296113,1.0,True,flux.2-klein-9b,fake::flux.2-klein-9b,False,bba95e97dea1475af89f3b1d22f463c0,3131,940392.jpg,False,
OF003132,real,imagenet,real,,True,537,373,500,3,RGB,JPEG,203301,0.746,True,imagenet,real::imagenet,False,cd2e6e1a26286ee0281b395034dcc2b9,3132,n01797886_9152.JPEG,False,
OF003134,real,docci,real,,True,699,1536,2048,3,RGB,JPEG,1023915,0.75,True,docci,real::docci,False,c0d71a1c2c2344386e74b0f7c1064434,3134,train_05458.jpg,False,
OF003136,real,docci,real,,True,594,2048,1536,3,RGB,JPEG,389694,1.3333333333333333,True,docci,real::docci,False,50af0c03346c23c778ab55b14acc0d34,3136,train_05425.jpg,False,
OF003140,real,docci,real,,True,620,2180,1634,3,RGB,JPEG,301481,1.3341493268053854,True,docci,real::docci,False,ef1aba881b456e17cee7911761f89e01,3140,train_05875.jpg,False,
OF003141,fake,ernie-image-turbo,image,2026-04,True,288,1024,1024,3,RGB,JPEG,264743,1.0,True,ernie-image-turbo,fake::ernie-image-turbo,False,5a409bf0a71cdf03b1641ac26e8e06bd,3141,0042290.jpg,False,
OF003142,fake,lumina-17-2-25,base,unknown,True,30,1024,1024,3,RGB,PNG,645074,1.0,True,lumina-17-2-25,fake::lumina-17-2-25,False,a2058c63b2b6447bffbebadf21c8d689,3142,51715.jpg,False,
OF003145,fake,flux.2-klein-9b,Base,2026-01-14,True,614,1024,1024,3,RGB,JPEG,590727,1.0,True,flux.2-klein-9b,fake::flux.2-klein-9b,False,51980a7d812c776b4cdaff367a9791db,3145,1051685.jpg,False,
OF003147,fake,gpt-image-1.5,image,2026-01,True,505,1024,1536,3,RGB,PNG,2042457,0.6666666666666666,True,gpt-image-1.5,fake::gpt-image-1.5,False,d5497f0c05874243e36d759ef16220fd,3147,0004796.jpg,False,
OF003150,fake,recraft-v2,base,unknown,True,41,1024,1024,3,RGB,PNG,1983206,1.0,True,recraft-v2,fake::recraft-v2,False,c662456a2c070c9a748a0ce3a88ded09,3150,56746.jpg,False,
OF003154,real,imagenet,real,,True,695,500,375,3,RGB,JPEG,127242,1.3333333333333333,True,imagenet,real::imagenet,False,d308b164afd3ca2669660c612ce4c730,3154,n01704323_6922.JPEG,False,
OF003155,fake,lumina-17-2-25,base,unknown,True,31,1024,1024,3,RGB,PNG,1565853,1.0,True,lumina-17-2-25,fake::lumina-17-2-25,False,f0743c9540662d403189ee876c5de684,3155,17616.jpg,False,
OF003156,fake,lumina-17-2-25,base,unknown,True,232,1024,1024,3,RGB,PNG,1626506,1.0,True,lumina-17-2-25,fake::lumina-17-2-25,False,1f60f51d3432a0c1a51d843e2fe3928a,3156,58907.jpg,False,
OF003158,real,docci,real,,True,764,1535,2048,3,RGB,JPEG,547959,0.74951171875,True,docci,real::docci,False,3350a212a86a7053d517584899ba29f1,3158,train_01488.jpg,False,
OF003160,real,imagenet,real,,True,595,500,375,3,RGB,JPEG,145394,1.3333333333333333,True,imagenet,real::imagenet,False,0169ef51d2612318c76eec3bd120b7b5,3160,n01756291_17645.JPEG,False,
OF003163,fake,gpt-image-2,image,2026-04,True,137,1024,1536,3,RGB,JPEG,786067,0.6666666666666666,True,gpt-image-2,fake::gpt-image-2,False,b768ce92b76fe6efdb02a5ce4a6d718e,3163,0047594.jpg,False,
OF003164,fake,illustrious,image,2026-02,True,663,832,1216,3,RGB,JPEG,261268,0.6842105263157895,True,illustrious,fake::illustrious,False,1f2a91c04b1b8548d66371d434d0eb8e,3164,0040440.jpg,False,
OF003166,real,imagenet,real,,True,514,500,375,3,RGB,JPEG,118273,1.3333333333333333,True,imagenet,real::imagenet,False,2a0c933d139a870dcf8a8fcc3a78a5a9,3166,n01518878_37305.JPEG,False,
OF003167,fake,ernie-image,image,2026-04,True,1517,1152,2016,4,RGBA,WEBP,644402,0.5714285714285714,True,ernie-image,fake::ernie-image,False,8edfbcfa368d0267760a7791a8452c50,3167,0091416.jpg,False,
OF003171,fake,veo-3,video,2025-09,True,112,1920,1080,3,RGB,JPEG,689358,1.7777777777777777,True,veo-3,fake::veo-3,False,1bb9368863811df50cab971639a28c3f,3171,0265021.jpg,False,
OF003172,fake,gpt-image-2,image,2026-04,True,236,1024,1024,3,RGB,JPEG,112833,1.0,True,gpt-image-2,fake::gpt-image-2,False,4f37ff9095ddb03f1ea873ef7c291c85,3172,0090094.jpg,False,
OF003177,real,docci,real,,True,586,2048,1536,3,RGB,JPEG,79681,1.3333333333333333,True,docci,real::docci,False,4238fa1f081d99455ff2ecb283c4f79f,3177,train_01673.jpg,False,
OF003180,real,docci,real,,True,835,1536,2048,3,RGB,JPEG,429224,0.75,True,docci,real::docci,False,23f8625a6fb37373c776899070b0c2ec,3180,train_00387.jpg,False,
OF003184,real,imagenet,real,,True,444,500,375,3,RGB,JPEG,78498,1.3333333333333333,True,imagenet,real::imagenet,False,2d65b291f804e5abeebc50cd6266ee32,3184,n01532829_5600.JPEG,False,
OF003185,real,imagenet,real,,True,609,750,502,3,RGB,JPEG,66675,1.49402390438247,True,imagenet,real::imagenet,False,d0ad6c7b9fc5677d7a09fec98489626a,3185,n01739381_3245.JPEG,False,
OF003186,real,imagenet,real,,True,550,376,500,3,RGB,JPEG,116963,0.752,True,imagenet,real::imagenet,False,7a00e6c0ac22cf85b762b8839ca194d7,3186,n01817953_9085.JPEG,False,
OF003187,fake,ernie-image,image,2026-04,True,618,2286,4096,3,RGB,PNG,17925667,0.55810546875,True,ernie-image,fake::ernie-image,False,aa2414f5185aad12a2cca5e9ab4a598f,3187,0091119.jpg,False,
OF003191,fake,flux.2-klein-9b,Base,2026-01-14,True,660,1024,1024,3,RGB,JPEG,411363,1.0,True,flux.2-klein-9b,fake::flux.2-klein-9b,False,a94df4c369a3608a9ba903e9158d81b5,3191,1089562.jpg,False,
OF003193,fake,seedream-v5.0,image,2026-03,True,1750,2048,2048,3,RGB,JPEG,441498,1.0,True,seedream-v5.0,fake::seedream-v5.0,False,b662d996273799a7b327055268046e03,3193,0015595.jpg,False,
OF003194,real,docci,real,,True,684,2048,1536,3,RGB,JPEG,259347,1.3333333333333333,True,docci,real::docci,False,e599d8e02001f24bc56ab4f3cee66b5a,3194,train_03458.jpg,False,
OF003198,fake,lumina-17-2-25,base,unknown,True,68,1024,1024,3,RGB,PNG,1147394,1.0,True,lumina-17-2-25,fake::lumina-17-2-25,False,a679c2fc3a837b21ec0da9a403e4d169,3198,04364.jpg,False,
OF003199,real,imagenet,real,,True,517,476,707,3,RGB,JPEG,78942,0.6732673267326733,True,imagenet,real::imagenet,False,13d092ab544b003d1392eba2812ff0dd,3199,n01614925_11429.JPEG,False,
OF003200,fake,nano-banana-pro,video,2026-02,True,605,2488,3328,3,RGB,JPEG,1504918,0.7475961538461539,True,nano-banana-pro,fake::nano-banana-pro,False,bc42db63f354318752546dc51721c44b,3200,0154088.jpg,False,
OF003205,fake,illustrious,image,2025-09,True,632,832,1216,3,RGB,JPEG,197871,0.6842105263157895,True,illustrious,fake::illustrious,False,cc991b477ebeb318b6708c921f744c16,3205,0081037.jpg,False,
OF003207,fake,nano-banana-pro,video,2026-02,True,550,1076,1928,3,RGB,JPEG,280238,0.558091286307054,True,nano-banana-pro,fake::nano-banana-pro,False,c73bbdb061d53249a5ba7a1a157abf70,3207,0244991.jpg,False,
OF003208,real,imagenet,real,,True,569,500,371,3,RGB,JPEG,72632,1.3477088948787062,True,imagenet,real::imagenet,False,bb444d9f8655cc8432064557c615ac10,3208,n01728920_8769.JPEG,False,
OF003211,real,docci,real,,True,586,2048,1536,3,RGB,JPEG,304778,1.3333333333333333,True,docci,real::docci,False,d201f87a08f00a00a8466839d2fbdb7f,3211,train_04821.jpg,False,
OF003212,real,imagenet,real,,True,613,4288,2848,3,RGB,JPEG,243059,1.5056179775280898,True,imagenet,real::imagenet,False,91c53211a64ff517262b561fc2c55820,3212,n01682714_5244.JPEG,False,
OF003213,real,docci,real,,True,502,2048,1536,3,RGB,JPEG,573004,1.3333333333333333,True,docci,real::docci,False,df1906742218ef96aa8b0d9fdce838c5,3213,test_00897.jpg,False,
OF003214,real,docci,real,,True,428,2048,1536,3,RGB,JPEG,776978,1.3333333333333333,True,docci,real::docci,False,920cd6e7b2f5a6a72feb5e789f14712a,3214,train_06792.jpg,False,
OF003215,fake,halfmoon-4-4-25,base,unknown,True,42,1248,832,3,RGB,PNG,1788600,1.5,True,halfmoon-4-4-25,fake::halfmoon-4-4-25,False,2d7deb6f6ded756ab1c5dde4123adb66,3215,12238.jpg,False,
OF003216,real,imagenet,real,,True,615,500,405,3,RGB,JPEG,109261,1.2345679012345678,True,imagenet,real::imagenet,False,629d6b1bcdc1224aeeb7f64d40248303,3216,n01580077_5058.JPEG,False,
OF003218,fake,ernie-image,image,2026-04,True,632,2560,3308,3,RGB,PNG,14076607,0.7738814993954051,True,ernie-image,fake::ernie-image,False,787bf4388ef282cdac7ff5ab13a2a72c,3218,0021400.jpg,False,
OF003221,fake,gpt-image-1.5,image,2026-01,True,954,1024,1536,3,RGB,PNG,2067536,0.6666666666666666,True,gpt-image-1.5,fake::gpt-image-1.5,False,98f2f725aaa0f813d0417b94fc6f3c44,3221,0086944.jpg,False,
OF003223,fake,illustrious,image,2026-01,True,719,1920,2816,3,RGB,JPEG,848019,0.6818181818181818,True,illustrious,fake::illustrious,False,a9e9708fe022512d6de06f096bec3abc,3223,0010032.jpg,False,
OF003224,real,docci,real,,True,593,2048,1536,3,RGB,JPEG,579980,1.3333333333333333,True,docci,real::docci,False,2e03730eb411459af0fdcd18a60cdcd0,3224,train_08002.jpg,False,
OF003225,real,imagenet,real,,True,694,500,404,3,RGB,JPEG,159570,1.2376237623762376,True,imagenet,real::imagenet,False,cbcb79860e94f06d589c25dd0c235f38,3225,n01580077_1276.JPEG,False,
OF003227,real,imagenet,real,,True,473,655,480,3,RGB,JPEG,130312,1.3645833333333333,True,imagenet,real::imagenet,False,b1c3296e16eb9d08a971e1617571bbe8,3227,n01796340_2529.JPEG,False,
OF003235,real,imagenet,real,,True,460,600,371,3,RGB,JPEG,61057,1.6172506738544474,True,imagenet,real::imagenet,False,4762a789eec730bc06b0bba8475ffd01,3235,n01739381_981.JPEG,False,
OF003238,real,imagenet,real,,True,573,500,375,3,RGB,JPEG,66843,1.3333333333333333,True,imagenet,real::imagenet,False,7be127be91b82d1961ae523954cb8060,3238,n01494475_2851.JPEG,False,
OF003239,real,imagenet,real,,True,702,500,333,3,RGB,JPEG,170030,1.5015015015015014,True,imagenet,real::imagenet,False,25a80d01a3ab8901a3feea84383a5088,3239,n01632458_6796.JPEG,False,
OF003242,fake,illustrious,image,2026-04,True,757,832,1216,3,RGB,JPEG,138501,0.6842105263157895,True,illustrious,fake::illustrious,False,a1354fe135df96e53a5e51b473dc2f32,3242,0083427.jpg,False,
OF003243,fake,gpt-image-1.5,image,2026-02,True,1171,1024,1536,3,RGB,PNG,3715190,0.6666666666666666,True,gpt-image-1.5,fake::gpt-image-1.5,False,b85d7a65ceeff4b8f6fb3f86f7bd7f49,3243,0090653.jpg,False,
OF003249,fake,z-image-turbo,Base,2025-11-25,True,656,1024,1024,3,RGB,JPEG,91727,1.0,True,z-image-turbo,fake::z-image-turbo,False,d3e60cd053ed5a9464afd1efe7a28ad8,3249,1054413.jpg,False,
OF003255,fake,frames-23-1-25,base,unknown,True,25,1920,1088,3,RGB,PNG,2527427,1.7647058823529411,True,frames-23-1-25,fake::frames-23-1-25,False,0a873c09a81ac069ddf89d256c205c26,3255,04535.jpg,False,
OF003259,fake,gpt-image-1.5,image,2026-01,True,534,1024,1024,3,RGB,PNG,1981610,1.0,True,gpt-image-1.5,fake::gpt-image-1.5,False,6c4f316f354a1869209fc15e8487cc55,3259,0083588.jpg,False,
OF003261,fake,veo-3,video,2025-10,True,396,1080,1920,3,RGB,JPEG,459287,0.5625,True,veo-3,fake::veo-3,False,6d937afc8fa8e50ebcf13052bce5f96b,3261,0294143.jpg,False,
OF003264,fake,aurora-20-1-25,base,unknown,True,57,1024,768,3,RGB,PNG,358177,1.3333333333333333,True,aurora-20-1-25,fake::aurora-20-1-25,False,faa7c8e05b8f5a259dafa42d7dbdaa21,3264,22941.jpg,False,
OF003266,real,imagenet,real,,True,625,500,333,3,RGB,JPEG,68483,1.5015015015015014,True,imagenet,real::imagenet,False,23de84d5f9c3560507860dd68b641a47,3266,n01632777_17777.JPEG,False,
OF003272,fake,ernie-image-turbo,image,2026-04,True,621,1056,1824,3,RGB,PNG,4455759,0.5789473684210527,True,ernie-image-turbo,fake::ernie-image-turbo,False,a977ad912a459e8c2a346dbb3e2453ce,3272,0004576.jpg,False,
OF003276,real,docci,real,,True,409,1535,2048,3,RGB,JPEG,626697,0.74951171875,True,docci,real::docci,False,cf6e74ce932ca0c662e2077c8657e34c,3276,train_08603.jpg,False,
OF003277,fake,gpt-image-2,image,2026-04,True,131,1024,1536,3,RGB,JPEG,390270,0.6666666666666666,True,gpt-image-2,fake::gpt-image-2,False,3f03191e96886ffb413a0f62d1c1364d,3277,0072421.jpg,False,
OF003278,real,imagenet,real,,True,540,500,332,3,RGB,JPEG,113186,1.5060240963855422,True,imagenet,real::imagenet,False,0ce20e8b24598362d1d352edeb51163f,3278,n01687978_4196.JPEG,False,
OF003280,real,docci,real,,True,536,2048,1536,3,RGB,JPEG,769593,1.3333333333333333,True,docci,real::docci,False,a6e7cdaf5419ba4e79386f0b374a4a0a,3280,train_01457.jpg,False,
OF003283,real,docci,real,,True,587,1535,2048,3,RGB,JPEG,378453,0.74951171875,True,docci,real::docci,False,475fb38e3bb6f64a6dce05fceaa1224a,3283,test_03696.jpg,False,
OF003285,real,docci,real,,True,587,2048,1536,3,RGB,JPEG,303934,1.3333333333333333,True,docci,real::docci,False,5b62b729e9f273bb698a96fb1e8a1dac,3285,train_00237.jpg,False,
OF003290,real,docci,real,,True,417,2048,1536,3,RGB,JPEG,337173,1.3333333333333333,True,docci,real::docci,False,8d9d9bbacfbeaedc3457c0a419c64d70,3290,train_01171.jpg,False,
OF003294,fake,illustrious,video,2026-03,True,380,704,1280,3,RGB,JPEG,133676,0.55,True,illustrious,fake::illustrious,False,7e32e814bf01ea4d6782c1ff02194c1f,3294,0310485.jpg,False,
OF003295,fake,nano-banana-pro,video,2026-02,True,624,1076,1928,3,RGB,JPEG,364779,0.558091286307054,True,nano-banana-pro,fake::nano-banana-pro,False,30dd09abdf9a12f2deed15457029ae3a,3295,0244990.jpg,False,
OF003296,fake,z-image-turbo,video,2026-03,True,197,928,1408,3,RGB,JPEG,412784,0.6590909090909091,True,z-image-turbo,fake::z-image-turbo,False,1f0e1eb99ac33ae053879919fe67ec6e,3296,0206747.jpg,False,
OF003297,real,docci,real,,True,902,2048,1536,3,RGB,JPEG,414924,1.3333333333333333,True,docci,real::docci,False,a499c6cba20c54a1770480c8dbb9b33a,3297,train_05142.jpg,False,
OF003300,real,docci,real,,True,682,2048,1536,3,RGB,JPEG,479880,1.3333333333333333,True,docci,real::docci,False,72b27eb6a77b49aa40b8414b065de4a1,3300,train_04176.jpg,False,
OF003301,fake,gpt-image-1.5,image,2025-12,True,290,1024,1536,3,RGB,PNG,2817701,0.6666666666666666,True,gpt-image-1.5,fake::gpt-image-1.5,False,b93a5bc91a0f1e7322c203571c8a6e94,3301,0034565.jpg,False,
OF003303,real,imagenet,real,,True,782,500,357,3,RGB,JPEG,157034,1.4005602240896358,True,imagenet,real::imagenet,False,2b52e8a04842d7936d39d720cc01f769,3303,n01775062_3810.JPEG,False,
OF003304,fake,seedream-v5.0,image,2026-03,True,1855,2560,1440,3,RGB,JPEG,379968,1.7777777777777777,True,seedream-v5.0,fake::seedream-v5.0,False,b8c25200ab4b0efa7012c3ef32f0495e,3304,0069665.jpg,False,
OF003306,real,docci,real,,True,773,2048,1536,3,RGB,JPEG,239845,1.3333333333333333,True,docci,real::docci,False,037f3b1874d3f2f69275cae3f36c4d86,3306,test_03118.jpg,False,
OF003309,real,docci,real,,True,650,2048,1536,3,RGB,JPEG,306605,1.3333333333333333,True,docci,real::docci,False,f57a769a34a9d32a76b895b2986e1942,3309,qual_test_00022.jpg,False,
OF003310,real,imagenet,real,,True,629,1544,1024,3,RGB,JPEG,205172,1.5078125,True,imagenet,real::imagenet,False,b92bd4197f3d0e3cdd5a43d5c8364b1f,3310,n01739381_6782.JPEG,False,
OF003311,real,docci,real,,True,381,1536,2048,3,RGB,JPEG,343417,0.75,True,docci,real::docci,False,21d9a4517fe1b6fec38e8c8ba49c7d08,3311,train_05230.jpg,False,
OF003314,fake,gpt-image-1.5,image,2026-01,True,219,1024,1536,3,RGB,JPEG,315566,0.6666666666666666,True,gpt-image-1.5,fake::gpt-image-1.5,False,079007a22094b4d85579c270965e685a,3314,0100788.jpg,False,
OF003317,fake,gpt-image-2,image,2026-04,True,245,1024,1024,3,RGB,JPEG,431833,1.0,True,gpt-image-2,fake::gpt-image-2,False,fd7663d0a4960478502d2ecb7a83f66b,3317,0065101.jpg,False,
OF003323,fake,wan-video-2.5,video,2026-04,True,120,632,632,3,RGB,JPEG,114806,1.0,True,wan-video-2.5,fake::wan-video-2.5,False,065d44b3bf5d5e276ae1e2dda4f47349,3323,0176432.jpg,False,
OF003326,real,docci,real,,True,574,2048,1536,3,RGB,JPEG,668793,1.3333333333333333,True,docci,real::docci,False,768fa0662cda5b6dabfaaaecc787e587,3326,test_00573.jpg,False,
OF003328,fake,recraft-v3,base,2024-10,True,554,600,300,3,RGB,JPEG,86126,2.0,True,recraft-v3,fake::recraft-v3,False,db34144c0fd5ab578fa4ab4e872b0838,3328,37989.jpg,False,
OF003329,real,imagenet,real,,True,513,500,333,3,RGB,JPEG,111170,1.5015015015015014,True,imagenet,real::imagenet,False,8ab4905dd976237fbba23cdff4452160,3329,n01537544_3971.JPEG,False,
OF003330,fake,illustrious,video,2026-03,True,398,704,1024,3,RGB,JPEG,178637,0.6875,True,illustrious,fake::illustrious,False,2d2651454f7726e507adee12de152294,3330,0146641.jpg,False,
OF003334,fake,z-image-turbo,Base,2025-11-25,True,334,1024,1024,3,RGB,JPEG,207178,1.0,True,z-image-turbo,fake::z-image-turbo,False,b6e133b1351fc294e1cc520bc255d31c,3334,1067562.jpg,False,
OF003337,fake,frames-23-1-25,base,unknown,True,65,1920,1088,3,RGB,PNG,1545285,1.7647058823529411,True,frames-23-1-25,fake::frames-23-1-25,False,3e4d56c4e56c2ff20cf38b2b9a4fee36,3337,22967.jpg,False,
OF003338,fake,ernie-image-turbo,image,2026-04,True,917,832,1216,3,RGB,PNG,1642379,0.6842105263157895,True,ernie-image-turbo,fake::ernie-image-turbo,False,b336a828668d3b1a336bd11696837d8c,3338,0079476.jpg,False,
OF003339,real,imagenet,real,,True,486,500,355,3,RGB,JPEG,166450,1.408450704225352,True,imagenet,real::imagenet,False,07fc7096acbb760b750f1bfbf2b07395,3339,n01824575_3046.JPEG,False,
OF003340,fake,illustrious,image,2025-11,True,618,1664,2432,3,RGB,PNG,4740141,0.6842105263157895,True,illustrious,fake::illustrious,False,b430e1438ec21779d66e4d9c942bf9b7,3340,0095318.jpg,False,
OF003341,real,docci,real,,True,544,2048,1536,3,RGB,JPEG,512801,1.3333333333333333,True,docci,real::docci,False,2a5b4677d4a8e386c2c984425ef9e023,3341,train_02437.jpg,False,
OF003344,real,docci,real,,True,752,1535,2048,3,RGB,JPEG,278844,0.74951171875,True,docci,real::docci,False,65556ed183c0496057c3da181f7083e5,3344,test_01103.jpg,False,
OF003347,real,docci,real,,True,461,2048,1536,3,RGB,JPEG,641572,1.3333333333333333,True,docci,real::docci,False,5e59d347153142a3e846e9a6dffa0b0a,3347,train_09043.jpg,False,
OF003349,real,docci,real,,True,667,1536,2048,3,RGB,JPEG,276285,0.75,True,docci,real::docci,False,66b8fdaf15a5b62ac30f67a2bc08c115,3349,train_09025.jpg,False,
OF003353,fake,gpt-image-1.5,image,2026-01,True,143,1024,1024,3,RGB,JPEG,275983,1.0,True,gpt-image-1.5,fake::gpt-image-1.5,False,96b71af41b39cb1182321cd363770b18,3353,0076159.jpg,False,
OF003356,real,imagenet,real,,True,450,400,267,3,RGB,JPEG,43087,1.49812734082397,True,imagenet,real::imagenet,False,cd9b14492514058f49c621f1161ed8f7,3356,n01740131_12482.JPEG,False,
OF003364,fake,veo-3,video,2026-02,True,292,1080,1920,3,RGB,JPEG,509707,0.5625,True,veo-3,fake::veo-3,False,3b1f556672bac4e1dcfe4f72e9c7724f,3364,0289024.jpg,False,
OF003365,real,imagenet,real,,True,605,500,375,3,RGB,JPEG,183189,1.3333333333333333,True,imagenet,real::imagenet,False,3a209c89a2121e90ce963595cb7c277a,3365,n01775062_29.JPEG,False,
OF003367,fake,wan-video-2.5,video,2025-10,True,674,810,1138,3,RGB,JPEG,271823,0.7117750439367311,True,wan-video-2.5,fake::wan-video-2.5,False,982fe4f441871cb6a3e3bbee6ca20a1e,3367,0180904.jpg,False,
OF003368,real,imagenet,real,,True,624,275,208,3,RGB,JPEG,12568,1.3221153846153846,True,imagenet,real::imagenet,False,22685626ef8a1c71f0f5dfb4ff7a13d6,3368,n01798484_11590.JPEG,False,
OF003369,real,docci,real,,True,672,2090,1566,3,RGB,JPEG,344348,1.334610472541507,True,docci,real::docci,False,ca4c23a6dc72052d92c5d5eca2114b8e,3369,train_06604.jpg,False,
OF003372,real,docci,real,,True,326,3024,4032,3,RGB,JPEG,1294321,0.75,True,docci,real::docci,False,5e4209c62622ad3e6b8de0d7e9f891cb,3372,train_01776.jpg,False,
OF003373,real,docci,real,,True,487,2048,1536,3,RGB,JPEG,128973,1.3333333333333333,True,docci,real::docci,False,68673234a898418e7a65e56471189cf1,3373,test_04543.jpg,False,
OF003374,real,imagenet,real,,True,609,482,563,3,RGB,JPEG,66798,0.8561278863232682,True,imagenet,real::imagenet,False,69c2307c7b34fad9418c1c9e1aa66d54,3374,n01744401_3662.JPEG,False,
OF003376,real,imagenet,real,,True,629,1000,610,3,RGB,JPEG,40964,1.639344262295082,True,imagenet,real::imagenet,False,49d05c32fe937cc71193193332babf53,3376,n01770081_4691.JPEG,False,
OF003378,real,docci,real,,True,673,2048,1536,3,RGB,JPEG,540391,1.3333333333333333,True,docci,real::docci,False,189d9fab1bdda7c4c80a04ebad291d5e,3378,train_03301.jpg,False,
OF003380,fake,flux.2-klein-9b,Base,2026-01-14,True,776,1024,1024,3,RGB,JPEG,518137,1.0,True,flux.2-klein-9b,fake::flux.2-klein-9b,False,f3f7bcbf2910d0b5a020d11ca418e8f7,3380,973301.jpg,False,
OF003386,real,imagenet,real,,True,648,500,401,3,RGB,JPEG,141915,1.2468827930174564,True,imagenet,real::imagenet,False,901a3c391c5cf78c22ba36f468a2a3a1,3386,n01697457_11423.JPEG,False,
OF003389,real,imagenet,real,,True,570,375,500,3,RGB,JPEG,91912,0.75,True,imagenet,real::imagenet,False,b8580e676247ff3501875c6fa5afb48f,3389,n01592084_541.JPEG,False,
OF003391,real,imagenet,real,,True,768,1488,1572,3,RGB,JPEG,2988376,0.9465648854961832,True,imagenet,real::imagenet,False,fab596c5bec70b482ef55db33eece29d,3391,n01768244_3993.JPEG,False,
OF003393,real,imagenet,real,,True,747,500,333,3,RGB,JPEG,176477,1.5015015015015014,True,imagenet,real::imagenet,False,464c80a8bd00141515ec89ae22168a11,3393,n01641577_13941.JPEG,False,
OF003394,fake,gpt-image-1.5,image,2026-02,True,502,1536,1024,3,RGB,JPEG,456315,1.5,True,gpt-image-1.5,fake::gpt-image-1.5,False,5174978c9811ef7a91e4cf1294c610e8,3394,0060533.jpg,False,
OF003398,real,imagenet,real,,True,576,333,500,3,RGB,JPEG,52690,0.666,True,imagenet,real::imagenet,False,3dd1ff34419ca4f536cc7429bf414a70,3398,n01773549_3424.JPEG,False,
OF003399,fake,wan-video-2.5,video,2025-11,True,89,1190,1740,3,RGB,JPEG,278401,0.6839080459770115,True,wan-video-2.5,fake::wan-video-2.5,False,51b143d5c3463314d0655e5255eb30c4,3399,0237944.jpg,False,
OF003400,real,docci,real,,True,557,2048,1536,3,RGB,JPEG,725055,1.3333333333333333,True,docci,real::docci,False,a30434a6bb5733978ac7367ed2fd1054,3400,train_00575.jpg,False,
OF003405,real,imagenet,real,,True,608,500,334,3,RGB,JPEG,159945,1.497005988023952,True,imagenet,real::imagenet,False,d10985e5ca36606426940cc872ae627a,3405,n01669191_14874.JPEG,False,
OF003407,fake,gpt-image-1.5,image,2026-02,True,423,1536,1024,3,RGB,JPEG,368523,1.5,True,gpt-image-1.5,fake::gpt-image-1.5,False,695ce738749abbdb28d11f317a952273,3407,0099056.jpg,False,
OF003408,fake,flux.2-klein-9b,Base,2026-01-14,True,563,1024,1024,3,RGB,JPEG,310157,1.0,True,flux.2-klein-9b,fake::flux.2-klein-9b,False,3ff078a17bb96a538f393fb629a15696,3408,1069464.jpg,False,
OF003412,real,docci,real,,True,542,2048,1536,3,RGB,JPEG,301862,1.3333333333333333,True,docci,real::docci,False,9674520f2f7ab4f5b00441112fe5a278,3412,train_02229.jpg,False,
OF003413,fake,gpt-image-1.5,video,2026-01,True,528,1024,1024,3,RGB,JPEG,259219,1.0,True,gpt-image-1.5,fake::gpt-image-1.5,False,6cbfd0fec3e629dede58812e0e4652c2,3413,0265241.jpg,False,
OF003415,real,imagenet,real,,True,735,145,96,3,RGB,JPEG,4342,1.5104166666666667,True,imagenet,real::imagenet,False,a7170cbd63c1d7794ed549d8e276bf6b,3415,n01688243_3749.JPEG,False,
OF003419,real,docci,real,,True,763,2048,1536,3,RGB,JPEG,387808,1.3333333333333333,True,docci,real::docci,False,ba2e05f175f866753e1645b31371f39e,3419,test_03012.jpg,False,
OF003425,fake,z-image-turbo,Base,2025-11-25,True,566,1024,1024,3,RGB,JPEG,216545,1.0,True,z-image-turbo,fake::z-image-turbo,False,7294fd4115b4b354f3365b8d7584ef6c,3425,1165540.jpg,False,
OF003427,real,imagenet,real,,True,326,600,800,3,RGB,JPEG,122761,0.75,True,imagenet,real::imagenet,False,02b6c44dacb62ebadbb67661ed6e7a9f,3427,n01734418_3745.JPEG,False,
OF003430,fake,gpt-image-1.5,image,2026-02,True,711,1024,1536,3,RGB,PNG,2686102,0.6666666666666666,True,gpt-image-1.5,fake::gpt-image-1.5,False,a521f8c8f53d17db843da4d4fb95bee0,3430,0069211.jpg,False,
OF003431,real,imagenet,real,,True,459,160,172,3,RGB,JPEG,4486,0.9302325581395348,True,imagenet,real::imagenet,False,34928f6a5b069ad3b635a7bd8b2b0108,3431,n01491361_1970.JPEG,False,
OF003432,real,imagenet,real,,True,511,800,600,3,RGB,JPEG,64413,1.3333333333333333,True,imagenet,real::imagenet,False,8018754d10d54d7359461ffbfc5838de,3432,n01667114_12372.JPEG,False,
OF003433,fake,flux.2-klein-9b,Base,2026-01-14,True,728,1024,1024,3,RGB,JPEG,229263,1.0,True,flux.2-klein-9b,fake::flux.2-klein-9b,False,a8a3951687afeb8a9e143e014d479ee7,3433,1079481.jpg,False,
OF003435,real,docci,real,,True,717,2048,1536,3,RGB,JPEG,284105,1.3333333333333333,True,docci,real::docci,False,2217438fda47f830d9fdfd106231904a,3435,train_07823.jpg,False,
OF003436,real,imagenet,real,,True,564,334,500,3,RGB,JPEG,116441,0.668,True,imagenet,real::imagenet,False,b51072fb48ba3f321c3efe12d9a0c625,3436,n01829413_19001.JPEG,False,
OF003439,fake,z-image-turbo,Base,2025-11-25,True,538,1024,1024,3,RGB,JPEG,218893,1.0,True,z-image-turbo,fake::z-image-turbo,False,e49e4a17a053acaf0d6dde6d64b254e8,3439,1170144.jpg,False,
OF003444,real,docci,real,,True,654,1536,2048,3,RGB,JPEG,1040260,0.75,True,docci,real::docci,False,2100885e17f9b4796ada308a9fca3f13,3444,train_05745.jpg,False,
OF003445,fake,midjourney-7,base,2025-04,True,414,1456,816,3,RGB,PNG,1121717,1.7843137254901962,True,midjourney-7,fake::midjourney-7,False,8aa3d882bea8de7afd795959741d3a7f,3445,549523.jpg,False,
OF003446,real,docci,real,,True,636,2048,1536,3,RGB,JPEG,453945,1.3333333333333333,True,docci,real::docci,False,56f2f175f874da788d3a73daacc022ba,3446,train_05547.jpg,False,
OF003447,real,imagenet,real,,True,580,500,375,3,RGB,JPEG,200749,1.3333333333333333,True,imagenet,real::imagenet,False,0475500a56f13030ba76f700af020992,3447,n01669191_2889.JPEG,False,
OF003448,fake,flux.2-klein-9b,Base,2026-01-14,True,457,1024,1024,3,RGB,JPEG,213378,1.0,True,flux.2-klein-9b,fake::flux.2-klein-9b,False,6a7734329cfc934ead7f26fb0c5b3df5,3448,1125244.jpg,False,
OF003450,real,docci,real,,True,807,2048,1535,3,RGB,JPEG,416423,1.3342019543973942,True,docci,real::docci,False,50f14d09ef0a26f4d82de0bfc1f0db8a,3450,train_08770.jpg,False,
OF003453,fake,gpt-image-1.5,image,2026-01,True,993,1536,1024,3,RGB,PNG,2390276,1.5,True,gpt-image-1.5,fake::gpt-image-1.5,False,8125f0cea67558ad73a62bd11c083642,3453,0090522.jpg,False,
OF003456,real,docci,real,,True,295,360,480,3,RGB,JPEG,31483,0.75,True,docci,real::docci,False,87011694751e92496507dfcbf31e0940,3456,test_03769.jpg,False,
OF003461,real,docci,real,,True,725,1536,2048,3,RGB,JPEG,505332,0.75,True,docci,real::docci,False,77f550e0ae08f94dd802538acacf1396,3461,test_02121.jpg,False,
OF003463,fake,illustrious,image,2025-09,True,641,2688,3840,3,RGB,JPEG,1529593,0.7,True,illustrious,fake::illustrious,False,e26cc6d7d3ae3421a4187d6dedef6f2a,3463,0064825.jpg,False,
OF003467,real,imagenet,real,,True,699,334,500,3,RGB,JPEG,53163,0.668,True,imagenet,real::imagenet,False,3a75bf24b5ee923f8c9256dc28d65361,3467,n01751748_1471.JPEG,False,
OF003468,fake,recraft-v3,base,2024-10,True,558,600,600,3,RGB,JPEG,145834,1.0,True,recraft-v3,fake::recraft-v3,False,0e3666facdcb836a519eb917425bdc3c,3468,01959.jpg,False,
OF003474,real,docci,real,,True,570,1536,2048,3,RGB,JPEG,411031,0.75,True,docci,real::docci,False,a2b27e208c6b3375ab8aff8b9abd5c98,3474,train_06202.jpg,False,
OF003475,fake,midjourney-7,base,2025-04,True,713,960,1200,3,RGB,PNG,1538056,0.8,True,midjourney-7,fake::midjourney-7,False,cdbbbb17c4627821fda25374152b3db4,3475,32547.jpg,False,
OF003479,real,docci,real,,True,413,2048,1535,3,RGB,JPEG,411774,1.3342019543973942,True,docci,real::docci,False,708e61ce183f7378eb6b886625753ff5,3479,train_09551.jpg,False,
OF003482,real,docci,real,,True,641,2048,1536,3,RGB,JPEG,377830,1.3333333333333333,True,docci,real::docci,False,c49885eefd59c672efd541402d05eb2c,3482,train_09307.jpg,False,
OF003484,real,imagenet,real,,True,624,500,333,3,RGB,JPEG,149128,1.5015015015015014,True,imagenet,real::imagenet,False,e8dbba57834c2e4e0435a28c236ac106,3484,n01530575_33354.JPEG,False,
OF003488,real,imagenet,real,,True,496,500,400,3,RGB,JPEG,115084,1.25,True,imagenet,real::imagenet,False,11d3d8ed26e95a5962693dba9d1570e4,3488,n01494475_16870.JPEG,False,
OF003489,real,docci,real,,True,394,2180,1634,3,RGB,JPEG,251172,1.3341493268053854,True,docci,real::docci,False,f2518f1783f4d50b87daecac4382bf36,3489,train_00626.jpg,False,
OF003492,fake,illustrious,image,2025-09,True,687,1664,2432,3,RGB,PNG,4951204,0.6842105263157895,True,illustrious,fake::illustrious,False,88d139da08d7fb877e8ab5ab126c2978,3492,0027042.jpg,False,
OF003494,fake,frames-23-1-25,base,unknown,True,17,1920,1088,3,RGB,PNG,1954169,1.7647058823529411,True,frames-23-1-25,fake::frames-23-1-25,False,35eee315a6b54348a974c248966732db,3494,49829.jpg,False,
OF003495,real,imagenet,real,,True,540,500,333,3,RGB,JPEG,186174,1.5015015015015014,True,imagenet,real::imagenet,False,f229c8c47f74de41fbc53d6f1279aa1b,3495,n01735189_13731.JPEG,False,
OF003499,real,imagenet,real,,True,480,150,100,3,RGB,JPEG,24967,1.5,True,imagenet,real::imagenet,False,6a0b4b0e750b3611d18c0433621d5861,3499,n01632458_1271.JPEG,False,
OF003501,real,docci,real,,True,562,2048,1536,3,RGB,JPEG,1218331,1.3333333333333333,True,docci,real::docci,False,af7a2adc5a43b6af791b1c9cffb7d11d,3501,test_02641.jpg,False,
OF003507,real,docci,real,,True,575,2048,1536,3,RGB,JPEG,616357,1.3333333333333333,True,docci,real::docci,False,df6f0d1471db65170ce27a831a75aedf,3507,train_03885.jpg,False,
OF003508,real,docci,real,,True,729,1536,2048,3,RGB,JPEG,285717,0.75,True,docci,real::docci,False,d510a61391115f9f035e9a73cb2844c9,3508,train_04984.jpg,False,
OF003509,fake,veo-3,video,2025-09,True,68,1920,1080,3,RGB,JPEG,579215,1.7777777777777777,True,veo-3,fake::veo-3,False,7e4346b3c7413091db4314209b913a92,3509,0210236.jpg,False,
OF003510,fake,gpt-image-1.5,image,2026-01,True,594,1024,1536,3,RGB,PNG,2477709,0.6666666666666666,True,gpt-image-1.5,fake::gpt-image-1.5,False,cf2dc9ac14c03263a28e9bec2c755767,3510,0021154.jpg,False,
OF003514,fake,flux.2-klein-9b,Base,2026-01-14,True,801,1024,1024,3,RGB,JPEG,486043,1.0,True,flux.2-klein-9b,fake::flux.2-klein-9b,False,bc5bf22e988630bfb1d8ea915e3bef23,3514,1072290.jpg,False,
OF003515,real,docci,real,,True,562,2048,1536,3,RGB,JPEG,385588,1.3333333333333333,True,docci,real::docci,False,3146d6c2b7ee083c398e576468f8fbfe,3515,test_00481.jpg,False,
OF003518,fake,z-image-turbo,Base,2025-11-25,True,547,1024,1024,3,RGB,JPEG,271997,1.0,True,z-image-turbo,fake::z-image-turbo,False,44b8e9af48934f4aa5d9c03ad3209142,3518,1137328.jpg,False,
OF003523,real,docci,real,,True,451,1536,2048,3,RGB,JPEG,752136,0.75,True,docci,real::docci,False,b30a7e29fc05af70ae38086b2a820b91,3523,train_06430.jpg,False,
OF003525,real,docci,real,,True,534,2048,1535,3,RGB,JPEG,367948,1.3342019543973942,True,docci,real::docci,False,0bedce57eb1b335231104ce2c91bc906,3525,train_06081.jpg,False,
OF003526,fake,sora-2,image,2025-09,True,813,1024,1536,3,RGB,WEBP,74648,0.6666666666666666,True,sora-2,fake::sora-2,False,43618b5c4268fae9dbf35012f2dad740,3526,0056449.jpg,False,
OF003529,real,docci,real,,True,634,2048,1536,3,RGB,JPEG,488385,1.3333333333333333,True,docci,real::docci,False,27c8f226636d620ee737b5c5bb5118dd,3529,train_01548.jpg,False,
OF003530,fake,flux.2-klein-9b,Base,2026-01-14,True,709,1024,1024,3,RGB,JPEG,386467,1.0,True,flux.2-klein-9b,fake::flux.2-klein-9b,False,0267dcde7860af8b5d795a903636e18a,3530,1132338.jpg,False,
OF003533,real,imagenet,real,,True,696,500,393,3,RGB,JPEG,144746,1.272264631043257,True,imagenet,real::imagenet,False,424c13f5d62b98e10b466041fbfd4633,3533,n01682714_15001.JPEG,False,
OF003536,real,docci,real,,True,650,2048,1536,3,RGB,JPEG,742983,1.3333333333333333,True,docci,real::docci,False,b97c71f06c36b592e143cbe85685c7fb,3536,train_05289.jpg,False,
OF003537,fake,veo-3,video,2025-09,True,650,1280,720,3,RGB,JPEG,179229,1.7777777777777777,True,veo-3,fake::veo-3,False,39ab93a3864f9788de76023d80c1031d,3537,0157741.jpg,False,
OF003542,fake,illustrious,image,2025-09,True,722,1248,1824,4,RGBA,PNG,3153206,0.6842105263157895,True,illustrious,fake::illustrious,False,096c2ed2d43ed174de886d288b35088c,3542,0046177.jpg,False,
OF003544,fake,recraft-v3,base,2024-10,True,544,600,600,3,RGB,JPEG,177375,1.0,True,recraft-v3,fake::recraft-v3,False,32a26b467853f451a4ae9054c964f708,3544,56763.jpg,False,
OF003552,fake,gpt-image-2,image,2026-04,True,289,1024,1024,3,RGB,JPEG,139640,1.0,True,gpt-image-2,fake::gpt-image-2,False,369f2dce137d617ccb3ebcd2e5775056,3552,0078311.jpg,False,
OF003553,fake,midjourney-7,base,2025-04,True,830,1456,816,3,RGB,PNG,1988260,1.7843137254901962,True,midjourney-7,fake::midjourney-7,False,48d5a5813a8f8a4d4944db0aa7521cda,3553,19290.jpg,False,
OF003555,real,docci,real,,True,466,2048,1536,3,RGB,JPEG,315392,1.3333333333333333,True,docci,real::docci,False,db47a291a0d1aee123b593b678744818,3555,test_04521.jpg,False,
OF003556,real,docci,real,,True,577,1536,2048,3,RGB,JPEG,1153632,0.75,True,docci,real::docci,False,d79f14dd58a003047be0f1474c287e1e,3556,test_00915.jpg,False,
OF003557,fake,illustrious,video,2026-03,True,1008,464,688,3,RGB,JPEG,150156,0.6744186046511628,True,illustrious,fake::illustrious,False,77943c083220d833d44e82c3853ffd87,3557,0187597.jpg,False,
OF003558,fake,midjourney-7,base,2025-04,True,625,1456,816,3,RGB,PNG,1354622,1.7843137254901962,True,midjourney-7,fake::midjourney-7,False,d0ecc75a57db0241d865e6e9fe2daaa2,3558,863552.jpg,False,
OF003559,fake,veo-3,video,2025-10,True,178,1080,1920,3,RGB,JPEG,403762,0.5625,True,veo-3,fake::veo-3,False,3f255426ea31e3f5813cdc57744fc376,3559,0102943.jpg,False,
OF003561,real,docci,real,,True,446,2048,1536,3,RGB,JPEG,371088,1.3333333333333333,True,docci,real::docci,False,9c41c7f59ebcac6f6bc2548889a8b3aa,3561,train_01222.jpg,False,
OF003562,fake,midjourney-7,base,2025-04,True,820,1376,864,3,RGB,PNG,1774469,1.5925925925925926,True,midjourney-7,fake::midjourney-7,False,185d8912c3282375c7ecf29692aeae78,3562,111022.jpg,False,
OF003566,fake,seedream-v5.0,image,2026-03,True,55,2048,2048,3,RGB,JPEG,581862,1.0,True,seedream-v5.0,fake::seedream-v5.0,False,5ddbdb229a3de9f688ac17358ea1ee7a,3566,0048734.jpg,False,
OF003567,real,imagenet,real,,True,619,176,144,3,RGB,JPEG,8577,1.2222222222222223,True,imagenet,real::imagenet,False,68cef0f1ba4c3f37d27ae6554981d856,3567,n01748264_4635.JPEG,False,
OF003568,real,imagenet,real,,True,571,333,500,3,RGB,JPEG,89934,0.666,True,imagenet,real::imagenet,False,fca6b18485f6eeba82c0f7ff14a326ef,3568,n01819313_6982.JPEG,False,
OF003570,real,docci,real,,True,295,2048,1536,3,RGB,JPEG,381121,1.3333333333333333,True,docci,real::docci,False,4bd20f1c1310def9a60e6316bfed3ef8,3570,train_03956.jpg,False,
OF003571,fake,flux.2-klein-9b,Base,2026-01-14,True,664,1024,1024,3,RGB,JPEG,394578,1.0,True,flux.2-klein-9b,fake::flux.2-klein-9b,False,224ded18065fa4a2ee20445fefec1e40,3571,951760.jpg,False,
OF003573,fake,illustrious,image,2025-08,True,824,2624,3840,3,RGB,JPEG,1173471,0.6833333333333333,True,illustrious,fake::illustrious,False,805c6099cda5f3ada6ed0f4b2c9d80e0,3573,0043690.jpg,False,
OF003576,real,imagenet,real,,True,678,500,333,3,RGB,JPEG,167920,1.5015015015015014,True,imagenet,real::imagenet,False,a24a80679da7cdab3187e24474f43ef0,3576,n01695060_30628.JPEG,False,
OF003577,fake,recraft-v3,base,2024-10,True,568,600,600,3,RGB,JPEG,122003,1.0,True,recraft-v3,fake::recraft-v3,False,f3561d2f5cb0995c7e34e3be7b44864d,3577,35305.jpg,False,
OF003579,fake,flux.2-klein-9b,Base,2026-01-14,True,636,1024,1024,3,RGB,JPEG,304184,1.0,True,flux.2-klein-9b,fake::flux.2-klein-9b,False,c5f3cdc7bb1d32a233495c1822178042,3579,1155261.jpg,False,
OF003580,real,docci,real,,True,582,2048,1535,3,RGB,JPEG,263602,1.3342019543973942,True,docci,real::docci,False,5b5ca98412dd90539d52f57a9b873ba9,3580,train_07939.jpg,False,
OF003581,fake,ideogram-2.0,base,unknown,True,313,1280,800,3,RGB,PNG,1330045,1.6,True,ideogram-2.0,fake::ideogram-2.0,False,55facfb02d1d44cf823ea6fa491e81a3,3581,04857.jpg,False,
OF003582,fake,midjourney-7,base,2025-04,True,631,1008,1184,3,RGB,PNG,1332289,0.8513513513513513,True,midjourney-7,fake::midjourney-7,False,6962dbaf56be5efa20c942c2cdc27dd4,3582,703757.jpg,False,
OF003587,real,docci,real,,True,716,1536,2048,3,RGB,JPEG,488377,0.75,True,docci,real::docci,False,3794b9ff4d580527bf3b16ad13d9dfbc,3587,test_01947.jpg,False,
OF003589,fake,gpt-image-2,image,2026-04,True,60,1024,1024,3,RGB,JPEG,122870,1.0,True,gpt-image-2,fake::gpt-image-2,False,2f18c84732fc3d24661ed40a7cd738b1,3589,0012497.jpg,False,
OF003590,fake,ernie-image,image,2026-04,True,699,1024,1024,3,RGB,PNG,1097539,1.0,True,ernie-image,fake::ernie-image,False,9c4161e8e1a1e415d25ba1c16e3fdf38,3590,0097849.jpg,False,
OF003591,fake,z-image-turbo,Base,2025-11-25,True,581,1024,1024,3,RGB,JPEG,194720,1.0,True,z-image-turbo,fake::z-image-turbo,False,10780d25820b6a82ad717fd282037a8e,3591,1061367.jpg,False,
OF003592,real,imagenet,real,,True,434,500,375,3,RGB,JPEG,136004,1.3333333333333333,True,imagenet,real::imagenet,False,b7a5564c3509e505ae2af1891e01de85,3592,n01616318_19129.JPEG,False,
OF003597,fake,wan-video-2.5,video,2026-02,True,452,1176,1764,3,RGB,JPEG,1025162,0.6666666666666666,True,wan-video-2.5,fake::wan-video-2.5,False,47fe2b095263be7eb492b875094f930b,3597,0305539.jpg,False,
OF003599,real,docci,real,,True,746,1536,2048,3,RGB,JPEG,408031,0.75,True,docci,real::docci,False,6eab1222d9a28fe8f710d8705f0ca70d,3599,train_06130.jpg,False,
OF003600,real,docci,real,,True,648,2048,1536,3,RGB,JPEG,190755,1.3333333333333333,True,docci,real::docci,False,7ded217076f8654a3ac284186ecefc3c,3600,test_01860.jpg,False,
OF003601,real,imagenet,real,,True,365,385,261,3,RGB,JPEG,12326,1.475095785440613,True,imagenet,real::imagenet,False,1c6e7841112cc0bbdd8e94b464d8e216,3601,n01665541_27799.JPEG,False,
OF003602,fake,gpt-image-1.5,image,2026-04,True,708,1024,1536,3,RGB,PNG,2701491,0.6666666666666666,True,gpt-image-1.5,fake::gpt-image-1.5,False,af59921aea73c6f9a12bea2bb5a5fc81,3602,0077202.jpg,False,
OF003603,real,imagenet,real,,True,540,340,173,3,RGB,JPEG,22388,1.9653179190751444,True,imagenet,real::imagenet,False,1bde168026fc122d0ff6ce58429a9905,3603,n01530575_3796.JPEG,False,
OF003606,fake,veo-3,video,2025-12,True,281,720,1280,3,RGB,JPEG,273957,0.5625,True,veo-3,fake::veo-3,False,f221552f17dd1b8003c28a6b34bac961,3606,0110261.jpg,False,
OF003608,fake,aurora-20-1-25,base,unknown,True,118,1024,768,3,RGB,PNG,728943,1.3333333333333333,True,aurora-20-1-25,fake::aurora-20-1-25,False,6cbc803add5e1efe4fd468f5b0b55a22,3608,55411.jpg,False,
OF003610,fake,wan-video-2.5,video,2026-02,True,48,1692,944,3,RGB,JPEG,434238,1.7923728813559323,True,wan-video-2.5,fake::wan-video-2.5,False,1481101ab204adb99b265ae835f57546,3610,0225963.jpg,False,
OF003612,real,imagenet,real,,True,599,333,500,3,RGB,JPEG,104916,0.666,True,imagenet,real::imagenet,False,eced0f75b802967b4e59a618dc10849f,3612,n01614925_24029.JPEG,False,
OF003613,fake,ernie-image,image,2026-04,True,53,1024,1536,3,RGB,PNG,2652866,0.6666666666666666,True,ernie-image,fake::ernie-image,False,4869b451508623c46ec504b1dc0c3301,3613,0024931.jpg,False,
OF003614,fake,illustrious,image,2025-12,True,604,832,1216,3,RGB,JPEG,322200,0.6842105263157895,True,illustrious,fake::illustrious,False,757f80d23dbd6d6a06f7777fb0ce27fc,3614,0056402.jpg,False,
OF003616,fake,gpt-image-2,image,2026-04,True,41,2400,3200,3,RGB,PNG,9471908,0.75,True,gpt-image-2,fake::gpt-image-2,False,7ad83beed3433634be1276a9cbdf3e00,3616,0060944.jpg,False,
OF003621,fake,gpt-image-1.5,image,2026-01,True,1039,1024,1536,3,RGB,PNG,2688468,0.6666666666666666,True,gpt-image-1.5,fake::gpt-image-1.5,False,23cbcac67cd929d2fbb0017702c100fe,3621,0014591.jpg,False,
OF003622,real,imagenet,real,,True,650,500,334,3,RGB,JPEG,48603,1.497005988023952,True,imagenet,real::imagenet,False,bdeec35ac77474af2fe825043946fb6e,3622,n01774384_21515.JPEG,False,
OF003625,fake,z-image-turbo,image,2026-04,True,1127,1280,2048,3,RGB,PNG,4043932,0.625,True,z-image-turbo,fake::z-image-turbo,False,1f294692cb62ee7360f1979d5da8b113,3625,0058892.jpg,False,
OF003628,fake,lumina-17-2-25,base,unknown,True,32,1024,1024,3,RGB,PNG,421075,1.0,True,lumina-17-2-25,fake::lumina-17-2-25,False,9dffd343e88a5b81810201362325575e,3628,41349.jpg,False,
OF003630,fake,flux.2-klein-9b,Base,2026-01-14,True,697,1024,1024,3,RGB,JPEG,288494,1.0,True,flux.2-klein-9b,fake::flux.2-klein-9b,False,4c18c421ab32ec577f58f5c8573fb1fe,3630,1081827.jpg,False,
OF003631,real,imagenet,real,,True,539,500,375,3,RGB,JPEG,168447,1.3333333333333333,True,imagenet,real::imagenet,False,b10a977c6e06588cf6aaa0f3efa3fbef,3631,n01440764_2751.JPEG,False,
OF003633,real,imagenet,real,,True,629,400,293,3,RGB,JPEG,50720,1.3651877133105803,True,imagenet,real::imagenet,False,ddb8b365ef8fe0115659349a9ec1e247,3633,n01773549_6991.JPEG,False,
OF003634,fake,wan-video-2.5,video,2026-03,True,251,842,474,3,RGB,JPEG,81049,1.7763713080168777,True,wan-video-2.5,fake::wan-video-2.5,False,fb360d44cb36ebd6c1f174c209179cf0,3634,0269877.jpg,False,
OF003636,fake,gpt-image-1.5,image,2026-02,True,350,1024,1536,3,RGB,JPEG,287980,0.6666666666666666,True,gpt-image-1.5,fake::gpt-image-1.5,False,42f2f3929a1570ade1b21de6d59a851a,3636,0024986.jpg,False,
OF003637,real,docci,real,,True,593,2048,1536,3,RGB,JPEG,761574,1.3333333333333333,True,docci,real::docci,False,4fdffc032806888439a2c00942970c04,3637,train_06289.jpg,False,
OF003638,real,docci,real,,True,582,3024,4032,3,RGB,JPEG,1470983,0.75,True,docci,real::docci,False,1318438c2416a7a6225d7b38c2a66e7b,3638,qual_dev_00089.jpg,False,
OF003639,fake,midjourney-7,base,2025-04,True,590,896,1344,3,RGB,PNG,1470584,0.6666666666666666,True,midjourney-7,fake::midjourney-7,False,511b3f253b689b64c7e07638e713f863,3639,933323.jpg,False,
OF003640,fake,illustrious,image,2026-04,True,325,832,1216,3,RGB,JPEG,149103,0.6842105263157895,True,illustrious,fake::illustrious,False,89777cf5e222870c0d30f2da0f23c3f6,3640,0030745.jpg,False,
OF003642,real,docci,real,,True,540,2048,1536,3,RGB,JPEG,541065,1.3333333333333333,True,docci,real::docci,False,ba170bcb39aa4bbbeae75c82f90467eb,3642,test_04430.jpg,False,
OF003645,fake,midjourney-7,base,2025-04,True,609,1024,1024,3,RGB,PNG,998356,1.0,True,midjourney-7,fake::midjourney-7,False,2066279d39215a4d357658a86d72e4db,3645,66743.jpg,False,
OF003647,fake,illustrious,image,2026-01,True,661,1280,1856,3,RGB,JPEG,630852,0.6896551724137931,True,illustrious,fake::illustrious,False,d16a3d262170ebd624d059ab4e421166,3647,0056916.jpg,False,
OF003649,fake,wan-video-2.5,video,2026-02,True,15,764,522,3,RGB,JPEG,130846,1.4636015325670495,True,wan-video-2.5,fake::wan-video-2.5,False,722a91e0738cd5e6378a7cc16377de55,3649,0138565.jpg,False,
OF003650,real,docci,real,,True,621,2048,1536,3,RGB,JPEG,574334,1.3333333333333333,True,docci,real::docci,False,76879a2aad3f9d3d160738dc8dab725c,3650,train_05414.jpg,False,
OF003651,fake,midjourney-7,base,2025-04,True,621,1024,1024,3,RGB,PNG,1733644,1.0,True,midjourney-7,fake::midjourney-7,False,7fab0add331663e14c3e9057c356f5aa,3651,51162.jpg,False,
OF003653,fake,illustrious,image,2026-04,True,2011,3072,5376,3,RGB,PNG,15385454,0.5714285714285714,True,illustrious,fake::illustrious,False,33c0ce4de090cb3b7b00a7a63f08aae2,3653,0076046.jpg,False,
OF003654,fake,z-image-turbo,Base,2025-11-25,True,677,1024,1024,3,RGB,JPEG,225319,1.0,True,z-image-turbo,fake::z-image-turbo,False,f7e3fbe79c0fa45e2b4471da09dd8176,3654,1061200.jpg,False,
OF003655,real,docci,real,,True,694,2048,1536,3,RGB,JPEG,256964,1.3333333333333333,True,docci,real::docci,False,a8fb356817535c4bbf7e4a284cbfaf8b,3655,train_01197.jpg,False,
OF003656,real,imagenet,real,,True,273,500,367,3,RGB,JPEG,77705,1.3623978201634876,True,imagenet,real::imagenet,False,18c7308801d30b09e6237649fe9a7efd,3656,n01534433_6342.JPEG,False,
OF003657,fake,z-image-turbo,Base,2025-11-25,True,523,1024,1024,3,RGB,JPEG,390886,1.0,True,z-image-turbo,fake::z-image-turbo,False,dc3b53ae5578e2ada57be8718e65a755,3657,1051539.jpg,False,
OF003658,real,imagenet,real,,True,706,500,375,3,RGB,JPEG,172394,1.3333333333333333,True,imagenet,real::imagenet,False,d09cd265c8c08f1b12b629a042c015f2,3658,n01491361_6285.JPEG,False,
OF003660,real,imagenet,real,,True,545,640,480,3,RGB,JPEG,28440,1.3333333333333333,True,imagenet,real::imagenet,False,5571410802b725407e5979b01542e9e0,3660,n01734418_16351.JPEG,False,
OF003661,fake,lumina-17-2-25,base,unknown,True,24,1024,1024,3,RGB,PNG,1612589,1.0,True,lumina-17-2-25,fake::lumina-17-2-25,False,7acc0a7f01285e3549adcff04f8bcd48,3661,12475.jpg,False,
OF003663,real,docci,real,,True,792,1536,2048,3,RGB,JPEG,846237,0.75,True,docci,real::docci,False,47f9ae0822983de4fa900d1db36dc252,3663,train_04797.jpg,False,
OF003664,fake,wan-video-2.5,video,2025-10,True,180,1440,1440,3,RGB,JPEG,513972,1.0,True,wan-video-2.5,fake::wan-video-2.5,False,e70fabd2d718d516f9083626cad12df5,3664,0252836.jpg,False,
OF003667,fake,frames-23-1-25,base,unknown,True,38,1920,1088,3,RGB,PNG,3580832,1.7647058823529411,True,frames-23-1-25,fake::frames-23-1-25,False,6dbdcef3f8925516f2d651b5cfff8f0e,3667,18459.jpg,False,
OF003668,fake,lumina-17-2-25,base,unknown,True,42,1024,1024,3,RGB,PNG,1306591,1.0,True,lumina-17-2-25,fake::lumina-17-2-25,False,275c95caf8dc577d201ddaf6331392c8,3668,22224.jpg,False,
OF003669,real,docci,real,,True,709,1779,1334,3,RGB,JPEG,286087,1.333583208395802,True,docci,real::docci,False,c5ac3022a35fe11ef1303ba5b3ad7b10,3669,test_02736.jpg,False,
OF003671,fake,illustrious,image,2026-04,True,532,1344,1728,3,RGB,JPEG,147702,0.7777777777777778,True,illustrious,fake::illustrious,False,04f45b70c7a68c9c3cd1e956b67fd025,3671,0035243.jpg,False,
OF003678,real,imagenet,real,,True,695,500,487,3,RGB,JPEG,218799,1.026694045174538,True,imagenet,real::imagenet,False,4b3a09f5afd0c1a3b661dc4ecd78c804,3678,n01773549_4335.JPEG,False,
OF003679,fake,veo-3,video,2025-10,True,764,1920,1080,3,RGB,JPEG,309218,1.7777777777777777,True,veo-3,fake::veo-3,False,491d92f1da0c92e688f0344f26ca8419,3679,0299671.jpg,False,
OF003689,fake,midjourney-7,base,2025-04,True,634,1232,928,3,RGB,PNG,2060604,1.3275862068965518,True,midjourney-7,fake::midjourney-7,False,1e2216568bae2069f5734ff437b5d100,3689,469508.jpg,False,
OF003690,real,imagenet,real,,True,617,500,374,3,RGB,JPEG,117769,1.3368983957219251,True,imagenet,real::imagenet,False,f0e10d456fc3abd5793937b9c362f42e,3690,n01532829_5164.JPEG,False,
OF003699,fake,seedream-v5.0,image,2026-04,True,669,2304,1728,3,RGB,JPEG,345799,1.3333333333333333,True,seedream-v5.0,fake::seedream-v5.0,False,62f9e416f8a0efa00623c52e04188ba6,3699,0051338.jpg,False,
OF003702,real,imagenet,real,,True,562,359,350,3,RGB,JPEG,14768,1.0257142857142858,True,imagenet,real::imagenet,False,3dece2f4fd2968ccb4d39e23f4478b74,3702,n01749939_3950.JPEG,False,
OF003703,fake,flux.2-klein-9b,image,2026-04,True,39,1632,2448,3,RGB,PNG,6588358,0.6666666666666666,True,flux.2-klein-9b,fake::flux.2-klein-9b,False,75c28b3058888dc13e001dfb773eb6ef,3703,0037787.jpg,False,
OF003706,real,imagenet,real,,True,615,500,375,3,RGB,JPEG,152815,1.3333333333333333,True,imagenet,real::imagenet,False,65e635e9a90534c2c7df20a760a2abd2,3706,n01689811_5796.JPEG,False,
OF003707,real,docci,real,,True,717,2048,1536,3,RGB,JPEG,298889,1.3333333333333333,True,docci,real::docci,False,99f27a52f6a8999f216633d89946e9e2,3707,test_01113.jpg,False,
OF003709,real,imagenet,real,,True,517,500,382,3,RGB,JPEG,259420,1.3089005235602094,True,imagenet,real::imagenet,False,78f251d5e6821d84efff962a885a98d3,3709,n01820546_541.JPEG,False,
OF003710,real,imagenet,real,,True,669,3072,2304,3,RGB,JPEG,2485791,1.3333333333333333,True,imagenet,real::imagenet,False,31e6b20730ea4b8c774ce7528952e9a0,3710,n01734418_1747.JPEG,False,
OF003711,real,imagenet,real,,True,520,500,375,3,RGB,JPEG,152525,1.3333333333333333,True,imagenet,real::imagenet,False,87f2d5613cc291c85f98ef5e4e65e950,3711,n01498041_1410.JPEG,False,
OF003714,real,imagenet,real,,True,818,375,500,3,RGB,JPEG,148671,0.75,True,imagenet,real::imagenet,False,e3a1d8004ab1c0070ce5c9fc150e0506,3714,n01641577_8595.JPEG,False,
OF003717,fake,gpt-image-1.5,image,2025-12,True,592,1024,1536,3,RGB,PNG,3108710,0.6666666666666666,True,gpt-image-1.5,fake::gpt-image-1.5,False,b370a8ad39c87634a59a3489866ded4f,3717,0075784.jpg,False,
OF003723,real,docci,real,,True,708,2048,1536,3,RGB,JPEG,338270,1.3333333333333333,True,docci,real::docci,False,a93a2625928f1c5eadbae7d76c8530b6,3723,test_02537.jpg,False,
OF003725,fake,midjourney-7,base,2025-04,True,630,1024,1024,3,RGB,PNG,1364840,1.0,True,midjourney-7,fake::midjourney-7,False,b9399ad150ecee52f18a1451dd2f5192,3725,826115.jpg,False,
OF003727,real,docci,real,,True,823,1536,2048,3,RGB,JPEG,346469,0.75,True,docci,real::docci,False,3882c72db1872403d0933d4a2edc1e60,3727,train_06157.jpg,False,
OF003728,real,imagenet,real,,True,634,375,500,3,RGB,JPEG,144663,0.75,True,imagenet,real::imagenet,False,95706ff6a050470a29b4dabf70c3c4b3,3728,n01704323_524.JPEG,False,
OF003729,fake,midjourney-7,base,2025-04,True,720,1456,816,3,RGB,PNG,1827988,1.7843137254901962,True,midjourney-7,fake::midjourney-7,False,30327ab093bf10da4d14882af3a06a6e,3729,07498.jpg,False,
OF003730,real,imagenet,real,,True,414,389,500,3,RGB,JPEG,122222,0.778,True,imagenet,real::imagenet,False,c99b8ac2949514cf0ca3bd15c0b54f61,3730,n01580077_2239.JPEG,False,
OF003732,fake,recraft-v3,base,2024-10,True,397,600,338,3,RGB,JPEG,86208,1.7751479289940828,True,recraft-v3,fake::recraft-v3,False,5e7c2a71f29873c270d609431166c6cd,3732,24406.jpg,False,
OF003734,real,docci,real,,True,739,2048,1536,3,RGB,JPEG,574899,1.3333333333333333,True,docci,real::docci,False,dd788a7158866d15834c26a29c75d0ed,3734,train_00377.jpg,False,
OF003739,fake,midjourney-7,base,2025-04,True,757,1024,1024,3,RGB,PNG,1739526,1.0,True,midjourney-7,fake::midjourney-7,False,3611763178e6fc66482d69caf134e9e0,3739,491477.jpg,False,
OF003740,fake,z-image-turbo,Base,2025-11-25,True,663,1024,1024,3,RGB,JPEG,339140,1.0,True,z-image-turbo,fake::z-image-turbo,False,80f170ed0adac9f4003a54594ac41e08,3740,966633.jpg,False,
OF003742,real,imagenet,real,,True,604,500,375,3,RGB,JPEG,175982,1.3333333333333333,True,imagenet,real::imagenet,False,f6820bc8d139cd0cce625639c26ddc4c,3742,n01498041_4552.JPEG,False,
OF003745,real,imagenet,real,,True,626,500,335,3,RGB,JPEG,132292,1.492537313432836,True,imagenet,real::imagenet,False,6233d49ce99154758667377970f2903b,3745,n01677366_45946.JPEG,False,
OF003747,real,docci,real,,True,426,2048,1536,3,RGB,JPEG,356023,1.3333333333333333,True,docci,real::docci,False,1e49c9405f84335bde4d203b6bdd8e4f,3747,train_04375.jpg,False,
OF003751,fake,illustrious,image,2025-02,True,662,2304,4096,3,RGB,PNG,9673445,0.5625,True,illustrious,fake::illustrious,False,541e5087d4307e74b7dade27e171a40d,3751,0095959.jpg,False,
OF003752,fake,z-image-turbo,image,2026-04,True,1770,896,1152,3,RGB,PNG,1745582,0.7777777777777778,True,z-image-turbo,fake::z-image-turbo,False,2b8787c87bd9b6925e4e8a1840ed89ea,3752,0059796.jpg,False,
OF003755,fake,midjourney-7,base,2025-04,True,614,1024,1024,3,RGB,PNG,1130988,1.0,True,midjourney-7,fake::midjourney-7,False,ebc64f9574d931beb2b4c140ba5c17e9,3755,28644.jpg,False,
OF003758,real,imagenet,real,,True,645,375,500,3,RGB,JPEG,186061,0.75,True,imagenet,real::imagenet,False,647e4a1a9715e6080529f5eda79da6d7,3758,n01537544_6915.JPEG,False,
OF003761,real,docci,real,,True,600,2048,1536,3,RGB,JPEG,363261,1.3333333333333333,True,docci,real::docci,False,afb708fba689dbd484e3b71b09e1e27a,3761,train_02140.jpg,False,
OF003763,fake,z-image-turbo,Base,2025-11-25,True,687,1024,1024,3,RGB,JPEG,254747,1.0,True,z-image-turbo,fake::z-image-turbo,False,ea81258168e6aea1d3cad038a628deb2,3763,982331.jpg,False,
OF003764,real,imagenet,real,,True,588,380,253,3,RGB,JPEG,56040,1.5019762845849802,True,imagenet,real::imagenet,False,1af86e52004810bc8a2c49687bb39198,3764,n01776313_6333.JPEG,False,
OF003769,fake,z-image-turbo,image,2025-12,True,704,1024,1280,3,RGB,PNG,2249102,0.8,True,z-image-turbo,fake::z-image-turbo,False,d9e87aeff5f060019fa06166d7932cbd,3769,0058471.jpg,False,
OF003771,fake,ernie-image,image,2026-04,True,53,1024,1536,3,RGB,PNG,2504339,0.6666666666666666,True,ernie-image,fake::ernie-image,False,1bd575663d24e8b0b61c82d429bcd750,3771,0053458.jpg,False,
OF003775,fake,veo-3,video,2025-10,True,47,1920,1080,3,RGB,JPEG,417934,1.7777777777777777,True,veo-3,fake::veo-3,False,e99d59ebcac889c8e33bb45b89eea314,3775,0264719.jpg,False,
OF003776,fake,illustrious,image,2026-04,True,284,832,1216,3,RGB,JPEG,179137,0.6842105263157895,True,illustrious,fake::illustrious,False,b69bb9f8fee6931532f532f91957f222,3776,0045296.jpg,False,
OF003777,real,imagenet,real,,True,576,500,333,3,RGB,JPEG,77751,1.5015015015015014,True,imagenet,real::imagenet,False,723ac33af06768c7ea4fe08bb877a621,3777,n01667778_22443.JPEG,False,
OF003778,real,imagenet,real,,True,443,500,334,3,RGB,JPEG,199502,1.497005988023952,True,imagenet,real::imagenet,False,fd60f6110fefa00f1ff2a8d57779cc88,3778,n01514859_7780.JPEG,False,
OF003779,fake,midjourney-7,base,2025-04,True,572,1024,1024,3,RGB,PNG,1197406,1.0,True,midjourney-7,fake::midjourney-7,False,18936385eba26ada5d026ad040453451,3779,27205.jpg,False,
OF003781,real,imagenet,real,,True,664,500,375,3,RGB,JPEG,144693,1.3333333333333333,True,imagenet,real::imagenet,False,dd7e59b6b25e14ad8bf4ecbb5043e6f7,3781,n01498041_13349.JPEG,False,
OF003782,real,imagenet,real,,True,442,500,348,3,RGB,JPEG,126262,1.4367816091954022,True,imagenet,real::imagenet,False,d750fbd538e93641b5ad1fdfe828b41a,3782,n01641577_11499.JPEG,False,
OF003786,fake,wan-video-2.5,video,2025-09,True,75,632,632,3,RGB,JPEG,70742,1.0,True,wan-video-2.5,fake::wan-video-2.5,False,e76108f5055560fee43837e03e11ff8c,3786,0345736.jpg,False,
OF003788,real,docci,real,,True,746,1536,2048,3,RGB,JPEG,399310,0.75,True,docci,real::docci,False,09ac9c4c940278171f1319233fa173e1,3788,train_00682.jpg,False,
OF003789,fake,gpt-image-2,image,2026-04,True,682,1536,1024,3,RGB,JPEG,364228,1.5,True,gpt-image-2,fake::gpt-image-2,False,d8029eb0b175e6962bf063a589c45937,3789,0040327.jpg,False,
OF003794,real,imagenet,real,,True,530,175,120,3,RGB,JPEG,12237,1.4583333333333333,True,imagenet,real::imagenet,False,21d258638497851e28e6db2ffb767911,3794,n01740131_4843.JPEG,False,
OF003796,fake,illustrious,image,2026-04,True,228,832,1216,3,RGB,JPEG,142562,0.6842105263157895,True,illustrious,fake::illustrious,False,ec80bd54e0e87c7d419d76a2b3e7665b,3796,0084282.jpg,False,
OF003798,fake,midjourney-7,base,2025-04,True,705,1024,1024,3,RGB,PNG,1508512,1.0,True,midjourney-7,fake::midjourney-7,False,a5cd6f834aa231c8f47dc717caac2f87,3798,16035.jpg,False,
OF003799,real,imagenet,real,,True,336,500,375,3,RGB,JPEG,218513,1.3333333333333333,True,imagenet,real::imagenet,False,03ddc64253632209b4dea5bf228a4e90,3799,n01592084_2890.JPEG,False,
OF003800,fake,sora-2,video,2025-11,True,505,1280,720,3,RGB,JPEG,128634,1.7777777777777777,True,sora-2,fake::sora-2,False,3b0fb408c2c1d337a2c18fb538be7f8b,3800,0206416.jpg,False,
OF003803,fake,midjourney-7,base,2025-04,True,587,1024,1024,3,RGB,PNG,1932861,1.0,True,midjourney-7,fake::midjourney-7,False,20c2457c9b5b2a38af5afb4557364888,3803,112099.jpg,False,
OF003808,fake,flux.2-klein-9b,Base,2026-01-14,True,677,1024,1024,3,RGB,JPEG,440268,1.0,True,flux.2-klein-9b,fake::flux.2-klein-9b,False,057da56ef615fe60b1a2a3406d84d114,3808,971856.jpg,False,
OF003811,fake,flux.2-klein-9b,Base,2026-01-14,True,530,1024,1024,3,RGB,JPEG,316764,1.0,True,flux.2-klein-9b,fake::flux.2-klein-9b,False,7faeda1dcbd6516b46c2756e3170b70f,3811,1169653.jpg,False,
OF003812,real,docci,real,,True,695,1536,2048,3,RGB,JPEG,730117,0.75,True,docci,real::docci,False,9d84a90c7156a0211ad68d71815f0812,3812,test_00370.jpg,False,
OF003813,real,docci,real,,True,586,1536,2048,3,RGB,JPEG,912481,0.75,True,docci,real::docci,False,2036059d0b3ced9f4668d24ba72c437d,3813,train_09345.jpg,False,
OF003814,fake,veo-3,video,2026-02,True,353,720,1280,3,RGB,JPEG,200977,0.5625,True,veo-3,fake::veo-3,False,c99ab7b3d8a3c181a670f3212c656f9c,3814,0100942.jpg,False,
OF003816,fake,z-image-turbo,video,2026-03,True,445,1080,1908,3,RGB,JPEG,463830,0.5660377358490566,True,z-image-turbo,fake::z-image-turbo,False,ad7952adcbf46cd36abac1b0463ad78b,3816,0325877.jpg,False,
OF003817,fake,flux.2-klein-9b,Base,2026-01-14,True,492,1024,1024,3,RGB,JPEG,351555,1.0,True,flux.2-klein-9b,fake::flux.2-klein-9b,False,6e334f14006c267a9d8f6cd3a5d58b07,3817,1101794.jpg,False,
OF003818,fake,ernie-image-turbo,image,2026-04,True,1314,1264,848,3,RGB,JPEG,340981,1.490566037735849,True,ernie-image-turbo,fake::ernie-image-turbo,False,ae38b1e7b9409c2cb7ea0d13ca7fabe0,3818,0060884.jpg,False,
OF003822,fake,recraft-v3,base,2024-10,True,822,600,600,3,RGB,JPEG,184804,1.0,True,recraft-v3,fake::recraft-v3,False,1dea2bad5d2efc25b76ae17b3c5512cb,3822,55873.jpg,False,
OF003827,real,imagenet,real,,True,635,181,179,3,RGB,JPEG,10192,1.011173184357542,True,imagenet,real::imagenet,False,239867a6bbe39f7e7b7c0debfb5c8a7a,3827,n01748264_5169.JPEG,False,
OF003828,fake,midjourney-7,base,2025-04,True,484,1232,928,3,RGB,PNG,1278633,1.3275862068965518,True,midjourney-7,fake::midjourney-7,False,c9e696cb768a4c94959fa73748d681f2,3828,07270.jpg,False,
OF003830,fake,ernie-image-turbo,image,2026-04,True,687,1248,1824,4,RGBA,WEBP,871544,0.6842105263157895,True,ernie-image-turbo,fake::ernie-image-turbo,False,0040d3ed3f7984a882e51e12282810b3,3830,0020721.jpg,False,
OF003833,real,imagenet,real,,True,655,375,500,3,RGB,JPEG,239882,0.75,True,imagenet,real::imagenet,False,357f73a96e96e13cee9801329de53aa2,3833,n01770081_11170.JPEG,False,
OF003834,fake,midjourney-7,base,2025-04,True,728,1456,816,3,RGB,PNG,1469936,1.7843137254901962,True,midjourney-7,fake::midjourney-7,False,abbe7b2477bce22586546b6e7f82ebe2,3834,735086.jpg,False,
OF003835,real,imagenet,real,,True,591,612,408,3,RGB,JPEG,55848,1.5,True,imagenet,real::imagenet,False,d48adef432c27edc326202abd9d0a125,3835,n01494475_10002.JPEG,False,
OF003840,real,docci,real,,True,510,359,480,3,RGB,JPEG,15270,0.7479166666666667,True,docci,real::docci,False,8f718edbc440aede5c970ac49f5cf877,3840,test_04140.jpg,False,
OF003841,real,docci,real,,True,550,2048,1536,3,RGB,JPEG,323978,1.3333333333333333,True,docci,real::docci,False,1ebc0aa4f79057bbed2ebf4dd23a82f7,3841,test_03399.jpg,False,
OF003843,real,imagenet,real,,True,589,500,316,3,RGB,JPEG,150322,1.5822784810126582,True,imagenet,real::imagenet,False,e6efc8dba7287999a7cc658346599fb1,3843,n01632458_5909.JPEG,False,
OF003844,real,imagenet,real,,True,666,500,375,3,RGB,JPEG,171640,1.3333333333333333,True,imagenet,real::imagenet,False,b8a3c2c57ed39dbf84c4afb48dd87d5d,3844,n01817953_7282.JPEG,False,
OF003845,fake,midjourney-7,base,2025-04,True,585,1024,1024,3,RGB,PNG,1289513,1.0,True,midjourney-7,fake::midjourney-7,False,4caea7b6279fc330bcafb133e443726e,3845,20303.jpg,False,
OF003847,fake,gpt-image-1.5,image,2026-02,True,378,1024,1536,3,RGB,JPEG,238174,0.6666666666666666,True,gpt-image-1.5,fake::gpt-image-1.5,False,51175dfebd8350c2925ea16a3a093de5,3847,0065890.jpg,False,
OF003850,real,docci,real,,True,461,2048,1535,3,RGB,JPEG,711876,1.3342019543973942,True,docci,real::docci,False,3e67579bb0cf76618136d50633ff7bbe,3850,train_01393.jpg,False,
OF003855,real,docci,real,,True,335,1536,2048,3,RGB,JPEG,446672,0.75,True,docci,real::docci,False,71bf6c62443e382501ed6a5eddc131eb,3855,test_03582.jpg,False,
OF003856,real,imagenet,real,,True,551,375,500,3,RGB,JPEG,131466,0.75,True,imagenet,real::imagenet,False,b47878d775943f0978fd78e6761d4f39,3856,n01693334_20535.JPEG,False,
OF003858,fake,z-image-turbo,Base,2025-11-25,True,535,1024,1024,3,RGB,JPEG,259037,1.0,True,z-image-turbo,fake::z-image-turbo,False,52c971a3995309497d5bf532522062dd,3858,1135646.jpg,False,
OF003859,fake,illustrious,image,2025-03,True,726,4392,3000,3,RGB,PNG,19429399,1.464,True,illustrious,fake::illustrious,False,4f9389cea10366f266bffd4703628340,3859,0058096.jpg,False,
OF003860,real,docci,real,,True,652,2048,1536,3,RGB,JPEG,192336,1.3333333333333333,True,docci,real::docci,False,6caec53a93c6c4e5f80226bb3cef6b60,3860,test_03558.jpg,False,
OF003861,real,imagenet,real,,True,299,500,404,3,RGB,JPEG,81477,1.2376237623762376,True,imagenet,real::imagenet,False,faae22326bdfc62bf627add5bd7c3c11,3861,n01531178_10565.JPEG,False,
OF003863,fake,flux.2-klein-9b,Base,2026-01-14,True,651,1024,1024,3,RGB,JPEG,405437,1.0,True,flux.2-klein-9b,fake::flux.2-klein-9b,False,d8f48fd9f60a9c1c2467a05bc05cc862,3863,1049770.jpg,False,
OF003864,real,docci,real,,True,818,1536,2048,3,RGB,JPEG,333461,0.75,True,docci,real::docci,False,9860edc011ee3b0c66bb3370d2e5a956,3864,train_06675.jpg,False,
OF003866,real,imagenet,real,,True,384,500,375,3,RGB,JPEG,142043,1.3333333333333333,True,imagenet,real::imagenet,False,0df301156384f4ec0c69ec19bf45a8e3,3866,n01677366_4421.JPEG,False,
OF003873,real,docci,real,,True,658,2048,1536,3,RGB,JPEG,336961,1.3333333333333333,True,docci,real::docci,False,32e99673df86409eb817b8c165ccedd5,3873,train_00229.jpg,False,
OF003874,real,docci,real,,True,571,1536,2048,3,RGB,JPEG,585263,0.75,True,docci,real::docci,False,ea6293a8e754cdd62ac01999cb9aff58,3874,train_01996.jpg,False,
OF003876,fake,halfmoon-4-4-25,base,unknown,True,319,1248,832,3,RGB,PNG,759184,1.5,True,halfmoon-4-4-25,fake::halfmoon-4-4-25,False,bfe6d3fa9e8dd2b5fda3f845267f7e6a,3876,29815.jpg,False,
OF003878,real,imagenet,real,,True,540,260,195,3,RGB,JPEG,26401,1.3333333333333333,True,imagenet,real::imagenet,False,4087cf257902e380344a17aef5346153,3878,n01756291_9182.JPEG,False,
OF003879,fake,veo-3,video,2025-12,True,163,720,1280,3,RGB,JPEG,137853,0.5625,True,veo-3,fake::veo-3,False,4673f1e42fb3daff5592965de6111b56,3879,0243603.jpg,False,
OF003883,fake,gpt-image-1.5,image,2026-01,True,1690,1024,1536,3,RGB,PNG,3610611,0.6666666666666666,True,gpt-image-1.5,fake::gpt-image-1.5,False,1ab17b3a222845f48dc0d8dab1c98212,3883,0066199.jpg,False,
OF003885,real,docci,real,,True,537,2048,1536,3,RGB,JPEG,611276,1.3333333333333333,True,docci,real::docci,False,739f092024fb59ec18c00a08180fe882,3885,train_04792.jpg,False,
OF003886,fake,ernie-image-turbo,image,2026-04,True,879,1024,1024,3,RGB,PNG,1724284,1.0,True,ernie-image-turbo,fake::ernie-image-turbo,False,4133029c09e7ef6d0bf7ac41819f5f96,3886,0008116.jpg,False,
OF003887,real,imagenet,real,,True,357,500,375,3,RGB,JPEG,255852,1.3333333333333333,True,imagenet,real::imagenet,False,21f3bde80425ffd7ec80fb2590cbf195,3887,n01698640_2638.JPEG,False,
OF003888,fake,gpt-image-1.5,image,2026-01,True,711,1536,1024,3,RGB,JPEG,263284,1.5,True,gpt-image-1.5,fake::gpt-image-1.5,False,0f3dd987432bc0fd2836e95d04b9cb10,3888,0080624.jpg,False,
OF003891,real,imagenet,real,,True,643,500,339,3,RGB,JPEG,72438,1.4749262536873156,True,imagenet,real::imagenet,False,f00c4e27ef0e8ffa2efde1baff672835,3891,n01616318_2785.JPEG,False,
OF003892,real,imagenet,real,,True,482,500,332,3,RGB,JPEG,170129,1.5060240963855422,True,imagenet,real::imagenet,False,f75cbfbe508c398f71cd4045e76d19c0,3892,n01689811_2071.JPEG,False,
OF003893,fake,illustrious,image,2025-10,True,864,832,1216,3,RGB,JPEG,223039,0.6842105263157895,True,illustrious,fake::illustrious,False,2c5708131a2fae9a1efb451906103b82,3893,0053453.jpg,False,
OF003895,real,imagenet,real,,True,671,500,375,3,RGB,JPEG,180659,1.3333333333333333,True,imagenet,real::imagenet,False,0e1f236760b79aed1c418b6d6d375449,3895,n01774750_479.JPEG,False,
OF003896,fake,ernie-image-turbo,image,2026-04,True,414,1024,1536,3,RGB,PNG,1939535,0.6666666666666666,True,ernie-image-turbo,fake::ernie-image-turbo,False,95d6b7a912ce56a729741813c69bf7a0,3896,0015021.jpg,False,
OF003898,fake,recraft-v3,base,2024-10,True,768,600,600,3,RGB,JPEG,238531,1.0,True,recraft-v3,fake::recraft-v3,False,0e180e390f81ee2242f473b6d429dd1c,3898,49134.jpg,False,
OF003900,fake,veo-3,video,2025-09,True,949,1920,1080,3,RGB,JPEG,464017,1.7777777777777777,True,veo-3,fake::veo-3,False,7977380886c27a502a6dd435b16bb159,3900,0227831.jpg,False,
OF003901,real,docci,real,,True,654,2048,1536,3,RGB,JPEG,672875,1.3333333333333333,True,docci,real::docci,False,ad1fecbb6feb46aeec33188b742da461,3901,train_03795.jpg,False,
OF003906,fake,illustrious,video,2026-03,True,544,928,1376,3,RGB,JPEG,318687,0.6744186046511628,True,illustrious,fake::illustrious,False,9c1b8b34fd4cfbf0f6df7c03eb7073cd,3906,0343117.jpg,False,
OF003909,fake,veo-3,video,2025-09,True,598,720,1280,3,RGB,JPEG,260560,0.5625,True,veo-3,fake::veo-3,False,783af89f2f7f6f42139493fb7ac8bd41,3909,0186779.jpg,False,
OF003912,fake,wan-video-2.5,video,2025-10,True,271,1108,830,3,RGB,JPEG,339346,1.3349397590361445,True,wan-video-2.5,fake::wan-video-2.5,False,407a040614d9ff3a620e6deb83c9b9c3,3912,0191584.jpg,False,
OF003913,real,imagenet,real,,True,626,500,333,3,RGB,JPEG,138970,1.5015015015015014,True,imagenet,real::imagenet,False,104f9a7f9f0b23fc9b15a98738019db1,3913,n01630670_1520.JPEG,False,
OF003917,fake,veo-3,video,2025-12,True,125,720,1280,3,RGB,JPEG,237457,0.5625,True,veo-3,fake::veo-3,False,7ca2b0b11db784b9cc7f07ebcfc6bc7f,3917,0165715.jpg,False,
OF003918,fake,frames-23-1-25,base,unknown,True,309,1920,1088,3,RGB,PNG,1751919,1.7647058823529411,True,frames-23-1-25,fake::frames-23-1-25,False,2945c9e82f344edaf01408fbde7605cc,3918,57797.jpg,False,
OF003919,real,imagenet,real,,True,597,500,379,3,RGB,JPEG,89283,1.3192612137203166,True,imagenet,real::imagenet,False,d078124efa29e758bedd41bc6c465f5d,3919,n01828970_1572.JPEG,False,
OF003923,fake,gpt-image-1.5,image,2026-02,True,113,1024,1536,3,RGB,JPEG,500957,0.6666666666666666,True,gpt-image-1.5,fake::gpt-image-1.5,False,458dfe96e4b2be15b54c1fb707979864,3923,0088082.jpg,False,
OF003926,fake,gpt-image-1.5,image,2026-01,True,376,1024,1536,3,RGB,PNG,2931109,0.6666666666666666,True,gpt-image-1.5,fake::gpt-image-1.5,False,a9985b3543a0eaa31ac10200acd3a813,3926,0026931.jpg,False,
OF003927,fake,veo-3,video,2025-10,True,1262,1920,1080,3,RGB,JPEG,611900,1.7777777777777777,True,veo-3,fake::veo-3,False,b91cb4414f9d42f36e203583f853fc2c,3927,0312217.jpg,False,
OF003928,fake,flux.2-klein-9b,Base,2026-01-14,True,690,1024,1024,3,RGB,JPEG,589530,1.0,True,flux.2-klein-9b,fake::flux.2-klein-9b,False,5fa7be966fb11aa633175c777f0f7d43,3928,1128701.jpg,False,
OF003933,real,imagenet,real,,True,536,500,355,3,RGB,JPEG,46224,1.408450704225352,True,imagenet,real::imagenet,False,29ffdcbe233346433defeacccf23b54a,3933,n01592084_3742.JPEG,False,
OF003934,real,imagenet,real,,True,562,500,332,3,RGB,JPEG,141565,1.5060240963855422,True,imagenet,real::imagenet,False,c1f0398b7d72855a007bf1053cf14de8,3934,n01514668_16364.JPEG,False,
OF003935,fake,recraft-v2,base,unknown,True,317,1024,1024,3,RGB,PNG,1720019,1.0,True,recraft-v2,fake::recraft-v2,False,d020751361da1ee13eeac9433170abaa,3935,02160.jpg,False,
OF003937,fake,illustrious,image,2025-05,True,804,1664,2432,3,RGB,WEBP,346984,0.6842105263157895,True,illustrious,fake::illustrious,False,bca7967de1d9357847daeca8a6a544f3,3937,0073182.jpg,False,
OF003939,real,imagenet,real,,True,435,500,375,3,RGB,JPEG,112688,1.3333333333333333,True,imagenet,real::imagenet,False,9fbd3b3106aa01a529ba8c08f1d403b3,3939,n01443537_7803.JPEG,False,
OF003940,fake,midjourney-7,base,2025-04,True,633,1024,1024,3,RGB,PNG,991795,1.0,True,midjourney-7,fake::midjourney-7,False,a0563c9287cc2af11c678889c45ecfcb,3940,60832.jpg,False,
OF003942,fake,wan-video-2.5,video,2025-12,True,1065,1280,720,3,RGB,JPEG,202091,1.7777777777777777,True,wan-video-2.5,fake::wan-video-2.5,False,e5885aa5206fa9d47c517b32bb8f623f,3942,0313427.jpg,False,
OF003944,fake,flux.2-klein-9b,Base,2026-01-14,True,478,1024,1024,3,RGB,JPEG,179253,1.0,True,flux.2-klein-9b,fake::flux.2-klein-9b,False,9bd1cecf0a214299e25cd3947d13c825,3944,1069086.jpg,False,
OF003946,fake,flux.2-klein-9b,Base,2026-01-14,True,722,1024,1024,3,RGB,JPEG,429303,1.0,True,flux.2-klein-9b,fake::flux.2-klein-9b,False,5c057182eb66d42ed0d18118717fe32f,3946,1053308.jpg,False,
OF003947,real,imagenet,real,,True,679,500,332,3,RGB,JPEG,110969,1.5060240963855422,True,imagenet,real::imagenet,False,0187c864205afada9764d520d822b41d,3947,n01773157_7493.JPEG,False,
OF003953,fake,gpt-image-1.5,image,2026-01,True,569,1920,2880,4,RGBA,PNG,6336400,0.6666666666666666,True,gpt-image-1.5,fake::gpt-image-1.5,False,c720d2da06c4109d95501ec437412573,3953,0078434.jpg,False,
OF003963,fake,veo-3,video,2025-09,True,736,1080,1920,3,RGB,JPEG,654850,0.5625,True,veo-3,fake::veo-3,False,9e41e73cbd1d1a385ca082f9cc302c27,3963,0253491.jpg,False,
OF003964,real,imagenet,real,,True,820,350,230,3,RGB,JPEG,81842,1.5217391304347827,True,imagenet,real::imagenet,False,a9f261bddac19afba7038da99b034db0,3964,n01496331_6623.JPEG,False,
OF003966,real,docci,real,,True,618,2048,1536,3,RGB,JPEG,396917,1.3333333333333333,True,docci,real::docci,False,84b2aa21ae1b149beba3229fd39f8ea0,3966,train_06456.jpg,False,
OF003968,real,imagenet,real,,True,398,500,333,3,RGB,JPEG,229531,1.5015015015015014,True,imagenet,real::imagenet,False,7d91c670acd113f5b3e1d67fd2c4b13c,3968,n01729322_14706.JPEG,False,
OF003970,fake,midjourney-7,base,2025-04,True,384,960,1200,3,RGB,PNG,1358886,0.8,True,midjourney-7,fake::midjourney-7,False,3aec9331388b11830a5efb7f1abb5de7,3970,546546.jpg,False,
OF003974,real,imagenet,real,,True,507,397,500,3,RGB,JPEG,270041,0.794,True,imagenet,real::imagenet,False,763d640d15d288fcbe2f2019c424a7e5,3974,n01751748_6065.JPEG,False,
OF003982,fake,midjourney-7,base,2025-04,True,627,816,1456,3,RGB,PNG,1151056,0.5604395604395604,True,midjourney-7,fake::midjourney-7,False,3ba4e25b331fbb6fc6121a00a2a1b429,3982,20302.jpg,False,
OF003988,fake,gpt-image-1.5,image,2026-01,True,754,1024,1536,3,RGB,PNG,2849730,0.6666666666666666,True,gpt-image-1.5,fake::gpt-image-1.5,False,25809149f2fb672b5c6978a5ba27d846,3988,0002446.jpg,False,
OF003993,fake,wan-video-2.5,video,2025-10,True,425,480,832,3,RGB,JPEG,96614,0.5769230769230769,True,wan-video-2.5,fake::wan-video-2.5,False,b7e8f80c2d0800d4cb99004be37ac4bf,3993,0301137.jpg,False,
OF003995,real,imagenet,real,,True,522,494,400,3,RGB,JPEG,133646,1.235,True,imagenet,real::imagenet,False,105ffa1ab5f4316f77549eb43023d8d2,3995,n01755581_3329.JPEG,False,
OF003996,fake,ideogram-2.0,base,unknown,True,21,1280,800,3,RGB,PNG,1474696,1.6,True,ideogram-2.0,fake::ideogram-2.0,False,6e6a48ad027e4b33b71e30aff46da560,3996,49870.jpg,False,
OF004001,fake,wan-video-2.5,video,2025-09,True,878,1080,1920,3,RGB,JPEG,397456,0.5625,True,wan-video-2.5,fake::wan-video-2.5,False,ccae96320f9b43ceab2b07b9864cb4e5,4001,0262009.jpg,False,
OF004003,real,imagenet,real,,True,671,500,375,3,RGB,JPEG,99584,1.3333333333333333,True,imagenet,real::imagenet,False,84a11ca117cadd47bd7f7e9d8e26aafd,4003,n01697457_11116.JPEG,False,
OF004004,fake,gpt-image-2,image,2026-04,True,1254,1024,1536,3,RGB,JPEG,342107,0.6666666666666666,True,gpt-image-2,fake::gpt-image-2,False,176ba3a825f21d708137230468bf3ad2,4004,0008946.jpg,False,
OF004007,real,docci,real,,True,468,2048,1536,3,RGB,JPEG,726039,1.3333333333333333,True,docci,real::docci,False,592390329cea6c894dcaca8c012e25b9,4007,train_07927.jpg,False,
OF004008,fake,ernie-image-turbo,image,2026-04,True,99,1024,1024,3,RGB,JPEG,213565,1.0,True,ernie-image-turbo,fake::ernie-image-turbo,False,10b8e009b9b49ba934eba07372fdc30d,4008,0077343.jpg,False,
OF004009,real,docci,real,,True,586,1536,2048,3,RGB,JPEG,431528,0.75,True,docci,real::docci,False,694cb658b31a2888870fd5076f928804,4009,test_02443.jpg,False,
OF004013,fake,ernie-image,image,2026-04,True,53,1024,1536,3,RGB,PNG,2399910,0.6666666666666666,True,ernie-image,fake::ernie-image,False,2d8ef2c18014d0dac6624072c300879d,4013,0036662.jpg,False,
OF004016,real,imagenet,real,,True,621,450,279,3,RGB,JPEG,90842,1.6129032258064515,True,imagenet,real::imagenet,False,1a149c275f4601b1348b4f85427039f3,4016,n01664065_17063.JPEG,False,
OF004017,real,imagenet,real,,True,490,500,494,3,RGB,JPEG,193040,1.0121457489878545,True,imagenet,real::imagenet,False,676c75935eb112a0ef94e561d279f0e2,4017,n01728920_9599.JPEG,False,
OF004018,fake,flux.2-klein-9b,Base,2026-01-14,True,688,1024,1024,3,RGB,JPEG,176693,1.0,True,flux.2-klein-9b,fake::flux.2-klein-9b,False,db6983b8c0bca184868d16f64ffb9539,4018,1149608.jpg,False,
OF004019,fake,recraft-v3,base,2024-10,True,631,600,800,3,RGB,JPEG,139759,0.75,True,recraft-v3,fake::recraft-v3,False,391ec75e487900b755254d5bf1d59b6c,4019,59465.jpg,False,
OF004020,fake,gpt-image-2,image,2026-04,True,116,1024,1536,3,RGB,JPEG,471993,0.6666666666666666,True,gpt-image-2,fake::gpt-image-2,False,4947bb8a0ae022a8a93a336038c6fd69,4020,0029878.jpg,False,
OF004021,real,docci,real,,True,549,480,360,3,RGB,JPEG,33943,1.3333333333333333,True,docci,real::docci,False,894485f16772d5d04493cb95b0f81d7a,4021,train_00632.jpg,False,
OF004023,fake,flux.2-klein-9b,Base,2026-01-14,True,781,1024,1024,3,RGB,JPEG,594623,1.0,True,flux.2-klein-9b,fake::flux.2-klein-9b,False,b0ee0a661208ccda7ffb2d19b82bf785,4023,1092063.jpg,False,
OF004024,fake,flux.2-klein-9b,Base,2026-01-14,True,518,1024,1024,3,RGB,JPEG,423621,1.0,True,flux.2-klein-9b,fake::flux.2-klein-9b,False,436ab289803b89aa47589e99a531dcb4,4024,1099884.jpg,False,
OF004025,fake,gpt-image-2,image,2026-04,True,987,1232,1536,3,RGB,WEBP,850634,0.8020833333333334,True,gpt-image-2,fake::gpt-image-2,False,6ded7960bfff391b6b9dcf6cafdfbb81,4025,0046808.jpg,False,
OF004026,fake,flux.2-klein-9b,Base,2026-01-14,True,534,1024,1024,3,RGB,JPEG,372817,1.0,True,flux.2-klein-9b,fake::flux.2-klein-9b,False,5809791b68b259d038f47b537324e490,4026,1100723.jpg,False,
OF004027,fake,recraft-v2,base,unknown,True,261,1024,1024,3,RGB,PNG,1456410,1.0,True,recraft-v2,fake::recraft-v2,False,e93fb599497f1d29a7faec13a4871ff0,4027,08359.jpg,False,
OF004029,fake,gpt-image-1.5,image,2026-01,True,552,1536,1024,3,RGB,JPEG,374390,1.5,True,gpt-image-1.5,fake::gpt-image-1.5,False,2e3c5b072945f6437ade684e83485a99,4029,0040923.jpg,False,
OF004035,real,docci,real,,True,545,2048,1536,3,RGB,JPEG,870739,1.3333333333333333,True,docci,real::docci,False,faaa51caaae4d2e428ecafb0dab70af2,4035,test_01604.jpg,False,
OF004038,fake,veo-3,video,2026-03,True,120,720,1280,3,RGB,JPEG,283005,0.5625,True,veo-3,fake::veo-3,False,e26bb0934dffe6448edc3b9c58931ba5,4038,0278220.jpg,False,
OF004040,fake,veo-3,video,2026-01,True,76,720,1280,3,RGB,JPEG,297635,0.5625,True,veo-3,fake::veo-3,False,2e6fe164c70e92b8ceb643038ea530d3,4040,0207526.jpg,False,
OF004041,real,imagenet,real,,True,321,200,162,3,RGB,JPEG,23391,1.2345679012345678,True,imagenet,real::imagenet,False,6bb87a34d98353b6e9c62dfaaad2e77d,4041,n01496331_1093.JPEG,False,
OF004043,real,imagenet,real,,True,701,500,357,3,RGB,JPEG,100929,1.4005602240896358,True,imagenet,real::imagenet,False,61a62e83a62b015d3f256b565dc45d15,4043,n01824575_3176.JPEG,False,
OF004047,fake,flux.2-klein-9b,Base,2026-01-14,True,716,1024,1024,3,RGB,JPEG,675218,1.0,True,flux.2-klein-9b,fake::flux.2-klein-9b,False,9367e14bcb2c2eec9ebfcabff2777362,4047,1096154.jpg,False,
OF004053,fake,frames-23-1-25,base,unknown,True,34,1920,1088,3,RGB,PNG,1826392,1.7647058823529411,True,frames-23-1-25,fake::frames-23-1-25,False,a1f70d5c931134d0d7e4e79c9f4592f7,4053,30698.jpg,False,
OF004055,fake,wan-video-2.5,video,2025-10,True,262,1190,1740,3,RGB,JPEG,309878,0.6839080459770115,True,wan-video-2.5,fake::wan-video-2.5,False,6b16d8a9eb158d6748bb20aa2cb75f69,4055,0304021.jpg,False,
OF004056,real,imagenet,real,,True,807,500,334,3,RGB,JPEG,133606,1.497005988023952,True,imagenet,real::imagenet,False,af55a8031fe24f9469c0cd2e24c67ae4,4056,n01697457_19928.JPEG,False,
OF004057,real,imagenet,real,,True,547,500,375,3,RGB,JPEG,126863,1.3333333333333333,True,imagenet,real::imagenet,False,25261e6e18474b6a684ac927c5aecdc3,4057,n01669191_1788.JPEG,False,
OF004060,fake,wan-video-2.5,video,2025-12,True,104,480,832,3,RGB,JPEG,122142,0.5769230769230769,True,wan-video-2.5,fake::wan-video-2.5,False,1461186c048ac90f5a76385eb237ce28,4060,0113410.jpg,False,
OF004063,real,docci,real,,True,760,1536,2048,3,RGB,JPEG,362540,0.75,True,docci,real::docci,False,591f71567ae71beb623bbce2fe7f48c4,4063,test_03253.jpg,False,
OF004065,fake,veo-3,video,2026-02,True,530,1440,2596,3,RGB,JPEG,712815,0.5546995377503852,True,veo-3,fake::veo-3,False,5f9b56b5e0c39e3fd509132c449f6e62,4065,0148832.jpg,False,
OF004066,fake,frames-23-1-25,base,unknown,True,21,1920,1088,3,RGB,PNG,1973808,1.7647058823529411,True,frames-23-1-25,fake::frames-23-1-25,False,34a050455669d39d25f9adccb4ee4e67,4066,34364.jpg,False,
OF004068,fake,gpt-image-1.5,image,2026-01,True,1312,4096,6144,3,RGB,JPEG,12940679,0.6666666666666666,True,gpt-image-1.5,fake::gpt-image-1.5,False,e652e151a09154757cf5d5a15fc1b6c4,4068,0043441.jpg,False,
OF004070,fake,halfmoon-4-4-25,base,unknown,True,308,1248,832,3,RGB,PNG,1577738,1.5,True,halfmoon-4-4-25,fake::halfmoon-4-4-25,False,ab18a4783cb4855f0fae47e3b33d1491,4070,44310.jpg,False,
OF004071,real,imagenet,real,,True,671,446,500,3,RGB,JPEG,116957,0.892,True,imagenet,real::imagenet,False,5587b6af4cfa9a2c0272a2e3cf8fb6e9,4071,n01774384_19675.JPEG,False,
OF004072,fake,flux.2-klein-9b,Base,2026-01-14,True,594,1024,1024,3,RGB,JPEG,385566,1.0,True,flux.2-klein-9b,fake::flux.2-klein-9b,False,352c5a1c8ac14c9bfda804c462161021,4072,956365.jpg,False,
OF004073,fake,frames-23-1-25,base,unknown,True,111,1920,1088,3,RGB,PNG,2933599,1.7647058823529411,True,frames-23-1-25,fake::frames-23-1-25,False,52412a24541eca644ca0196ea436802c,4073,40932.jpg,False,
OF004074,fake,recraft-v3,base,2024-10,True,356,600,800,3,RGB,JPEG,172011,0.75,True,recraft-v3,fake::recraft-v3,False,43359168390bae7ce7f9d1c6a9e200d5,4074,11435.jpg,False,
OF004079,fake,veo-3,video,2025-11,True,35,1280,720,3,RGB,JPEG,360652,1.7777777777777777,True,veo-3,fake::veo-3,False,38d3726d4a6c30aeaf3651001c04cd30,4079,0317297.jpg,False,
OF004080,real,docci,real,,True,575,2048,1536,3,RGB,JPEG,686983,1.3333333333333333,True,docci,real::docci,False,b970d5b69ca2ad9340698ba6ef04f493,4080,train_01083.jpg,False,
OF004082,real,imagenet,real,,True,645,500,413,3,RGB,JPEG,91877,1.2106537530266344,True,imagenet,real::imagenet,False,c4fbb0f0562ccd187fd06689a91bf40d,4082,n01667114_2022.JPEG,False,
OF004083,real,docci,real,,True,669,1535,2048,3,RGB,JPEG,312709,0.74951171875,True,docci,real::docci,False,6b44c3192c4ced9b81b396a1e09fa876,4083,train_06254.jpg,False,
OF004084,real,imagenet,real,,True,648,600,800,3,RGB,JPEG,142926,0.75,True,imagenet,real::imagenet,False,ea563aa20e6eeed6f97217b993964e3e,4084,n01748264_7651.JPEG,False,
OF004086,real,imagenet,real,,True,471,500,375,3,RGB,JPEG,136503,1.3333333333333333,True,imagenet,real::imagenet,False,fd213ea47e8b1f5cca275ac598ba3360,4086,n01729322_2358.JPEG,False,
OF004087,real,docci,real,,True,469,1600,1200,3,RGB,JPEG,213772,1.3333333333333333,True,docci,real::docci,False,afb64443439d9becb63c8a97e26f9f1b,4087,qual_test_00021.jpg,False,
OF004088,fake,illustrious,video,2026-04,True,121,512,768,3,RGB,JPEG,111426,0.6666666666666666,True,illustrious,fake::illustrious,False,343c98769e08be5b99c788e9e82e92d4,4088,0244674.jpg,False,
OF004089,fake,lumina-17-2-25,base,unknown,True,157,1024,1024,3,RGB,PNG,1252985,1.0,True,lumina-17-2-25,fake::lumina-17-2-25,False,a4cc36b4d44771f12a8f638e3da4bb2f,4089,09906.jpg,False,
OF004092,fake,gpt-image-1.5,image,2026-03,True,552,1024,1536,3,RGB,PNG,3285706,0.6666666666666666,True,gpt-image-1.5,fake::gpt-image-1.5,False,02f78100a2c643c8a8f5114d7894845a,4092,0022589.jpg,False,
OF004093,fake,flux.2-klein-9b,Base,2026-01-14,True,537,1024,1024,3,RGB,JPEG,552219,1.0,True,flux.2-klein-9b,fake::flux.2-klein-9b,False,a3ad351d643c93bba58e0ff0945f3b3e,4093,965737.jpg,False,
OF004097,real,imagenet,real,,True,354,500,334,3,RGB,JPEG,58299,1.497005988023952,True,imagenet,real::imagenet,False,f9ad212ce683b0ff32cb5fbca0fb7c74,4097,n01443537_5048.JPEG,False,
OF004101,real,docci,real,,True,780,2180,1634,3,RGB,JPEG,489583,1.3341493268053854,True,docci,real::docci,False,23fc0954c7e80b062c7d11d841a3ec0e,4101,test_03988.jpg,False,
OF004104,fake,midjourney-7,base,2025-04,True,385,1456,816,3,RGB,PNG,1874867,1.7843137254901962,True,midjourney-7,fake::midjourney-7,False,c723369389f7720e25fa4e4d3fb8c215,4104,44620.jpg,False,
OF004105,fake,gpt-image-1.5,image,2026-01,True,594,1536,1024,3,RGB,PNG,2122606,1.5,True,gpt-image-1.5,fake::gpt-image-1.5,False,be484ab7dad3835069c23740117f8eb4,4105,0028886.jpg,False,
OF004109,fake,veo-3,video,2025-08,True,691,1280,720,3,RGB,JPEG,224685,1.7777777777777777,True,veo-3,fake::veo-3,False,dd2f409a6514af53bb981c23d48bf302,4109,0148111.jpg,False,
OF004112,real,docci,real,,True,537,2048,1535,3,RGB,JPEG,744495,1.3342019543973942,True,docci,real::docci,False,184e664b89b1935f129f66eb14fcbfdd,4112,train_08298.jpg,False,
OF004116,fake,z-image-turbo,image,2026-02,True,436,832,1216,3,RGB,JPEG,125313,0.6842105263157895,True,z-image-turbo,fake::z-image-turbo,False,0c6c9f39736702fb2187e0ee35ebbb66,4116,0044408.jpg,False,
OF004119,fake,midjourney-7,base,2025-04,True,617,1024,1024,3,RGB,PNG,1446522,1.0,True,midjourney-7,fake::midjourney-7,False,b29e6e947b4db6d3571e025e1789c434,4119,590940.jpg,False,
OF004121,fake,sora-2,image,2025-05,True,577,1024,1536,3,RGB,JPEG,229238,0.6666666666666666,True,sora-2,fake::sora-2,False,ca244702670d56cacb45c750ed8d31fb,4121,0078645.jpg,False,
OF004122,real,docci,real,,True,580,2048,1535,3,RGB,JPEG,473190,1.3342019543973942,True,docci,real::docci,False,6dbcea852328eca25dbcee0b7732dfe7,4122,train_00427.jpg,False,
OF004124,real,docci,real,,True,535,480,359,3,RGB,JPEG,33197,1.3370473537604457,True,docci,real::docci,False,359aeb62c8269d598a1185f72f620c98,4124,train_05427.jpg,False,
OF004126,real,imagenet,real,,True,811,500,500,3,RGB,JPEG,175669,1.0,True,imagenet,real::imagenet,False,b1fc2b3820a284b323a201a35350cc53,4126,n01807496_17258.JPEG,False,
OF004127,fake,lumina-17-2-25,base,unknown,True,207,1024,1024,3,RGB,PNG,1177491,1.0,True,lumina-17-2-25,fake::lumina-17-2-25,False,d6d1da10f3a4295a74a3cd6bfe4af000,4127,37755.jpg,False,
OF004128,fake,z-image-turbo,image,2026-02,True,1755,896,1152,3,RGB,PNG,2089077,0.7777777777777778,True,z-image-turbo,fake::z-image-turbo,False,1fd43447c2743d4ab227696111f64783,4128,0045273.jpg,False,
OF004131,real,docci,real,,True,645,1536,2048,3,RGB,JPEG,427441,0.75,True,docci,real::docci,False,5ecaba4493437e247855df7a92219781,4131,train_08625.jpg,False,
OF004132,fake,z-image-turbo,video,2026-04,True,305,912,1344,3,RGB,JPEG,291837,0.6785714285714286,True,z-image-turbo,fake::z-image-turbo,False,ca5990a5f8b2aa9fba61902631ba67cb,4132,0266310.jpg,False,
OF004133,real,docci,real,,True,526,1536,2048,3,RGB,JPEG,911971,0.75,True,docci,real::docci,False,ec59dd881dbfa9357796aabf17181c84,4133,train_05063.jpg,False,
OF004135,real,docci,real,,True,564,2048,1536,3,RGB,JPEG,220215,1.3333333333333333,True,docci,real::docci,False,a4a429df4d6cb8e633970d496fadeb6f,4135,train_00279.jpg,False,
OF004138,fake,z-image-turbo,Base,2025-11-25,True,704,1024,1024,3,RGB,JPEG,432560,1.0,True,z-image-turbo,fake::z-image-turbo,False,e33c314883c49a491e72a6fe418ef9bb,4138,1152920.jpg,False,
OF004140,fake,lumina-17-2-25,base,unknown,True,45,1024,1024,3,RGB,PNG,408626,1.0,True,lumina-17-2-25,fake::lumina-17-2-25,False,8ecb068a1a86c3015b0e80e6dc7b3e05,4140,54794.jpg,False,
OF004142,fake,lumina-17-2-25,base,unknown,True,51,1024,1024,3,RGB,PNG,685851,1.0,True,lumina-17-2-25,fake::lumina-17-2-25,False,700793980655ed07ec7f8d0f2246c51f,4142,05273.jpg,False,
OF004143,fake,veo-3,video,2026-02,True,87,1280,720,3,RGB,JPEG,292896,1.7777777777777777,True,veo-3,fake::veo-3,False,c23f1e42219883f01e786fd4115045f7,4143,0243576.jpg,False,
OF004144,real,imagenet,real,,True,625,500,334,3,RGB,JPEG,100299,1.497005988023952,True,imagenet,real::imagenet,False,80d3bf40944827864b15bde109bf73ca,4144,n01775062_133.JPEG,False,
OF004145,fake,recraft-v3,base,2024-10,True,503,600,600,3,RGB,JPEG,198381,1.0,True,recraft-v3,fake::recraft-v3,False,bb99a4196be747d21b870309e325a92b,4145,03169.jpg,False,
OF004146,real,imagenet,real,,True,356,500,392,3,RGB,JPEG,107178,1.2755102040816326,True,imagenet,real::imagenet,False,b7f5d7dff0f85b9c788806436016d353,4146,n01580077_3237.JPEG,False,
OF004147,fake,illustrious,image,2025-05,True,739,1216,832,3,RGB,JPEG,194963,1.4615384615384617,True,illustrious,fake::illustrious,False,7d41a7024c226d61655d08e557681775,4147,0055050.jpg,False,
OF004149,real,imagenet,real,,True,545,224,288,3,RGB,JPEG,18141,0.7777777777777778,True,imagenet,real::imagenet,False,e1415f3f3ac5a7154012ef3d94ccb2cb,4149,n01773549_4157.JPEG,False,
OF004151,fake,midjourney-7,base,2025-04,True,696,1024,1024,3,RGB,PNG,1266170,1.0,True,midjourney-7,fake::midjourney-7,False,9670b869d3d0eba73ef251e5ba850a33,4151,736747.jpg,False,
OF004152,fake,midjourney-7,base,2025-04,True,626,1024,1024,3,RGB,PNG,1442863,1.0,True,midjourney-7,fake::midjourney-7,False,7ac31edad40b50bcf671bdfc58c86346,4152,455556.jpg,False,
OF004164,real,docci,real,,True,592,1535,2048,3,RGB,JPEG,405957,0.74951171875,True,docci,real::docci,False,81345ae10a7dd637870706a9f93be140,4164,train_00101.jpg,False,
OF004170,real,docci,real,,True,602,2048,1536,3,RGB,JPEG,842124,1.3333333333333333,True,docci,real::docci,False,a1cfd274a5136290ff58cdc914a4599b,4170,train_04654.jpg,False,
OF004171,real,docci,real,,True,639,2048,1536,3,RGB,JPEG,947595,1.3333333333333333,True,docci,real::docci,False,ce861308eb441bbb3053583d6b129564,4171,train_06143.jpg,False,
OF004174,fake,recraft-v3,base,2024-10,True,730,600,300,3,RGB,JPEG,82556,2.0,True,recraft-v3,fake::recraft-v3,False,b8ebe12752cca994f3c0f786b03b152d,4174,27646.jpg,False,
OF004175,fake,flux.2-klein-9b,image,2026-04,True,38,1632,2448,3,RGB,PNG,6034796,0.6666666666666666,True,flux.2-klein-9b,fake::flux.2-klein-9b,False,dd0f3f2a30da268d8010a40486b9475b,4175,0052053.jpg,False,
OF004176,real,docci,real,,True,635,2048,1536,3,RGB,JPEG,1067091,1.3333333333333333,True,docci,real::docci,False,cf896fd6dee303c959e771fe5ec02383,4176,train_09291.jpg,False,
OF004180,real,imagenet,real,,True,438,473,500,3,RGB,JPEG,196145,0.946,True,imagenet,real::imagenet,False,f7c177ba79010f80507101277fff4b12,4180,n01601694_9862.JPEG,False,
OF004181,real,imagenet,real,,True,723,691,600,3,RGB,JPEG,258167,1.1516666666666666,True,imagenet,real::imagenet,False,d0a807a927960d96c4d2560dc9fa3679,4181,n01775062_1915.JPEG,False,
OF004185,real,imagenet,real,,True,528,577,495,3,RGB,JPEG,114391,1.1656565656565656,True,imagenet,real::imagenet,False,0f9cbdd995f6897720689c76f7a56ed6,4185,n01530575_2846.JPEG,False,
OF004186,fake,midjourney-7,base,2025-04,True,593,1024,1024,3,RGB,PNG,1474363,1.0,True,midjourney-7,fake::midjourney-7,False,ba7a8a7c76a8878bdd39793e5d3f684c,4186,491381.jpg,False,
OF004187,fake,sora-2,video,2026-02,True,608,1280,704,3,RGB,JPEG,198271,1.818181818181818,True,sora-2,fake::sora-2,False,5c00ba7a4e2e81fa0221b9f4ff956626,4187,0239999.jpg,False,
OF004190,real,docci,real,,True,745,1536,2048,3,RGB,JPEG,402479,0.75,True,docci,real::docci,False,7b81b4154522ab4414fd010a738d7098,4190,train_00305.jpg,False,
OF004191,fake,ernie-image-turbo,image,2026-04,True,665,1024,1024,3,RGB,JPEG,175401,1.0,True,ernie-image-turbo,fake::ernie-image-turbo,False,1e18cbb21f2686753c01e3fb8dcdb2fc,4191,0035153.jpg,False,
OF004194,fake,flux.2-klein-9b,Base,2026-01-14,True,565,1024,1024,3,RGB,JPEG,580556,1.0,True,flux.2-klein-9b,fake::flux.2-klein-9b,False,5e257c4f6833b1186354f2c1890b89d6,4194,1086728.jpg,False,
OF004195,fake,ernie-image,image,2026-04,True,643,720,1280,3,RGB,PNG,1551819,0.5625,True,ernie-image,fake::ernie-image,False,1acce47535c878042d8f4fc36e6cee7c,4195,0034461.jpg,False,
OF004198,real,docci,real,,True,462,2048,1536,3,RGB,JPEG,500261,1.3333333333333333,True,docci,real::docci,False,fe1a536eea2b1182af9b3bf8fb95a487,4198,train_03158.jpg,False,
OF004199,fake,seedream-v5.0,image,2026-03,True,185,2048,2048,3,RGB,JPEG,463597,1.0,True,seedream-v5.0,fake::seedream-v5.0,False,98e8f2080e223425b8a0fe42042cd888,4199,0029621.jpg,False,
OF004201,real,docci,real,,True,744,2048,1536,3,RGB,JPEG,570799,1.3333333333333333,True,docci,real::docci,False,67d9cd16687c69b69d44878df49c3083,4201,test_00944.jpg,False,
OF004204,real,imagenet,real,,True,465,500,375,3,RGB,JPEG,129299,1.3333333333333333,True,imagenet,real::imagenet,False,2d6c46aec8be0a67130221d91e436537,4204,n01824575_906.JPEG,False,
OF004210,fake,gpt-image-1.5,image,2026-01,True,151,1536,1024,3,RGB,PNG,2448445,1.5,True,gpt-image-1.5,fake::gpt-image-1.5,False,f08734e50f69d8108819888e1ad2bae7,4210,0075140.jpg,False,
OF004212,fake,z-image-turbo,image,2025-12,True,97,1392,2048,3,RGB,PNG,3416742,0.6796875,True,z-image-turbo,fake::z-image-turbo,False,e2c79f3f28156eea17b1ef6e9b241067,4212,0091654.jpg,False,
OF004213,fake,z-image-turbo,image,2025-12,True,790,832,1216,3,RGB,JPEG,417419,0.6842105263157895,True,z-image-turbo,fake::z-image-turbo,False,b7eb42b1aef76db7346ed9dab67cea45,4213,0009074.jpg,False,
OF004214,real,imagenet,real,,True,235,300,195,3,RGB,JPEG,19961,1.5384615384615383,True,imagenet,real::imagenet,False,ba9ad25360a5c9bed99f724038ded5e3,4214,n01694178_5372.JPEG,False,
OF004216,real,docci,real,,True,646,1536,2048,3,RGB,JPEG,312356,0.75,True,docci,real::docci,False,62fedb213205ab462d8bcd3f0ea8090b,4216,test_04751.jpg,False,
OF004217,fake,wan-video-2.5,video,2026-01,True,272,828,1114,3,RGB,JPEG,223302,0.7432675044883303,True,wan-video-2.5,fake::wan-video-2.5,False,e415e31d9fca26a0a11b8387f60c41b7,4217,0301431.jpg,False,
OF004218,fake,sora-2,image,2025-07,True,612,1024,1536,3,RGB,JPEG,239819,0.6666666666666666,True,sora-2,fake::sora-2,False,73d7fdad78694ff6d69a7591c61ebac9,4218,0027343.jpg,False,
OF004220,real,docci,real,,True,626,1536,2048,3,RGB,JPEG,542733,0.75,True,docci,real::docci,False,6c3956748e8bfe2ae5d79be20842a093,4220,test_03902.jpg,False,
OF004223,real,imagenet,real,,True,311,320,214,3,RGB,JPEG,21332,1.4953271028037385,True,imagenet,real::imagenet,False,9ea7e8ac2cd76a27be87e190bef679d1,4223,n01740131_12217.JPEG,False,
OF004225,fake,gpt-image-1.5,image,2026-01,True,843,1024,1536,3,RGB,WEBP,198332,0.6666666666666666,True,gpt-image-1.5,fake::gpt-image-1.5,False,e8dc2f9671090c5d0b50666749260e51,4225,0061014.jpg,False,
OF004226,fake,gpt-image-1.5,image,2026-01,True,395,4096,6144,3,RGB,JPEG,2415140,0.6666666666666666,True,gpt-image-1.5,fake::gpt-image-1.5,False,a89fd789eef65fa94392fccc34a125b5,4226,0100504.jpg,False,
OF004232,real,imagenet,real,,True,659,500,399,3,RGB,JPEG,131712,1.2531328320802004,True,imagenet,real::imagenet,False,e2e25b2d5105f86221615290102856ac,4232,n01698640_1238.JPEG,False,
OF004233,real,docci,real,,True,490,2048,1536,3,RGB,JPEG,729366,1.3333333333333333,True,docci,real::docci,False,4ec0c29d434c9c08dec38f0e86c7dc13,4233,test_01718.jpg,False,
OF004235,fake,flux.2-klein-9b,Base,2026-01-14,True,685,1024,1024,3,RGB,JPEG,440669,1.0,True,flux.2-klein-9b,fake::flux.2-klein-9b,False,685cee48610b994b6a034d22dec1945b,4235,1100972.jpg,False,
OF004238,real,imagenet,real,,True,589,960,720,3,RGB,JPEG,178672,1.3333333333333333,True,imagenet,real::imagenet,False,7c03d2b218ffb4b17c298328c79c36ac,4238,n01685808_7958.JPEG,False,
OF004240,fake,z-image-turbo,Base,2025-11-25,True,586,1024,1024,3,RGB,JPEG,367913,1.0,True,z-image-turbo,fake::z-image-turbo,False,0d1ff25d4d639b462b4b4a412c8d527a,4240,978800.jpg,False,
OF004247,real,imagenet,real,,True,302,500,375,3,RGB,JPEG,110276,1.3333333333333333,True,imagenet,real::imagenet,False,aa1bcc45e7b76dce5f727acb255581ae,4247,n01496331_4208.JPEG,False,
OF004248,fake,recraft-v3,base,2024-10,True,703,600,600,3,RGB,JPEG,156037,1.0,True,recraft-v3,fake::recraft-v3,False,2821dd9d1fe998cb89b4f38af4cc5d2d,4248,46514.jpg,False,
OF004250,real,imagenet,real,,True,642,500,375,3,RGB,JPEG,138647,1.3333333333333333,True,imagenet,real::imagenet,False,c8330e8edfa9b4658c6872bbd9f2b0f6,4250,n01494475_11970.JPEG,False,
OF004253,real,docci,real,,True,658,2048,1536,3,RGB,JPEG,892905,1.3333333333333333,True,docci,real::docci,False,b64978e716b6e61feeaffcf160fac869,4253,test_01760.jpg,False,
OF004255,fake,illustrious,image,2025-09,True,782,2560,3840,4,RGBA,PNG,17039926,0.6666666666666666,True,illustrious,fake::illustrious,False,ba5ab59654687ef14ec7cc502f52d38b,4255,0100690.jpg,False,
OF004257,fake,illustrious,image,2026-03,True,547,832,1216,3,RGB,JPEG,220576,0.6842105263157895,True,illustrious,fake::illustrious,False,4b3a2151d84eef8e8a510e2e1dfed292,4257,0054971.jpg,False,
OF004258,real,docci,real,,True,478,2048,1536,3,RGB,JPEG,1005960,1.3333333333333333,True,docci,real::docci,False,cfb82b2ef00f830bf9a8d55adde0bf14,4258,train_04057.jpg,False,
OF004259,real,imagenet,real,,True,554,500,333,3,RGB,JPEG,160639,1.5015015015015014,True,imagenet,real::imagenet,False,af6ec56656fc2fd322a1e33ff2acb6ce,4259,n01632458_9226.JPEG,False,
OF004260,fake,wan-video-2.5,video,2026-01,True,23,1196,1734,3,RGB,JPEG,738772,0.6897347174163783,True,wan-video-2.5,fake::wan-video-2.5,False,37771b2fb68901e664754b4b28cd22e0,4260,0298950.jpg,False,
OF004262,fake,gpt-image-1.5,image,2026-02,True,1442,1024,1536,3,RGB,JPEG,174459,0.6666666666666666,True,gpt-image-1.5,fake::gpt-image-1.5,False,733d947f4aa0a74f8acde36a304a9489,4262,0077894.jpg,False,
OF004263,fake,illustrious,image,2026-04,True,611,1248,1824,3,RGB,JPEG,330420,0.6842105263157895,True,illustrious,fake::illustrious,False,dbc8b2a22f5d3bef6e04eadf6fed5c87,4263,0076725.jpg,False,
OF004264,real,docci,real,,True,769,1536,2048,3,RGB,JPEG,183382,0.75,True,docci,real::docci,False,84fea45c3001dd073596c96ca62ab2a1,4264,train_08701.jpg,False,
OF004266,fake,midjourney-7,base,2025-04,True,617,1024,1024,3,RGB,PNG,1554209,1.0,True,midjourney-7,fake::midjourney-7,False,1ba80df5fe5ddafd842ab6ae29bbba4b,4266,377640.jpg,False,
OF004270,fake,illustrious,image,2025-07,True,670,1280,1856,3,RGB,JPEG,455231,0.6896551724137931,True,illustrious,fake::illustrious,False,e30aa3140c0ff5cb19579d5a6943d253,4270,0005447.jpg,False,
OF004273,real,imagenet,real,,True,635,391,500,3,RGB,JPEG,158777,0.782,True,imagenet,real::imagenet,False,07a36c54960df30acb7e3f5c6bead0cf,4273,n01685808_1469.JPEG,False,
OF004279,fake,ernie-image,image,2026-04,True,511,880,1184,3,RGB,PNG,1129908,0.7432432432432432,True,ernie-image,fake::ernie-image,False,83fc0ea1a926796242a875790706fa8a,4279,0002064.jpg,False,
OF004280,real,docci,real,,True,557,2048,1536,3,RGB,JPEG,172453,1.3333333333333333,True,docci,real::docci,False,40b731dba5519cd2ff8a85811401afba,4280,train_05991.jpg,False,
OF004281,fake,ernie-image-turbo,image,2026-04,True,263,1024,1536,3,RGB,JPEG,347233,0.6666666666666666,True,ernie-image-turbo,fake::ernie-image-turbo,False,24e74f9cdd6222ec129ac38a63d3a7db,4281,0061347.jpg,False,
OF004285,real,imagenet,real,,True,590,500,375,3,RGB,JPEG,187701,1.3333333333333333,True,imagenet,real::imagenet,False,59415a64a59d376caa916d3329f693cd,4285,n01665541_1032.JPEG,False,
OF004286,fake,z-image-turbo,image,2026-04,True,184,1216,832,3,RGB,PNG,1209429,1.4615384615384617,True,z-image-turbo,fake::z-image-turbo,False,712b074c228854310407345b6789169e,4286,0024946.jpg,False,
OF004287,fake,flux.2-klein-9b,Base,2026-01-14,True,734,1024,1024,3,RGB,JPEG,228322,1.0,True,flux.2-klein-9b,fake::flux.2-klein-9b,False,26454a575d7defb710f9f5cd8f63cc17,4287,943227.jpg,False,
OF004290,fake,midjourney-7,base,2025-04,True,623,816,1456,3,RGB,PNG,1385945,0.5604395604395604,True,midjourney-7,fake::midjourney-7,False,80faac67d546d504cf9d0cf911f0d3d1,4290,923387.jpg,False,
OF004303,real,docci,real,,True,543,2048,1536,3,RGB,JPEG,920705,1.3333333333333333,True,docci,real::docci,False,cdf5220ba8b3f5c19438a7776d902609,4303,train_01287.jpg,False,
OF004305,real,imagenet,real,,True,442,200,125,3,RGB,JPEG,8144,1.6,True,imagenet,real::imagenet,False,fcaefd6fb2cfab7be74aac481d6c4562,4305,n01740131_5930.JPEG,False,
OF004307,real,docci,real,,True,651,2048,1536,3,RGB,JPEG,450712,1.3333333333333333,True,docci,real::docci,False,307226d7fba68545b41e566b641b38e2,4307,train_05022.jpg,False,
OF004312,fake,z-image-turbo,image,2026-04,True,620,832,1216,3,RGB,JPEG,234256,0.6842105263157895,True,z-image-turbo,fake::z-image-turbo,False,809b3076ba4c5efaf52a19ac271a85f4,4312,0013351.jpg,False,
OF004314,real,docci,real,,True,632,1536,2048,3,RGB,JPEG,428456,0.75,True,docci,real::docci,False,8febfef978072b69fa550ebb41ae2e50,4314,test_03132.jpg,False,
OF004315,fake,z-image-turbo,Base,2025-11-25,True,486,1024,1024,3,RGB,JPEG,197876,1.0,True,z-image-turbo,fake::z-image-turbo,False,2d097df85cae1acbd5212f06da9616a8,4315,938253.jpg,False,
OF004316,real,imagenet,real,,True,544,320,240,3,RGB,JPEG,7060,1.3333333333333333,True,imagenet,real::imagenet,False,9f5e89059d36edb04483a0d9e92090e2,4316,n01632777_16801.JPEG,False,
OF004319,real,docci,real,,True,845,1536,2048,3,RGB,JPEG,407657,0.75,True,docci,real::docci,False,196d21dc269b352d0a1ba954cacf8513,4319,test_04092.jpg,False,
OF004320,fake,flux.2-klein-9b,Base,2026-01-14,True,703,1024,1024,3,RGB,JPEG,429326,1.0,True,flux.2-klein-9b,fake::flux.2-klein-9b,False,8df03388cc319be1109dda2f2409cae7,4320,981524.jpg,False,
OF004324,fake,z-image-turbo,image,2025-12,True,1269,1024,1280,3,RGB,PNG,2920885,0.8,True,z-image-turbo,fake::z-image-turbo,False,4e5cdb49c25bb4ec85acdef76da45237,4324,0076478.jpg,False,
OF004325,fake,flux.2-klein-9b,Base,2026-01-14,True,523,1024,1024,3,RGB,JPEG,497994,1.0,True,flux.2-klein-9b,fake::flux.2-klein-9b,False,9074e36032dcacb6173d000ef2124142,4325,940305.jpg,False,
OF004326,real,imagenet,real,,True,727,500,375,3,RGB,JPEG,118267,1.3333333333333333,True,imagenet,real::imagenet,False,ab16e6a1dc5a4fc57549159d94a92ef6,4326,n01735189_18816.JPEG,False,
OF004328,fake,ernie-image-turbo,image,2026-04,True,220,1024,1536,3,RGB,JPEG,352537,0.6666666666666666,True,ernie-image-turbo,fake::ernie-image-turbo,False,2581186f4575a4c1c83a80cfa4cff60b,4328,0050861.jpg,False,
OF004329,fake,z-image-turbo,Base,2025-11-25,True,606,1024,1024,3,RGB,JPEG,185427,1.0,True,z-image-turbo,fake::z-image-turbo,False,827811822b6660990af3fe3e0179680c,4329,1133267.jpg,False,
OF004333,real,imagenet,real,,True,407,500,375,3,RGB,JPEG,79235,1.3333333333333333,True,imagenet,real::imagenet,False,7fa946f78e459edba6389a3fd3be3dc8,4333,n01729322_3151.JPEG,False,
OF004334,fake,ernie-image,image,2026-04,True,1011,848,1264,3,RGB,JPEG,310883,0.6708860759493671,True,ernie-image,fake::ernie-image,False,6c02b6c83c175b83dc1d27ed8fda42f5,4334,0081657.jpg,False,
OF004335,fake,seedream-v5.0,image,2026-03,True,1673,2560,1440,3,RGB,JPEG,411095,1.7777777777777777,True,seedream-v5.0,fake::seedream-v5.0,False,abaad485b8cd553c41375348f2f6bb36,4335,0049876.jpg,False,
OF004338,fake,sora-2,video,2026-03,True,7,720,1310,3,RGB,JPEG,226203,0.549618320610687,True,sora-2,fake::sora-2,False,708b2caddc33ced28de76f56f5ba4a98,4338,0156876.jpg,False,
OF004340,fake,veo-3,video,2025-08,True,603,1280,720,3,RGB,JPEG,291228,1.7777777777777777,True,veo-3,fake::veo-3,False,767bc79e6d11d98b13dfa21b3f521787,4340,0272770.jpg,False,
OF004341,real,docci,real,,True,803,1536,2048,3,RGB,JPEG,495813,0.75,True,docci,real::docci,False,b1d1ea0387b361c72d1de5df6d455c72,4341,train_00605.jpg,False,
OF004342,fake,flux.2-klein-9b,Base,2026-01-14,True,692,1024,1024,3,RGB,JPEG,342396,1.0,True,flux.2-klein-9b,fake::flux.2-klein-9b,False,3e4003b0cdb6252738eb953717afdeda,4342,1074982.jpg,False,
OF004343,real,imagenet,real,,True,560,640,576,3,RGB,JPEG,79623,1.1111111111111112,True,imagenet,real::imagenet,False,41ec1d967f1553cc7546b440dfd19490,4343,n01675722_3291.JPEG,False,
OF004344,fake,ernie-image,image,2026-04,True,53,1024,1536,3,RGB,PNG,3069238,0.6666666666666666,True,ernie-image,fake::ernie-image,False,948609b860fb81c5c3b794791ec597d4,4344,0035001.jpg,False,
OF004348,real,imagenet,real,,True,694,3264,2448,3,RGB,JPEG,589413,1.3333333333333333,True,imagenet,real::imagenet,False,9a1a926900225869b6603d8010097ded,4348,n01744401_11414.JPEG,False,
OF004349,fake,illustrious,image,2025-09,True,669,780,928,4,RGBA,PNG,1100402,0.8405172413793104,True,illustrious,fake::illustrious,False,fffb792437ba1ca25b7b0d780734bf9d,4349,0056062.jpg,False,
OF004350,fake,aurora-20-1-25,base,unknown,True,89,1024,768,3,RGB,PNG,808659,1.3333333333333333,True,aurora-20-1-25,fake::aurora-20-1-25,False,95205ab17c3fea3af9f84ce9e6316e87,4350,34481.jpg,False,
OF004352,fake,veo-3,video,2025-09,True,407,1080,1920,3,RGB,JPEG,1039575,0.5625,True,veo-3,fake::veo-3,False,4633a07037498f2473b455a644d365c9,4352,0192582.jpg,False,
OF004356,real,imagenet,real,,True,695,500,333,3,RGB,JPEG,103026,1.5015015015015014,True,imagenet,real::imagenet,False,fddc658c13bd94c70ac5ec2a885143b2,4356,n01601694_10419.JPEG,False,
OF004358,real,imagenet,real,,True,544,240,206,3,RGB,JPEG,66534,1.1650485436893203,True,imagenet,real::imagenet,False,5228807026036eafc896d3fabf97ad39,4358,n01665541_15180.JPEG,False,
OF004359,real,imagenet,real,,True,283,500,400,3,RGB,JPEG,167129,1.25,True,imagenet,real::imagenet,False,904b11fab5d862c4f2bc56aaee6a1e36,4359,n01534433_1527.JPEG,False,
OF004361,fake,illustrious,image,2026-04,True,646,1024,1024,4,RGBA,PNG,1693165,1.0,True,illustrious,fake::illustrious,False,c75b82f929b2be22109732767a53c8ca,4361,0072159.jpg,False,
OF004363,real,docci,real,,True,712,2180,1634,3,RGB,JPEG,492721,1.3341493268053854,True,docci,real::docci,False,5e0d60bb46704beeed7cc37b9f20687a,4363,train_04567.jpg,False,
OF004364,real,docci,real,,True,673,2048,1535,3,RGB,JPEG,369078,1.3342019543973942,True,docci,real::docci,False,6c325d73d0fa7b563f4f84dcb4f4cb30,4364,train_07425.jpg,False,
OF004365,fake,wan-video-2.5,video,2025-12,True,104,632,632,3,RGB,JPEG,109486,1.0,True,wan-video-2.5,fake::wan-video-2.5,False,6a71d7127aefcf43d6e9547c0e6e5ed7,4365,0290733.jpg,False,
OF004369,fake,z-image-turbo,Base,2025-11-25,True,619,1024,1024,3,RGB,JPEG,252504,1.0,True,z-image-turbo,fake::z-image-turbo,False,aec9a174fa6f4b3f85756f060d2be077,4369,1132791.jpg,False,
OF004371,fake,gpt-image-2,image,2026-04,True,164,2160,3240,3,RGB,JPEG,2192746,0.6666666666666666,True,gpt-image-2,fake::gpt-image-2,False,71cf552880c62ec985f3a3ec9cc1efc4,4371,0016524.jpg,False,
OF004372,fake,z-image-turbo,Base,2025-11-25,True,454,1024,1024,3,RGB,JPEG,254686,1.0,True,z-image-turbo,fake::z-image-turbo,False,41c6d327455c1c50e0aa88a7d7de3c6e,4372,1104495.jpg,False,
OF004373,real,docci,real,,True,502,1536,2048,3,RGB,JPEG,205367,0.75,True,docci,real::docci,False,c979758d352c3bdc9de3503490802094,4373,test_03109.jpg,False,
OF004374,real,imagenet,real,,True,526,640,480,3,RGB,JPEG,75261,1.3333333333333333,True,imagenet,real::imagenet,False,5ec532c6a2c2f034328ca5bad03c90cd,4374,n01675722_113.JPEG,False,
OF004375,fake,veo-3,video,2025-11,True,725,1280,720,3,RGB,JPEG,304069,1.7777777777777777,True,veo-3,fake::veo-3,False,5a346a23cb5642db542499eaa7fc86ab,4375,0118134.jpg,False,
OF004376,real,docci,real,,True,556,2048,1536,3,RGB,JPEG,514871,1.3333333333333333,True,docci,real::docci,False,25b7213213538705e9254767ebaecd81,4376,test_04169.jpg,False,
OF004379,real,docci,real,,True,601,2048,1536,3,RGB,JPEG,561234,1.3333333333333333,True,docci,real::docci,False,34d5fa29089eef10296a45048df9cdda,4379,train_09552.jpg,False,
OF004380,fake,gpt-image-1.5,image,2026-02,True,678,1024,1536,3,RGB,PNG,2480683,0.6666666666666666,True,gpt-image-1.5,fake::gpt-image-1.5,False,f3de50551c08c1c51226f241abd42418,4380,0098383.jpg,False,
OF004382,fake,gpt-image-1.5,image,2026-04,True,797,1024,1536,3,RGB,JPEG,359164,0.6666666666666666,True,gpt-image-1.5,fake::gpt-image-1.5,False,7b02456992b62d0885b900679059f2d1,4382,0093926.jpg,False,
OF004385,real,docci,real,,True,519,2048,1536,3,RGB,JPEG,566802,1.3333333333333333,True,docci,real::docci,False,af4228f586b90b64d831a44d5acae901,4385,train_09027.jpg,False,
OF004386,real,imagenet,real,,True,686,500,307,3,RGB,JPEG,194648,1.6286644951140066,True,imagenet,real::imagenet,False,d53cc7b0e08b3cfcd7b2c375f9dd5c29,4386,n01728572_29617.JPEG,False,
OF004389,real,imagenet,real,,True,602,500,375,3,RGB,JPEG,196349,1.3333333333333333,True,imagenet,real::imagenet,False,8f4ff1bb7f437e0406c49c90cc093354,4389,n01704323_9621.JPEG,False,
OF004390,real,docci,real,,True,654,1536,2048,3,RGB,JPEG,492971,0.75,True,docci,real::docci,False,14a2366907e74eb2a123cda3710a8bb2,4390,train_05756.jpg,False,
OF004393,real,imagenet,real,,True,503,575,568,3,RGB,JPEG,66195,1.0123239436619718,True,imagenet,real::imagenet,False,a8054b273bd96b4fbbe3ae17b2828422,4393,n01828970_7767.JPEG,False,
OF004394,real,imagenet,real,,True,574,403,275,3,RGB,JPEG,88361,1.4654545454545456,True,imagenet,real::imagenet,False,677360bbeafc2567bcf1eb056627702d,4394,n01748264_10587.JPEG,False,
OF004395,real,docci,real,,True,584,2048,1535,3,RGB,JPEG,223216,1.3342019543973942,True,docci,real::docci,False,f8d19f584cb813a66f6a8c35f36cc4d0,4395,train_08982.jpg,False,
OF004397,fake,ernie-image-turbo,image,2026-04,True,117,1024,1024,3,RGB,JPEG,206211,1.0,True,ernie-image-turbo,fake::ernie-image-turbo,False,66cdd68a2f32b727453b0a7871ac76ab,4397,0082587.jpg,False,
OF004404,fake,illustrious,image,2025-10,True,742,2688,3840,3,RGB,JPEG,1360174,0.7,True,illustrious,fake::illustrious,False,64a99320c1103f1f302f8357ce1a662b,4404,0046953.jpg,False,
OF004407,real,docci,real,,True,593,2048,1536,3,RGB,JPEG,1184806,1.3333333333333333,True,docci,real::docci,False,1390fdff624d3473c8880bcb6aedfa94,4407,train_05492.jpg,False,
OF004408,real,docci,real,,True,577,1536,2048,3,RGB,JPEG,471288,0.75,True,docci,real::docci,False,c875edb33a7a9b32916be9f2789939d9,4408,train_08907.jpg,False,
OF004410,fake,z-image-turbo,image,2026-02,True,36,1024,1368,3,RGB,PNG,2667027,0.7485380116959064,True,z-image-turbo,fake::z-image-turbo,False,e003c7359098aef57c7682aec4564526,4410,0043831.jpg,False,
OF004415,fake,flux.2-klein-9b,Base,2026-01-14,True,516,1024,1024,3,RGB,JPEG,198888,1.0,True,flux.2-klein-9b,fake::flux.2-klein-9b,False,b25e3c1d8aa3d9fc165c5a1d9cf4b897,4415,939446.jpg,False,
OF004416,real,docci,real,,True,648,2048,1536,3,RGB,JPEG,856227,1.3333333333333333,True,docci,real::docci,False,de7ae0a5ec49624d07677e02b893f227,4416,test_00081.jpg,False,
OF004417,fake,z-image-turbo,image,2026-03,True,649,1088,1920,3,RGB,PNG,2808714,0.5666666666666667,True,z-image-turbo,fake::z-image-turbo,False,85651853a26af1356b97a5f2be48d7f2,4417,0041647.jpg,False,
OF004419,real,imagenet,real,,True,687,500,333,3,RGB,JPEG,89562,1.5015015015015014,True,imagenet,real::imagenet,False,d784980589ca38634a3b36aefd36666e,4419,n01773797_3922.JPEG,False,
OF004420,real,imagenet,real,,True,582,479,319,3,RGB,JPEG,34492,1.5015673981191222,True,imagenet,real::imagenet,False,3d7c02ef3563e9e9b8e335780e8ecfae,4420,n01491361_4646.JPEG,False,
OF004422,fake,gpt-image-1.5,image,2026-02,True,630,1536,1024,3,RGB,JPEG,362502,1.5,True,gpt-image-1.5,fake::gpt-image-1.5,False,40cea08b3d01411cf7c126c8d35adc9f,4422,0012564.jpg,False,
OF004423,fake,gpt-image-1.5,image,2025-12,True,38,1536,1024,3,RGB,PNG,2594067,1.5,True,gpt-image-1.5,fake::gpt-image-1.5,False,1ab6e92ba60e8cddd29d174314b54bff,4423,0006054.jpg,False,
OF004426,real,imagenet,real,,True,596,500,399,3,RGB,JPEG,66532,1.2531328320802004,True,imagenet,real::imagenet,False,a2d08ebb33a617a54c8fab744266e74f,4426,n01614925_2394.JPEG,False,
OF004429,real,docci,real,,True,741,1536,2048,3,RGB,JPEG,328413,0.75,True,docci,real::docci,False,4ec4c6d78d05dfb8099d9fdc7f386b09,4429,test_03162.jpg,False,
OF004431,fake,midjourney-7,base,2025-04,True,559,1024,1024,3,RGB,PNG,1331440,1.0,True,midjourney-7,fake::midjourney-7,False,69d081ebe09ca1b017ecf29e8bbb99ac,4431,47707.jpg,False,
OF004432,real,imagenet,real,,True,586,375,500,3,RGB,JPEG,141110,0.75,True,imagenet,real::imagenet,False,2b6fe7a5a0b2fae1cb95d78acbab6ae5,4432,n01817953_11970.JPEG,False,
OF004436,real,imagenet,real,,True,527,500,345,3,RGB,JPEG,136817,1.4492753623188406,True,imagenet,real::imagenet,False,497c8603d55952dae730b4b782b6f140,4436,n01629819_12783.JPEG,False,
OF004438,real,imagenet,real,,True,718,1620,1080,3,RGB,JPEG,515147,1.5,True,imagenet,real::imagenet,False,3d40e9d8b13255ab1aeab6147017ab2a,4438,n01494475_1226.JPEG,False,
OF004440,fake,veo-3,video,2025-10,True,492,1280,720,3,RGB,JPEG,257164,1.7777777777777777,True,veo-3,fake::veo-3,False,d53704191216883e7e4e4d3cdc1a39c1,4440,0342595.jpg,False,
OF004443,real,docci,real,,True,431,2048,1536,3,RGB,JPEG,465533,1.3333333333333333,True,docci,real::docci,False,ab00b4e74b2ee5cdd3e237e62ee225e8,4443,test_02851.jpg,False,
OF004448,real,imagenet,real,,True,735,375,500,3,RGB,JPEG,111103,0.75,True,imagenet,real::imagenet,False,6ce2d8e2825f5994e62c8d9faa59768b,4448,n01773797_3438.JPEG,False,
OF004449,fake,midjourney-7,base,2025-04,True,650,1024,1024,3,RGB,PNG,1039517,1.0,True,midjourney-7,fake::midjourney-7,False,3e699642de6b88a9b09cf12f962c163f,4449,473179.jpg,False,
OF004451,real,imagenet,real,,True,531,500,333,3,RGB,JPEG,123191,1.5015015015015014,True,imagenet,real::imagenet,False,3b0281b864a3a1671e328348d349ccc8,4451,n01751748_2483.JPEG,False,
OF004454,fake,illustrious,image,2025-09,True,697,832,1216,3,RGB,JPEG,243962,0.6842105263157895,True,illustrious,fake::illustrious,False,6fff528d07e45dc600fa69b893645dbb,4454,0093745.jpg,False,
OF004458,fake,sora-2,image,2025-06,True,862,1024,1536,3,RGB,PNG,2784438,0.6666666666666666,True,sora-2,fake::sora-2,False,ff9960af8cc5b5267b10e74cf72646aa,4458,0066920.jpg,False,
OF004460,fake,z-image-turbo,Base,2025-11-25,True,670,1024,1024,3,RGB,JPEG,183264,1.0,True,z-image-turbo,fake::z-image-turbo,False,d871af143bf83c8eb1bcfd445921fc26,4460,1049491.jpg,False,
OF004461,fake,ernie-image,image,2026-04,True,53,1024,1536,3,RGB,PNG,3163830,0.6666666666666666,True,ernie-image,fake::ernie-image,False,b0d75cd8a58ac6de62a749f5fc3f032b,4461,0012473.jpg,False,
OF004465,real,imagenet,real,,True,543,500,383,3,RGB,JPEG,115739,1.3054830287206267,True,imagenet,real::imagenet,False,73caa8ed7ca8654af75ddd5dcbdb3571,4465,n01580077_1332.JPEG,False,
OF004467,real,imagenet,real,,True,657,500,339,3,RGB,JPEG,116270,1.4749262536873156,True,imagenet,real::imagenet,False,2fe28c24e9fa21d276f2ca49e74b94b7,4467,n01491361_8760.JPEG,False,
OF004468,real,imagenet,real,,True,571,375,500,3,RGB,JPEG,183328,0.75,True,imagenet,real::imagenet,False,9be4089c981dcae8e17992fc747b7974,4468,n01688243_1163.JPEG,False,
OF004469,real,imagenet,real,,True,553,1069,541,3,RGB,JPEG,203669,1.975970425138632,True,imagenet,real::imagenet,False,9bf755bfcbac44bce5672c9ec9eea1a9,4469,n01748264_21161.JPEG,False,
OF004472,fake,sora-2,image,2025-05,True,575,1024,1536,3,RGB,JPEG,236436,0.6666666666666666,True,sora-2,fake::sora-2,False,f0c6d229d6830f01a9802eb7975dc8e3,4472,0071205.jpg,False,
OF004474,fake,veo-3,video,2025-09,True,189,1920,1080,3,RGB,JPEG,490070,1.7777777777777777,True,veo-3,fake::veo-3,False,668d5c24e2e715a92e51c44ac85b6c7a,4474,0225544.jpg,False,
OF004479,fake,gpt-image-1.5,image,2026-02,True,745,1536,1024,3,RGB,PNG,2770777,1.5,True,gpt-image-1.5,fake::gpt-image-1.5,False,d93c5b31ff287cd1a9de563d844145f0,4479,0092977.jpg,False,
OF004480,real,imagenet,real,,True,735,375,500,3,RGB,JPEG,86454,0.75,True,imagenet,real::imagenet,False,42f6e626c2652d6e6a472b45b8cf262d,4480,n01682714_7623.JPEG,False,
OF004483,fake,aurora-20-1-25,base,unknown,True,140,1024,768,3,RGB,PNG,1128845,1.3333333333333333,True,aurora-20-1-25,fake::aurora-20-1-25,False,4c3efa5f418783934c8ac2fcc9a200e5,4483,34422.jpg,False,
OF004484,real,imagenet,real,,True,255,500,351,3,RGB,JPEG,204333,1.4245014245014245,True,imagenet,real::imagenet,False,2f7decccb2bd871c6375ce79355e02c6,4484,n01784675_15347.JPEG,False,
OF004485,fake,flux.2-klein-9b,Base,2026-01-14,True,712,1024,1024,3,RGB,JPEG,464367,1.0,True,flux.2-klein-9b,fake::flux.2-klein-9b,False,ddff69fe0237708c3ac994f732df2a71,4485,1147919.jpg,False,
OF004486,real,imagenet,real,,True,638,500,326,3,RGB,JPEG,187638,1.5337423312883436,True,imagenet,real::imagenet,False,48ab2da6a69fbf5c43ae7b3e54dc13d4,4486,n01608432_287.JPEG,False,
OF004491,fake,sora-2,video,2025-12,True,680,1280,704,3,RGB,JPEG,150099,1.818181818181818,True,sora-2,fake::sora-2,False,e2454b677938d8e0533f2e78f6fa1437,4491,0124414.jpg,False,
OF004493,real,imagenet,real,,True,715,500,281,3,RGB,JPEG,118610,1.7793594306049825,True,imagenet,real::imagenet,False,a6088e55403e327fb6687ba7f6a9ddfe,4493,n01630670_963.JPEG,False,
OF004503,fake,gpt-image-1.5,image,2026-01,True,679,1024,1536,3,RGB,PNG,2442148,0.6666666666666666,True,gpt-image-1.5,fake::gpt-image-1.5,False,10ba815ec909d122a447e477721a85e7,4503,0031740.jpg,False,
OF004504,fake,gpt-image-1.5,image,2026-01,True,1367,1024,1536,3,RGB,PNG,3553918,0.6666666666666666,True,gpt-image-1.5,fake::gpt-image-1.5,False,c9103c675decefb4c4e3576d4d631ee7,4504,0053950.jpg,False,
OF004506,fake,wan-video-2.5,video,2026-01,True,216,522,762,3,RGB,JPEG,141681,0.6850393700787402,True,wan-video-2.5,fake::wan-video-2.5,False,2ed1ff6d1bfc3c5fdce3477e22ac0d8f,4506,0114297.jpg,False,
OF004509,real,imagenet,real,,True,609,500,375,3,RGB,JPEG,166634,1.3333333333333333,True,imagenet,real::imagenet,False,42537d1c5ea804c2da98df6d7a3d2f07,4509,n01677366_1082.JPEG,False,
OF004511,fake,flux.2-klein-9b,Base,2026-01-14,True,578,1024,1024,3,RGB,JPEG,268977,1.0,True,flux.2-klein-9b,fake::flux.2-klein-9b,False,9ccde72c534aeee47cf1249f6e9680b3,4511,966274.jpg,False,
OF004512,real,imagenet,real,,True,577,373,560,3,RGB,JPEG,17672,0.6660714285714285,True,imagenet,real::imagenet,False,c1a337f3bf37cec3fdc7f73b2d2ef27b,4512,n01773157_1048.JPEG,False,
OF004513,fake,aurora-20-1-25,base,unknown,True,116,1024,768,3,RGB,PNG,719062,1.3333333333333333,True,aurora-20-1-25,fake::aurora-20-1-25,False,c8676a36f10d91d626b589eadb0d363b,4513,03286.jpg,False,
OF004514,fake,veo-3,video,2025-06,True,749,1280,720,3,RGB,JPEG,185777,1.7777777777777777,True,veo-3,fake::veo-3,False,c5efc5a8f7e05587edcd5f1d7653f870,4514,0136956.jpg,False,
OF004515,fake,veo-3,video,2026-01,True,94,1280,720,3,RGB,JPEG,318882,1.7777777777777777,True,veo-3,fake::veo-3,False,64e7f228088476c342e6f1aeec9672bc,4515,0248144.jpg,False,
OF004516,fake,illustrious,image,2025-11,True,720,2048,3072,3,RGB,PNG,6860936,0.6666666666666666,True,illustrious,fake::illustrious,False,7ed0783ccc581730ba139741aee3a215,4516,0060339.jpg,False,
OF004519,fake,illustrious,image,2025-09,True,614,1664,2432,3,RGB,PNG,6080686,0.6842105263157895,True,illustrious,fake::illustrious,False,d36c05f54c402da89370f2b6ef088e23,4519,0060353.jpg,False,
OF004521,fake,midjourney-7,base,2025-04,True,570,1344,896,3,RGB,PNG,1268136,1.5,True,midjourney-7,fake::midjourney-7,False,e43b99721756e90bb690cfb2f448431b,4521,180684.jpg,False,
OF004522,real,imagenet,real,,True,565,650,487,3,RGB,JPEG,53318,1.3347022587268993,True,imagenet,real::imagenet,False,d4c0052ddf5c9c04ad449e41bff82067,4522,n01734418_12137.JPEG,False,
OF004523,fake,aurora-20-1-25,base,unknown,True,151,1024,768,3,RGB,PNG,827283,1.3333333333333333,True,aurora-20-1-25,fake::aurora-20-1-25,False,0f1610506563bfb448b5c373bdf0dadf,4523,26325.jpg,False,
OF004525,real,docci,real,,True,535,1536,2048,3,RGB,JPEG,688730,0.75,True,docci,real::docci,False,406ed8da4a89bd262d3bfc5f23e16f2c,4525,train_06310.jpg,False,
OF004529,real,imagenet,real,,True,466,333,500,3,RGB,JPEG,142484,0.666,True,imagenet,real::imagenet,False,d3112b83660045369c8406f031d1abdf,4529,n01797886_10443.JPEG,False,
OF004533,real,docci,real,,True,740,1536,2048,3,RGB,JPEG,407718,0.75,True,docci,real::docci,False,4112164d00ec0a55ec1e1afc46f0a6a6,4533,train_02734.jpg,False,
OF004537,real,imagenet,real,,True,678,500,375,3,RGB,JPEG,161387,1.3333333333333333,True,imagenet,real::imagenet,False,b9d108e9810204230ec36d9f9f09a339,4537,n01669191_3758.JPEG,False,
OF004538,real,docci,real,,True,676,2048,1536,3,RGB,JPEG,501393,1.3333333333333333,True,docci,real::docci,False,27c6c6e40ea0af432545dccac3762dbf,4538,train_00234.jpg,False,
OF004540,real,imagenet,real,,True,627,640,480,3,RGB,JPEG,74957,1.3333333333333333,True,imagenet,real::imagenet,False,084c626c42211251ef04401f5aed3b11,4540,n01440764_8613.JPEG,False,
OF004541,real,docci,real,,True,568,2048,1536,3,RGB,JPEG,204115,1.3333333333333333,True,docci,real::docci,False,eb3ec804f285597885d2017a9b9970b9,4541,train_09494.jpg,False,
OF004542,real,docci,real,,True,450,1536,2048,3,RGB,JPEG,551988,0.75,True,docci,real::docci,False,821235ad59d6df3350c53f7b9c060505,4542,train_07805.jpg,False,
OF004545,fake,illustrious,image,2026-04,True,787,832,1216,3,RGB,JPEG,214243,0.6842105263157895,True,illustrious,fake::illustrious,False,f1daa1034c827e27520a5e4874a1a68e,4545,0015158.jpg,False,
OF004546,real,docci,real,,True,810,2048,1536,3,RGB,JPEG,413968,1.3333333333333333,True,docci,real::docci,False,1cef21b9dd7aa31bd938dd09e140bf4f,4546,train_07448.jpg,False,
OF004547,real,docci,real,,True,680,2048,1536,3,RGB,JPEG,364967,1.3333333333333333,True,docci,real::docci,False,2825c74a21af3d6f58c18c6c77668fb8,4547,test_03341.jpg,False,
OF004548,real,imagenet,real,,True,630,353,500,3,RGB,JPEG,274395,0.706,True,imagenet,real::imagenet,False,b555e8a86a7f5c4bc4c798a374efd806,4548,n01735189_5549.JPEG,False,
OF004549,fake,flux.2-klein-9b,Base,2026-01-14,True,481,1024,1024,3,RGB,JPEG,313565,1.0,True,flux.2-klein-9b,fake::flux.2-klein-9b,False,7ecb651ae048cd5411cf26ebae467970,4549,1095184.jpg,False,
OF004551,fake,ideogram-2.0,base,unknown,True,56,1280,800,3,RGB,PNG,1525967,1.6,True,ideogram-2.0,fake::ideogram-2.0,False,45ca96ae634d447360bf76192f67ab8d,4551,12937.jpg,False,
OF004553,real,imagenet,real,,True,399,500,333,3,RGB,JPEG,162591,1.5015015015015014,True,imagenet,real::imagenet,False,c82a12b8d87078063abb06f0aaead7bd,4553,n01806143_7416.JPEG,False,
OF004562,real,docci,real,,True,593,4032,3024,3,RGB,JPEG,750525,1.3333333333333333,True,docci,real::docci,False,12ffef06f59fe809315dcf9775e85e85,4562,test_02315.jpg,False,
OF004563,fake,wan-video-2.5,video,2026-03,True,69,794,1160,3,RGB,JPEG,331503,0.6844827586206896,True,wan-video-2.5,fake::wan-video-2.5,False,51033cd799382bb0d9be24de96103ad6,4563,0226543.jpg,False,
OF004564,fake,gpt-image-1.5,image,2026-02,True,212,1536,2304,3,RGB,JPEG,1421346,0.6666666666666666,True,gpt-image-1.5,fake::gpt-image-1.5,False,f3a647081e104b4535b1d884463e1d60,4564,0095743.jpg,False,
OF004566,fake,gpt-image-1.5,image,2026-01,True,646,1024,1536,3,RGB,PNG,3103977,0.6666666666666666,True,gpt-image-1.5,fake::gpt-image-1.5,False,2290ef19358ca97ea3f32bde95849ddf,4566,0054780.jpg,False,
OF004568,real,docci,real,,True,755,2048,1536,3,RGB,JPEG,1049172,1.3333333333333333,True,docci,real::docci,False,4d3f6ed1a4ff3a32b2092f8bb96fe54b,4568,test_00720.jpg,False,
OF004575,real,docci,real,,True,482,2048,1536,3,RGB,JPEG,715454,1.3333333333333333,True,docci,real::docci,False,2592422ac5ba9846d4cee686f7d4c500,4575,train_06588.jpg,False,
OF004581,fake,ideogram-2.0,base,unknown,True,207,1280,800,3,RGB,PNG,1409143,1.6,True,ideogram-2.0,fake::ideogram-2.0,False,5fd22abda031f28146574a80e012ae2b,4581,12501.jpg,False,
OF004582,real,docci,real,,True,669,2048,1536,3,RGB,JPEG,278271,1.3333333333333333,True,docci,real::docci,False,55dd997c7a82e640d3ec4cb20ef7248c,4582,train_08853.jpg,False,
OF004584,real,docci,real,,True,531,2048,1535,3,RGB,JPEG,648480,1.3342019543973942,True,docci,real::docci,False,abd425d12e63e1f71ec8250eb9984f3b,4584,train_05767.jpg,False,
OF004587,real,docci,real,,True,728,480,360,3,RGB,JPEG,27874,1.3333333333333333,True,docci,real::docci,False,c161935f8e0d0e362cd475c8bbfeb0aa,4587,train_07154.jpg,False,
OF004590,real,docci,real,,True,604,2048,1536,3,RGB,JPEG,379886,1.3333333333333333,True,docci,real::docci,False,208af80d5994866d043ada4a2518ed38,4590,train_07998.jpg,False,
OF004595,real,docci,real,,True,383,2048,1536,3,RGB,JPEG,745221,1.3333333333333333,True,docci,real::docci,False,fbf466fd28dde80a1794267267aa0e1e,4595,train_03492.jpg,False,
OF004599,real,docci,real,,True,358,2048,1536,3,RGB,JPEG,419684,1.3333333333333333,True,docci,real::docci,False,9db35df02eb9d921d307f6c08796aa0a,4599,train_06324.jpg,False,
OF004600,real,docci,real,,True,330,1535,2048,3,RGB,JPEG,382003,0.74951171875,True,docci,real::docci,False,b683d809c89009bd7ff295f35f89469a,4600,train_06214.jpg,False,
OF004602,real,imagenet,real,,True,677,423,524,3,RGB,JPEG,58655,0.8072519083969466,True,imagenet,real::imagenet,False,e8c677ed2bee6fbba197f162e2714d36,4602,n01806567_22181.JPEG,False,
OF004604,fake,seedream-v5.0,image,2026-04,True,798,1728,2304,3,RGB,JPEG,481161,0.75,True,seedream-v5.0,fake::seedream-v5.0,False,5fb1db327f85141e7ef448e658e29c0f,4604,0097479.jpg,False,
OF004606,real,imagenet,real,,True,499,150,150,3,RGB,JPEG,7484,1.0,True,imagenet,real::imagenet,False,60798fb1c70389c9041650ec3c566ae5,4606,n01704323_9811.JPEG,False,
OF004608,fake,veo-3,video,2025-12,True,462,1280,720,3,RGB,JPEG,218881,1.7777777777777777,True,veo-3,fake::veo-3,False,bca750d45f4b8dbbe0436fc277e4de9e,4608,0201279.jpg,False,
OF004609,fake,gpt-image-1.5,image,2026-02,True,724,1024,1536,3,RGB,PNG,2904182,0.6666666666666666,True,gpt-image-1.5,fake::gpt-image-1.5,False,c2a4775b721c5a5f139e4e1555441b22,4609,0046215.jpg,False,
OF004610,fake,z-image-turbo,Base,2025-11-25,True,606,1024,1024,3,RGB,JPEG,360701,1.0,True,z-image-turbo,fake::z-image-turbo,False,acd07e6453cab6609d3710ddb32b9a26,4610,987584.jpg,False,
OF004611,fake,sora-2,image,2025-07,True,693,1024,1536,3,RGB,JPEG,352536,0.6666666666666666,True,sora-2,fake::sora-2,False,33cba308aa09408b3b8584701ce07ed6,4611,0070803.jpg,False,
OF004612,real,docci,real,,True,721,2048,1536,3,RGB,JPEG,102073,1.3333333333333333,True,docci,real::docci,False,0ed6b648a65cf5675ec6cf961a2f2717,4612,train_02197.jpg,False,
OF004613,fake,flux.2-klein-9b,Base,2026-01-14,True,645,1024,1024,3,RGB,JPEG,498457,1.0,True,flux.2-klein-9b,fake::flux.2-klein-9b,False,aac59bc503885afa9ef96defcc2d8efa,4613,985992.jpg,False,
OF004614,real,docci,real,,True,548,2048,1536,3,RGB,JPEG,260727,1.3333333333333333,True,docci,real::docci,False,bd6b9e70edb7aacdb3388c7b1bcab353,4614,test_04748.jpg,False,
OF004617,real,docci,real,,True,584,1536,2048,3,RGB,JPEG,283632,0.75,True,docci,real::docci,False,0ee59c7344bd40296630ba7a31945ae2,4617,train_04156.jpg,False,
OF004619,real,docci,real,,True,404,2048,1536,3,RGB,JPEG,132530,1.3333333333333333,True,docci,real::docci,False,a968c7c0814785d410fc192151e66382,4619,train_02669.jpg,False,
OF004620,real,imagenet,real,,True,567,337,500,3,RGB,JPEG,120875,0.674,True,imagenet,real::imagenet,False,486d6f086c4611f416b78dcd9fb38aba,4620,n01824575_5787.JPEG,False,
OF004623,fake,illustrious,image,2025-09,True,693,1664,2432,3,RGB,PNG,6117958,0.6842105263157895,True,illustrious,fake::illustrious,False,534a47a09a546322c17c2ed223bf70fc,4623,0029904.jpg,False,
OF004624,real,docci,real,,True,850,2048,1535,3,RGB,JPEG,591897,1.3342019543973942,True,docci,real::docci,False,4ed7c4f0dd7f3b88bbe8b0056929a989,4624,train_02850.jpg,False,
OF004625,real,imagenet,real,,True,485,411,500,3,RGB,JPEG,58078,0.822,True,imagenet,real::imagenet,False,18b4ad871025556747e4c39eba467da4,4625,n01843065_1855.JPEG,False,
OF004628,real,docci,real,,True,430,2048,1536,3,RGB,JPEG,334429,1.3333333333333333,True,docci,real::docci,False,198359ff52f232858f9d3ac0930ad33b,4628,train_06129.jpg,False,
OF004631,real,imagenet,real,,True,706,650,433,3,RGB,JPEG,81339,1.5011547344110854,True,imagenet,real::imagenet,False,9145f2f716a94d44f414a734841e77da,4631,n01518878_6836.JPEG,False,
OF004638,fake,illustrious,image,2026-04,True,911,2800,4096,3,RGB,JPEG,1542399,0.68359375,True,illustrious,fake::illustrious,False,386c271b7347937eb49d45578fd9a8ca,4638,0061502.jpg,False,
OF004639,real,docci,real,,True,621,2048,1536,3,RGB,JPEG,389980,1.3333333333333333,True,docci,real::docci,False,13be2bb5c8f2f897b9635b4ee52e7776,4639,train_03658.jpg,False,
OF004640,fake,midjourney-7,base,2025-04,True,538,1344,896,3,RGB,PNG,1210903,1.5,True,midjourney-7,fake::midjourney-7,False,e4d94eead38d01e24633577792aa2c87,4640,158239.jpg,False,
OF004644,real,imagenet,real,,True,639,500,333,3,RGB,JPEG,125829,1.5015015015015014,True,imagenet,real::imagenet,False,98a15a8c171907f4fc1ce7ef59423454,4644,n01775062_8529.JPEG,False,
OF004646,fake,gpt-image-1.5,image,2026-01,True,544,800,1200,3,RGB,JPEG,243638,0.6666666666666666,True,gpt-image-1.5,fake::gpt-image-1.5,False,373e91a9a7238eebf05ee901871ddb62,4646,0019760.jpg,False,
OF004647,fake,illustrious,image,2025-03,True,686,832,1216,3,RGB,JPEG,214002,0.6842105263157895,True,illustrious,fake::illustrious,False,21da9f335251c8b2a5278c938bd37f5a,4647,0087659.jpg,False,
OF004648,fake,midjourney-7,base,2025-04,True,599,1024,1024,3,RGB,PNG,2015338,1.0,True,midjourney-7,fake::midjourney-7,False,488fb9d0a6050223fee220376190df62,4648,56081.jpg,False,
OF004652,fake,illustrious,image,2025-08,True,748,3424,6144,3,RGB,PNG,20126915,0.5572916666666666,True,illustrious,fake::illustrious,False,9976d1e58ea2dec763e3583dbad107e7,4652,0081332.jpg,False,
OF004653,real,imagenet,real,,True,784,500,353,3,RGB,JPEG,83784,1.4164305949008498,True,imagenet,real::imagenet,False,d97b79910c37491ee263c64d79b9d144,4653,n01491361_13275.JPEG,False,
OF004656,fake,recraft-v2,base,unknown,True,45,1024,1024,3,RGB,PNG,1795523,1.0,True,recraft-v2,fake::recraft-v2,False,045e018da54eca9cab024e527d95753f,4656,11592.jpg,False,
OF004657,fake,aurora-20-1-25,base,unknown,True,338,1024,768,3,RGB,PNG,1092220,1.3333333333333333,True,aurora-20-1-25,fake::aurora-20-1-25,False,58b41b1d53c7bad787d0dd306a64f3ad,4657,41712.jpg,False,
OF004659,fake,ernie-image-turbo,image,2026-04,True,714,1056,1824,3,RGB,PNG,5067228,0.5789473684210527,True,ernie-image-turbo,fake::ernie-image-turbo,False,c6f7edc136f0aa878d21137a3e392712,4659,0062925.jpg,False,
OF004662,real,docci,real,,True,784,2048,1535,3,RGB,JPEG,284894,1.3342019543973942,True,docci,real::docci,False,d0fb048975c50f8959f783ede58d088e,4662,test_01911.jpg,False,
OF004665,fake,illustrious,image,2026-04,True,1322,1024,1024,3,RGB,JPEG,115440,1.0,True,illustrious,fake::illustrious,False,9227cc563c317a1d91020e0579bf91a1,4665,0030623.jpg,False,
OF004666,real,imagenet,real,,True,452,346,500,3,RGB,JPEG,121180,0.692,True,imagenet,real::imagenet,False,86e5f37213280a6d2d9ee04ad20de2e5,4666,n01818515_41786.JPEG,False,
OF004673,real,imagenet,real,,True,666,500,375,3,RGB,JPEG,140844,1.3333333333333333,True,imagenet,real::imagenet,False,a6c689bc73e43f7b8b958dcd0315fb17,4673,n01773549_112.JPEG,False,
OF004677,real,imagenet,real,,True,612,500,375,3,RGB,JPEG,95526,1.3333333333333333,True,imagenet,real::imagenet,False,458ee91ebfb930f47580bf78e639f247,4677,n01616318_337.JPEG,False,
OF004679,real,docci,real,,True,491,2048,1536,3,RGB,JPEG,811596,1.3333333333333333,True,docci,real::docci,False,62ea64802b1152a16b51d8c36e35c5e3,4679,train_06122.jpg,False,
OF004686,fake,z-image-turbo,image,2026-02,True,660,832,1216,3,RGB,JPEG,157606,0.6842105263157895,True,z-image-turbo,fake::z-image-turbo,False,2171538f793638ac2c4a294c46741e55,4686,0064855.jpg,False,
OF004687,fake,veo-3,video,2026-02,True,1049,720,1280,3,RGB,JPEG,86234,0.5625,True,veo-3,fake::veo-3,False,2061a51a4fb0b295fdaca14f0448f442,4687,0141849.jpg,False,
OF004688,fake,midjourney-7,base,2025-04,True,494,816,1456,3,RGB,PNG,1321303,0.5604395604395604,True,midjourney-7,fake::midjourney-7,False,333b6dcbe6b3bde6cb83c59537d0a0f1,4688,214517.jpg,False,
OF004690,fake,seedream-v5.0,image,2026-03,True,29,1024,1024,3,RGB,PNG,1701742,1.0,True,seedream-v5.0,fake::seedream-v5.0,False,a166215b1ad9f3d9fa25d3dfb5dfb195,4690,0046906.jpg,False,
OF004693,fake,wan-video-2.5,video,2025-10,True,148,624,624,3,RGB,JPEG,118766,1.0,True,wan-video-2.5,fake::wan-video-2.5,False,9785cb81e4bd7c3a28940dc3914dcb54,4693,0237759.jpg,False,
OF004694,fake,wan-video-2.5,video,2025-10,True,592,480,832,3,RGB,JPEG,116249,0.5769230769230769,True,wan-video-2.5,fake::wan-video-2.5,False,7c1422a382a11a486f5fb5106fa12c4e,4694,0133538.jpg,False,
OF004698,real,docci,real,,True,509,1536,2048,3,RGB,JPEG,428924,0.75,True,docci,real::docci,False,ba859ce49d986f30b498b880b6400308,4698,train_03140.jpg,False,
OF004700,real,docci,real,,True,597,2048,1536,3,RGB,JPEG,288877,1.3333333333333333,True,docci,real::docci,False,8af64beb531c82759768eb02bb7f0794,4700,train_01884.jpg,False,
OF004702,fake,midjourney-7,base,2025-04,True,692,1024,1024,3,RGB,PNG,1225330,1.0,True,midjourney-7,fake::midjourney-7,False,c1265c87df8ec3074feae29881f10180,4702,570978.jpg,False,
OF004704,fake,wan-video-2.5,video,2026-01,True,1357,1664,896,3,RGB,JPEG,364791,1.8571428571428572,True,wan-video-2.5,fake::wan-video-2.5,False,866724314e930d024761871ba99017a8,4704,0170184.jpg,False,
OF004705,fake,midjourney-7,base,2025-04,True,438,1024,1024,3,RGB,PNG,1597404,1.0,True,midjourney-7,fake::midjourney-7,False,975af9ae28e0336a214d35c17caf1b71,4705,71276.jpg,False,
OF004709,real,imagenet,real,,True,407,500,333,3,RGB,JPEG,98375,1.5015015015015014,True,imagenet,real::imagenet,False,73bbcc939c3f06fde0f767665b941b34,4709,n01734418_13251.JPEG,False,
OF004712,fake,z-image-turbo,Base,2025-11-25,True,559,1024,1024,3,RGB,JPEG,257811,1.0,True,z-image-turbo,fake::z-image-turbo,False,1f1fc1ed86afe3b79ff693e3f56e6eca,4712,1126479.jpg,False,
OF004713,fake,z-image-turbo,image,2026-01,True,778,1152,2048,3,RGB,PNG,3905165,0.5625,True,z-image-turbo,fake::z-image-turbo,False,1f6682e570c35949b4daada328ee0a9c,4713,0096538.jpg,False,
OF004716,real,docci,real,,True,540,2048,1536,3,RGB,JPEG,385107,1.3333333333333333,True,docci,real::docci,False,f637a38b0edb66896bbc5e58c885aedf,4716,train_03678.jpg,False,
OF004717,fake,ernie-image-turbo,image,2026-04,True,620,1056,1824,3,RGB,PNG,5098539,0.5789473684210527,True,ernie-image-turbo,fake::ernie-image-turbo,False,b7da0c16178c666185d5808dfa726726,4717,0085111.jpg,False,
OF004719,fake,midjourney-7,base,2025-04,True,669,1456,816,3,RGB,PNG,1422977,1.7843137254901962,True,midjourney-7,fake::midjourney-7,False,9df986ee6c3f9f844ccca87ccbe459cb,4719,727426.jpg,False,
OF004721,real,imagenet,real,,True,409,375,500,3,RGB,JPEG,238774,0.75,True,imagenet,real::imagenet,False,80660979fed8ec02bcae79c44df2507f,4721,n01631663_568.JPEG,False,
OF004723,real,imagenet,real,,True,568,625,450,3,RGB,JPEG,187960,1.3888888888888888,True,imagenet,real::imagenet,False,0a0df3038fe9af2995ab6fc7644943a2,4723,n01806143_2919.JPEG,False,
OF004730,fake,ernie-image-turbo,image,2026-04,True,1557,2304,3072,3,RGB,PNG,13465686,0.75,True,ernie-image-turbo,fake::ernie-image-turbo,False,da14dd4c8e8468a2e85602ef2db2ff2d,4730,0001712.jpg,False,
OF004731,fake,illustrious,image,2025-03,True,616,1024,1024,3,RGB,JPEG,190576,1.0,True,illustrious,fake::illustrious,False,639e4810c72a3cc13571a7dc714a7fef,4731,0066655.jpg,False,
OF004733,fake,nano-banana-pro,video,2025-12,True,658,1928,1076,3,RGB,JPEG,283453,1.79182156133829,True,nano-banana-pro,fake::nano-banana-pro,False,b2e2ffaaeda4266df3bb0779de8dc152,4733,0187169.jpg,False,
OF004734,fake,lumina-17-2-25,base,unknown,True,10,1024,1024,3,RGB,PNG,885397,1.0,True,lumina-17-2-25,fake::lumina-17-2-25,False,3a7ceb9f762f399f362a8c211e7a2b4c,4734,48619.jpg,False,
OF004736,real,imagenet,real,,True,545,390,500,3,RGB,JPEG,138928,0.78,True,imagenet,real::imagenet,False,0fc8ae4bd53ad270302604fae4627405,4736,n01768244_9106.JPEG,False,
OF004737,fake,gpt-image-2,image,2026-04,True,161,2400,3200,3,RGB,PNG,12312332,0.75,True,gpt-image-2,fake::gpt-image-2,False,4796efc2be9216716bf04beec4b3a185,4737,0081072.jpg,False,
OF004738,real,imagenet,real,,True,343,267,335,3,RGB,JPEG,36809,0.7970149253731343,True,imagenet,real::imagenet,False,7a45fd305bdc4090eb45f41211e85dda,4738,n01797886_11441.JPEG,False,
OF004740,fake,flux.2-klein-9b,Base,2026-01-14,True,742,1024,1024,3,RGB,JPEG,489359,1.0,True,flux.2-klein-9b,fake::flux.2-klein-9b,False,47570eda358ad1e0529c04a9c808e86b,4740,941379.jpg,False,
OF004742,real,imagenet,real,,True,480,500,281,3,RGB,JPEG,195500,1.7793594306049825,True,imagenet,real::imagenet,False,b50ed0b3c51d31dd9d8f56076b445bc5,4742,n01740131_19432.JPEG,False,
OF004746,real,imagenet,real,,True,659,500,400,3,RGB,JPEG,57368,1.25,True,imagenet,real::imagenet,False,6fed4249576fee5ee5ea32c2192c84c0,4746,n01608432_13535.JPEG,False,
OF004749,real,docci,real,,True,638,2048,1536,3,RGB,JPEG,129272,1.3333333333333333,True,docci,real::docci,False,2689faf4d7a2df6486542660920b430e,4749,test_01854.jpg,False,
OF004753,fake,z-image-turbo,image,2026-04,True,1383,1344,2024,4,RGBA,PNG,5117991,0.6640316205533597,True,z-image-turbo,fake::z-image-turbo,False,8c28cd9b9b758b9a583740643a546979,4753,0076266.jpg,False,
OF004756,fake,midjourney-7,base,2025-04,True,715,1456,816,3,RGB,PNG,1200708,1.7843137254901962,True,midjourney-7,fake::midjourney-7,False,6ff5c1d72a7ca75fbc19f327036f999c,4756,132615.jpg,False,
OF004758,fake,midjourney-7,base,2025-04,True,462,1456,816,3,RGB,PNG,1573961,1.7843137254901962,True,midjourney-7,fake::midjourney-7,False,443f6991af0c4d7e1e0499c1b3035dbb,4758,246218.jpg,False,
OF004759,fake,z-image-turbo,image,2026-04,True,776,2688,3840,3,RGB,JPEG,1737225,0.7,True,z-image-turbo,fake::z-image-turbo,False,9e9b55d07ba00a48eb99cd803a05d6ec,4759,0072948.jpg,False,
OF004762,real,docci,real,,True,832,1536,2048,3,RGB,JPEG,265701,0.75,True,docci,real::docci,False,06178373d3e6f75fb258988ba47c1a38,4762,train_01345.jpg,False,
OF004763,real,imagenet,real,,True,659,500,375,3,RGB,JPEG,146293,1.3333333333333333,True,imagenet,real::imagenet,False,a6302fa28eb928a78fc9298f27958f7d,4763,n01768244_1054.JPEG,False,
OF004764,fake,midjourney-7,base,2025-04,True,710,1456,816,3,RGB,PNG,1764747,1.7843137254901962,True,midjourney-7,fake::midjourney-7,False,63c345ac3ecb2933b4f9eb3cc271e4de,4764,37093.jpg,False,
OF004769,real,docci,real,,True,661,1536,2048,3,RGB,JPEG,250272,0.75,True,docci,real::docci,False,c01e48408181a783a79b4b797f3793e7,4769,test_01248.jpg,False,
OF004773,real,imagenet,real,,True,527,500,375,3,RGB,JPEG,122350,1.3333333333333333,True,imagenet,real::imagenet,False,b7047af5432c9a82628d52cad6fe732a,4773,n01614925_4117.JPEG,False,
OF004775,real,docci,real,,True,600,2048,1536,3,RGB,JPEG,261150,1.3333333333333333,True,docci,real::docci,False,22bcd64e6813b69e31bd4bb495d8315b,4775,test_00886.jpg,False,
OF004777,real,imagenet,real,,True,441,500,375,3,RGB,JPEG,130389,1.3333333333333333,True,imagenet,real::imagenet,False,0bc28d0db3fd06e6bd192bb786a177d4,4777,n01774384_10824.JPEG,False,
OF004778,fake,midjourney-7,base,2025-04,True,820,1024,1024,3,RGB,PNG,1478953,1.0,True,midjourney-7,fake::midjourney-7,False,6411f48e4458289376a0ff78357a4fd9,4778,471741.jpg,False,
OF004779,fake,illustrious,image,2025-06,True,646,832,1216,3,RGB,JPEG,200765,0.6842105263157895,True,illustrious,fake::illustrious,False,3f583c5abaa5c907f2cf6b261238a27b,4779,0034391.jpg,False,
OF004780,real,imagenet,real,,True,235,500,350,3,RGB,JPEG,139130,1.4285714285714286,True,imagenet,real::imagenet,False,93a518af5c212b67e82f5a0941473878,4780,n01582220_10309.JPEG,False,
OF004781,real,docci,real,,True,632,4032,3024,3,RGB,JPEG,970563,1.3333333333333333,True,docci,real::docci,False,21340da91062078f6c1e00908e66376d,4781,train_00710.jpg,False,
OF004782,real,docci,real,,True,621,2048,1536,3,RGB,JPEG,572673,1.3333333333333333,True,docci,real::docci,False,6328091e97ff5a6833f0ebe3cdcf2605,4782,test_01487.jpg,False,
OF004783,real,imagenet,real,,True,351,500,358,3,RGB,JPEG,97894,1.3966480446927374,True,imagenet,real::imagenet,False,bdafe6c2e0ee35d9f1953ec2ad11e931,4783,n01537544_1353.JPEG,False,
OF004784,real,docci,real,,True,412,2048,1536,3,RGB,JPEG,679142,1.3333333333333333,True,docci,real::docci,False,07310e8743a0fe274ba6c3b437c4c17c,4784,train_07529.jpg,False,
OF004786,real,imagenet,real,,True,729,500,334,3,RGB,JPEG,123473,1.497005988023952,True,imagenet,real::imagenet,False,732ae38953a9a165e4146b51bb3aaf62,4786,n01484850_21860.JPEG,False,
OF004788,fake,midjourney-7,base,2025-04,True,488,1024,1024,3,RGB,PNG,1636914,1.0,True,midjourney-7,fake::midjourney-7,False,b68ef62b06c7af46356a503a017bb28b,4788,14797.jpg,False,
OF004789,fake,recraft-v3,base,2024-10,True,527,600,600,3,RGB,JPEG,97318,1.0,True,recraft-v3,fake::recraft-v3,False,29c32c9cb22f29a3000d4bfade06fd3c,4789,52606.jpg,False,
OF004790,real,imagenet,real,,True,416,400,300,3,RGB,JPEG,47758,1.3333333333333333,True,imagenet,real::imagenet,False,e0a9e40545fb9251e30c82581b37f513,4790,n01776313_9372.JPEG,False,
OF004791,real,imagenet,real,,True,449,520,390,3,RGB,JPEG,28269,1.3333333333333333,True,imagenet,real::imagenet,False,dfaef9d703cc2dd17b2e01b08417d830,4791,n01530575_4526.JPEG,False,
OF004794,real,docci,real,,True,428,2048,1536,3,RGB,JPEG,301978,1.3333333333333333,True,docci,real::docci,False,6434c2f558aa3b6218786a025c526ada,4794,test_03302.jpg,False,
OF004797,real,imagenet,real,,True,336,500,333,3,RGB,JPEG,129106,1.5015015015015014,True,imagenet,real::imagenet,False,6ed2a5261b440bf14651bca2986b90d2,4797,n01728920_9498.JPEG,False,
OF004800,fake,gpt-image-1.5,image,2026-02,True,703,1024,1536,3,RGB,PNG,2980460,0.6666666666666666,True,gpt-image-1.5,fake::gpt-image-1.5,False,412604eca03b5b1b31f11be5797ea206,4800,0038813.jpg,False,
OF004801,fake,veo-3,video,2025-07,True,180,1280,720,3,RGB,JPEG,104043,1.7777777777777777,True,veo-3,fake::veo-3,False,f3c673ea98e460af0041aa325b18b57b,4801,0233259.jpg,False,
OF004804,fake,flux.2-klein-9b,Base,2026-01-14,True,573,1024,1024,3,RGB,JPEG,425057,1.0,True,flux.2-klein-9b,fake::flux.2-klein-9b,False,0a72efdf3da3bcb05680844cebc186c4,4804,1052044.jpg,False,
OF004805,real,docci,real,,True,396,2048,1536,3,RGB,JPEG,651661,1.3333333333333333,True,docci,real::docci,False,1307861b3775d827dcca767d66901b84,4805,train_05100.jpg,False,
OF004807,real,docci,real,,True,428,2048,1536,3,RGB,JPEG,287750,1.3333333333333333,True,docci,real::docci,False,5f5eae00375b53e8de5d30d4207cef78,4807,train_06246.jpg,False,
OF004810,real,imagenet,real,,True,644,500,375,3,RGB,JPEG,114149,1.3333333333333333,True,imagenet,real::imagenet,False,703eed9281e04d90911e3a1814c86704,4810,n01518878_3921.JPEG,False,
OF004811,real,docci,real,,True,576,1536,2048,3,RGB,JPEG,816296,0.75,True,docci,real::docci,False,071a27b3480f27c719ed54e096083098,4811,test_04210.jpg,False,
OF004813,fake,illustrious,image,2025-06,True,557,1920,2816,3,RGB,JPEG,896169,0.6818181818181818,True,illustrious,fake::illustrious,False,82894bbd79aa2f36cc14141740eb91e9,4813,0074408.jpg,False,
OF004814,real,docci,real,,True,592,2048,1536,3,RGB,JPEG,200487,1.3333333333333333,True,docci,real::docci,False,cbc033d9e53e3e4f7cb8b408336a97bb,4814,train_09267.jpg,False,
OF004815,fake,veo-3,video,2025-10,True,555,1080,1920,3,RGB,JPEG,394382,0.5625,True,veo-3,fake::veo-3,False,4da651a9e91d9692ebaa64120477cd15,4815,0110816.jpg,False,
OF004817,real,imagenet,real,,True,596,500,375,3,RGB,JPEG,152197,1.3333333333333333,True,imagenet,real::imagenet,False,b6bf7af7b985b6b21b5c6ad6e49373cc,4817,n01817953_2228.JPEG,False,
OF004821,real,imagenet,real,,True,683,500,500,3,RGB,JPEG,140645,1.0,True,imagenet,real::imagenet,False,6e19e1947650081405adf76563ae3d6e,4821,n01820546_5794.JPEG,False,
OF004823,real,imagenet,real,,True,486,500,167,3,RGB,JPEG,42740,2.9940119760479043,True,imagenet,real::imagenet,False,a1bc2247510c834d95f4460248d82aaf,4823,n01770393_11004.JPEG,False,
OF004826,real,docci,real,,True,505,2048,1535,3,RGB,JPEG,441533,1.3342019543973942,True,docci,real::docci,False,fe586fe02f61065d21da43beba59dfc1,4826,test_00130.jpg,False,
OF004830,fake,veo-3,video,2025-10,True,531,1920,1080,3,RGB,JPEG,697199,1.7777777777777777,True,veo-3,fake::veo-3,False,a4822d60aac2cd7f594c6b7d5ecd7b09,4830,0114574.jpg,False,
OF004832,fake,veo-3,video,2025-10,True,178,1080,1920,3,RGB,JPEG,407486,0.5625,True,veo-3,fake::veo-3,False,ad892f1facec8e52816d07d101d1df3f,4832,0102944.jpg,False,
OF004833,real,docci,real,,True,573,2048,1536,3,RGB,JPEG,731151,1.3333333333333333,True,docci,real::docci,False,e60a87a68cdbbfbe1e4c672f631098c3,4833,train_01108.jpg,False,
OF004838,fake,seedream-v5.0,image,2026-03,True,57,2304,1728,3,RGB,JPEG,599114,1.3333333333333333,True,seedream-v5.0,fake::seedream-v5.0,False,8e1cd4171a2e2234cd2c033057676ccf,4838,0023140.jpg,False,
OF004841,real,imagenet,real,,True,678,400,290,3,RGB,JPEG,55890,1.3793103448275863,True,imagenet,real::imagenet,False,72c2ee320ad2a4dc3a087565fb4b0978,4841,n01644900_3285.JPEG,False,
OF004842,fake,flux.2-klein-9b,Base,2026-01-14,True,580,1024,1024,3,RGB,JPEG,342356,1.0,True,flux.2-klein-9b,fake::flux.2-klein-9b,False,471905496ffc9a6fd15d61247d02a659,4842,975599.jpg,False,
OF004843,real,imagenet,real,,True,342,500,354,3,RGB,JPEG,74406,1.4124293785310735,True,imagenet,real::imagenet,False,5b955e0c72d81b02e11d2b6b9c33bbf3,4843,n01829413_628.JPEG,False,
OF004844,fake,nano-banana-pro,video,2025-11,True,666,752,416,3,RGB,JPEG,150034,1.8076923076923077,True,nano-banana-pro,fake::nano-banana-pro,False,1bd5e525c0d47718dbd311a7ff50e45d,4844,0110592.jpg,False,
OF004847,fake,veo-3,video,2025-10,True,473,1080,1920,3,RGB,JPEG,490196,0.5625,True,veo-3,fake::veo-3,False,48c15e78f0048f7805de167563a9e2c2,4847,0232685.jpg,False,
OF004849,fake,seedream-v5.0,image,2026-03,True,505,1728,2304,3,RGB,JPEG,549631,0.75,True,seedream-v5.0,fake::seedream-v5.0,False,1895ed5c28bdb499e2cb077617048490,4849,0041025.jpg,False,
OF004850,real,docci,real,,True,444,2048,1535,3,RGB,JPEG,494693,1.3342019543973942,True,docci,real::docci,False,453a248e07dab82e3fbe7248a4c0e9bd,4850,train_03946.jpg,False,
OF004854,real,docci,real,,True,646,1535,2048,3,RGB,JPEG,484661,0.74951171875,True,docci,real::docci,False,e121be92562456c87e3a93e405fc081c,4854,train_02917.jpg,False,
OF004856,fake,recraft-v2,base,unknown,True,42,1024,1024,3,RGB,PNG,1485285,1.0,True,recraft-v2,fake::recraft-v2,False,c55d1a5946781c30b103c7a464c206fa,4856,23891.jpg,False,
OF004857,fake,sora-2,video,2025-12,True,649,704,1280,3,RGB,JPEG,151875,0.55,True,sora-2,fake::sora-2,False,898486d12011bf598edefb14c5886aa2,4857,0132317.jpg,False,
OF004858,fake,illustrious,image,2025-02,True,667,832,1216,3,RGB,JPEG,246741,0.6842105263157895,True,illustrious,fake::illustrious,False,4b2d3e03e6e5df908be385d678fcf51b,4858,0011258.jpg,False,
OF004859,fake,illustrious,image,2025-06,True,672,2688,3840,3,RGB,JPEG,735392,0.7,True,illustrious,fake::illustrious,False,7d0c4818333d2a1a1eedd944050018b7,4859,0042926.jpg,False,
OF004862,real,imagenet,real,,True,571,500,304,3,RGB,JPEG,49035,1.644736842105263,True,imagenet,real::imagenet,False,2a3429f8dd2c2fa921e1b822f9927483,4862,n01667114_10245.JPEG,False,
OF004863,real,imagenet,real,,True,589,500,271,3,RGB,JPEG,77178,1.845018450184502,True,imagenet,real::imagenet,False,46b1cbdcbcc1939f269db2e3423a6ad3,4863,n01532829_4641.JPEG,False,
OF004865,fake,illustrious,image,2025-06,True,778,1536,2688,3,RGB,JPEG,1015272,0.5714285714285714,True,illustrious,fake::illustrious,False,9a0cb077bb6b267beb5c230729a89ab8,4865,0064540.jpg,False,
OF004866,real,docci,real,,True,786,1536,2048,3,RGB,JPEG,593594,0.75,True,docci,real::docci,False,e84b74931410397960bba55229b106fa,4866,test_03944.jpg,False,
OF004873,fake,ernie-image-turbo,image,2026-04,True,303,1024,1536,3,RGB,JPEG,386995,0.6666666666666666,True,ernie-image-turbo,fake::ernie-image-turbo,False,d1ec4e8f57146a82ac9f8ce74f238aaa,4873,0003450.jpg,False,
OF004875,fake,midjourney-7,base,2025-04,True,546,896,1344,3,RGB,PNG,1276583,0.6666666666666666,True,midjourney-7,fake::midjourney-7,False,62f115be164547731da8934ff69076bc,4875,405571.jpg,False,
OF004877,real,docci,real,,True,504,2048,1536,3,RGB,JPEG,111913,1.3333333333333333,True,docci,real::docci,False,73823ba8ed662c0c392d435a8b80f9bf,4877,train_07481.jpg,False,
OF004879,fake,gpt-image-1.5,image,2026-04,True,447,1536,1024,3,RGB,PNG,2574624,1.5,True,gpt-image-1.5,fake::gpt-image-1.5,False,890fb2ff2b6acd512d09926b858bee2d,4879,0084429.jpg,False,
OF004880,fake,illustrious,video,2026-03,True,733,784,1168,3,RGB,JPEG,345121,0.6712328767123288,True,illustrious,fake::illustrious,False,86219bd37cd44880320d5842f10c850d,4880,0304507.jpg,False,
OF004884,real,docci,real,,True,630,2048,1536,3,RGB,JPEG,485818,1.3333333333333333,True,docci,real::docci,False,ac91d78a42d965e073485752b7fd2472,4884,test_04390.jpg,False,
OF004885,real,imagenet,real,,True,650,500,333,3,RGB,JPEG,146148,1.5015015015015014,True,imagenet,real::imagenet,False,fce3bb451f2deac63e2135bb585b4290,4885,n01677366_9941.JPEG,False,
OF004894,real,docci,real,,True,435,1536,2048,3,RGB,JPEG,797865,0.75,True,docci,real::docci,False,9c8a0392431e5e850a0e7ec3c90e2780,4894,train_01889.jpg,False,
OF004895,fake,gpt-image-1.5,image,2026-02,True,60,1024,1536,3,RGB,JPEG,310262,0.6666666666666666,True,gpt-image-1.5,fake::gpt-image-1.5,False,0ecd15ea8487d434ee0214c737879950,4895,0078095.jpg,False,
OF004897,real,imagenet,real,,True,347,499,500,3,RGB,JPEG,108378,0.998,True,imagenet,real::imagenet,False,092b55edf0a88ba47effc39812df9420,4897,n01770081_415.JPEG,False,
OF004899,real,imagenet,real,,True,608,500,354,3,RGB,JPEG,89396,1.4124293785310735,True,imagenet,real::imagenet,False,d9196703decee12b3524a32e5f598940,4899,n01775062_5392.JPEG,False,
OF004901,fake,ideogram-2.0,base,unknown,True,50,1280,800,3,RGB,PNG,1625487,1.6,True,ideogram-2.0,fake::ideogram-2.0,False,104aecb9f15b7b49de621b0025e8693d,4901,58487.jpg,False,
OF004902,fake,z-image-turbo,Base,2025-11-25,True,616,1024,1024,3,RGB,JPEG,220367,1.0,True,z-image-turbo,fake::z-image-turbo,False,2a0d706ee07976f586a6bfa4a5f6445a,4902,1154637.jpg,False,
OF004903,fake,gpt-image-2,image,2026-04,True,54,1024,1536,3,RGB,JPEG,453354,0.6666666666666666,True,gpt-image-2,fake::gpt-image-2,False,bcbf99af2e3f51298250d1060b1d6820,4903,0076415.jpg,False,
OF004904,real,docci,real,,True,747,2048,1536,3,RGB,JPEG,665164,1.3333333333333333,True,docci,real::docci,False,51515f7de32edfd4f852b3c86d224691,4904,train_08532.jpg,False,
OF004906,fake,midjourney-7,base,2025-04,True,638,896,1344,3,RGB,PNG,1629406,0.6666666666666666,True,midjourney-7,fake::midjourney-7,False,32d432ae3b8b4598660a7aac1fcb0176,4906,49661.jpg,False,
OF004907,real,docci,real,,True,512,2048,1536,3,RGB,JPEG,1020230,1.3333333333333333,True,docci,real::docci,False,ff6311063580000a245dcb69dea25566,4907,train_07044.jpg,False,
OF004908,fake,lumina-17-2-25,base,unknown,True,95,1024,1024,3,RGB,PNG,616033,1.0,True,lumina-17-2-25,fake::lumina-17-2-25,False,70e6a9056d795c41d1ba137ced845c03,4908,05142.jpg,False,
OF004910,real,imagenet,real,,True,551,600,424,3,RGB,JPEG,47137,1.4150943396226414,True,imagenet,real::imagenet,False,736e655c86ce6c579104bbdd495f1ed2,4910,n01768244_4066.JPEG,False,
OF004913,real,docci,real,,True,672,2048,1536,3,RGB,JPEG,453414,1.3333333333333333,True,docci,real::docci,False,3130ab11c8f7f3f91f4c6260ed1ebc72,4913,train_07275.jpg,False,
OF004914,fake,veo-3,video,2025-09,True,713,1080,1920,3,RGB,JPEG,971741,0.5625,True,veo-3,fake::veo-3,False,ed341e2a6f90d5eab9dc36aee5d646e6,4914,0347114.jpg,False,
OF004916,fake,z-image-turbo,image,2026-04,True,852,896,1248,3,RGB,PNG,1157596,0.717948717948718,True,z-image-turbo,fake::z-image-turbo,False,b9036024ecb1a3612f8f775a17264841,4916,0073270.jpg,False,
OF004917,fake,gpt-image-1.5,image,2026-02,True,645,1696,2528,3,RGB,JPEG,670460,0.6708860759493671,True,gpt-image-1.5,fake::gpt-image-1.5,False,af8306f99cb2cf8ca901c415aa613ca4,4917,0000004.jpg,False,
OF004919,fake,z-image-turbo,Base,2025-11-25,True,714,1024,1024,3,RGB,JPEG,298062,1.0,True,z-image-turbo,fake::z-image-turbo,False,1a21c27b2ee40fd37a72a5aad1d96bf8,4919,1165230.jpg,False,
OF004924,fake,veo-3,video,2025-12,True,238,720,1280,3,RGB,JPEG,276165,0.5625,True,veo-3,fake::veo-3,False,a77abe4a8e8d4c771491919cb34e324f,4924,0173223.jpg,False,
OF004925,real,imagenet,real,,True,542,500,323,3,RGB,JPEG,216887,1.547987616099071,True,imagenet,real::imagenet,False,f609b9976c6c2f3cf6546c9df01e2d7b,4925,n01734418_15974.JPEG,False,
OF004928,fake,illustrious,image,2025-09,True,803,2688,3840,3,RGB,JPEG,1309907,0.7,True,illustrious,fake::illustrious,False,1198a93399e2d92b8d8c0ae48e151883,4928,0059154.jpg,False,
OF004930,real,docci,real,,True,485,2048,1536,3,RGB,JPEG,687069,1.3333333333333333,True,docci,real::docci,False,d121111219a7bb9da68114b557c713e0,4930,test_04353.jpg,False,
OF004931,real,docci,real,,True,681,2048,1535,3,RGB,JPEG,713422,1.3342019543973942,True,docci,real::docci,False,41f303b7a0b59767f7388659209bdbd7,4931,test_03827.jpg,False,
OF004932,fake,veo-3,video,2025-12,True,319,720,1280,3,RGB,JPEG,331235,0.5625,True,veo-3,fake::veo-3,False,77dc1ca591793fe84728fdc27a82994c,4932,0150790.jpg,False,
OF004933,fake,flux.2-klein-9b,Base,2026-01-14,True,656,1024,1024,3,RGB,JPEG,365848,1.0,True,flux.2-klein-9b,fake::flux.2-klein-9b,False,d693fb2042d01b539909975c3d75c7a5,4933,945085.jpg,False,
OF004934,real,imagenet,real,,True,513,375,500,3,RGB,JPEG,134809,0.75,True,imagenet,real::imagenet,False,a86cae5f32eb3772c3ec2a4e7c3d61e2,4934,n01806143_3772.JPEG,False,
OF004937,real,docci,real,,True,812,2048,1536,3,RGB,JPEG,442305,1.3333333333333333,True,docci,real::docci,False,e646229fb1188e984aec1f9b317c5850,4937,train_09445.jpg,False,
OF004942,real,docci,real,,True,703,2048,1536,3,RGB,JPEG,637411,1.3333333333333333,True,docci,real::docci,False,ea9069b978c312b070be1542ff420074,4942,test_02668.jpg,False,
OF004945,real,imagenet,real,,True,484,500,358,3,RGB,JPEG,125295,1.3966480446927374,True,imagenet,real::imagenet,False,7b641b83e9050698c4f3d9d8026bfada,4945,n01824575_4168.JPEG,False,
OF004948,real,docci,real,,True,674,2048,1536,3,RGB,JPEG,250008,1.3333333333333333,True,docci,real::docci,False,32220e75a0e592d2564ce45c76776eee,4948,train_00917.jpg,False,
OF004951,real,imagenet,real,,True,618,535,400,3,RGB,JPEG,95590,1.3375,True,imagenet,real::imagenet,False,3d646fdf113d9b69e07e83351d63e9dc,4951,n01675722_9744.JPEG,False,
OF004953,fake,recraft-v3,base,2024-10,True,777,600,600,3,RGB,JPEG,161660,1.0,True,recraft-v3,fake::recraft-v3,False,738f91ecea2e2fb0b4e712ee5e96e680,4953,55279.jpg,False,
OF004956,fake,frames-23-1-25,base,unknown,True,257,1920,1088,3,RGB,PNG,1861064,1.7647058823529411,True,frames-23-1-25,fake::frames-23-1-25,False,d445aba0927c7cf69e1a5c3b8c02bd5c,4956,04354.jpg,False,
OF004957,fake,gpt-image-1.5,image,2026-02,True,2394,1024,1536,3,RGB,PNG,2697197,0.6666666666666666,True,gpt-image-1.5,fake::gpt-image-1.5,False,23e7e26feb785f27fdcd0fe3d59277ef,4957,0040961.jpg,False,
OF004958,fake,veo-3,video,2025-09,True,1179,1920,1080,3,RGB,JPEG,567026,1.7777777777777777,True,veo-3,fake::veo-3,False,430dc8f19f07c82f920a9d5d720b4311,4958,0172265.jpg,False,
OF004960,fake,illustrious,image,2025-07,True,666,1024,1024,3,RGB,JPEG,264685,1.0,True,illustrious,fake::illustrious,False,e401f6b0f56309b0d0fa27a2aadc09ef,4960,0059681.jpg,False,
OF004962,fake,recraft-v3,base,2024-10,True,527,600,1066,3,RGB,JPEG,231240,0.5628517823639775,True,recraft-v3,fake::recraft-v3,False,134c23f0b9811ba2aba662188cb351b2,4962,57858.jpg,False,
OF004964,real,imagenet,real,,True,694,500,333,3,RGB,JPEG,115392,1.5015015015015014,True,imagenet,real::imagenet,False,bcc736682b6dd39c1d7ba247ce3bc53b,4964,n01729322_15786.JPEG,False,
OF004965,fake,sora-2,image,2025-07,True,580,1024,1536,3,RGB,JPEG,473255,0.6666666666666666,True,sora-2,fake::sora-2,False,5a05b06d92032e935c7a8fe416f5a97c,4965,0016189.jpg,False,
OF004971,fake,z-image-turbo,Base,2025-11-25,True,607,1024,1024,3,RGB,JPEG,383119,1.0,True,z-image-turbo,fake::z-image-turbo,False,5eec9a24aa2ea06100056fac2ab6e29c,4971,1054355.jpg,False,
OF004976,fake,z-image-turbo,Base,2025-11-25,True,633,1024,1024,3,RGB,JPEG,286957,1.0,True,z-image-turbo,fake::z-image-turbo,False,c645be76eafc814150de7932a71144f2,4976,1048844.jpg,False,
OF004978,fake,ernie-image-turbo,image,2026-04,True,110,1024,1024,3,RGB,JPEG,283461,1.0,True,ernie-image-turbo,fake::ernie-image-turbo,False,8929e39a3f4af940a45f757646a1f2ee,4978,0039366.jpg,False,
OF004980,fake,gpt-image-2,image,2026-04,True,63,1024,1536,3,RGB,JPEG,389926,0.6666666666666666,True,gpt-image-2,fake::gpt-image-2,False,e75988e7c25bf1841180e69453882dd7,4980,0021001.jpg,False,
OF004986,fake,recraft-v2,base,unknown,True,41,1024,1024,3,RGB,PNG,1565625,1.0,True,recraft-v2,fake::recraft-v2,False,000d441557d0c95482dd8353c558e298,4986,35207.jpg,False,
OF004991,fake,ernie-image-turbo,image,2026-04,True,456,1024,1536,3,RGB,PNG,2493684,0.6666666666666666,True,ernie-image-turbo,fake::ernie-image-turbo,False,61342c0e56c8ef21129e80ef09859d51,4991,0082960.jpg,False,
OF004993,real,docci,real,,True,583,2048,1535,3,RGB,JPEG,666917,1.3342019543973942,True,docci,real::docci,False,b7af0e70f0a92ea1e04483cccb43ab4f,4993,train_08707.jpg,False,
OF004997,fake,midjourney-7,base,2025-04,True,704,1456,816,3,RGB,PNG,1794020,1.7843137254901962,True,midjourney-7,fake::midjourney-7,False,07fc1c0d8acd107fe28cc371a34d2ba5,4997,23880.jpg,False,
OF005000,fake,illustrious,image,2026-04,True,292,832,1216,3,RGB,JPEG,150658,0.6842105263157895,True,illustrious,fake::illustrious,False,88a8f6e6b6bd307049b3a01f7ad98307,5000,0092790.jpg,False,
OF005002,real,imagenet,real,,True,560,480,360,3,RGB,JPEG,5984,1.3333333333333333,True,imagenet,real::imagenet,False,f3c274a19c943a3423d51b36d1120f8f,5002,n01773549_10215.JPEG,False,
OF005004,fake,veo-3,video,2026-01,True,184,1280,720,3,RGB,JPEG,227878,1.7777777777777777,True,veo-3,fake::veo-3,False,0e7561fef0de497ee006dd6e3ebbe7a8,5004,0162478.jpg,False,
OF005006,real,docci,real,,True,710,2048,1536,3,RGB,JPEG,788809,1.3333333333333333,True,docci,real::docci,False,dbd173d694e064f81b19c5a4c67f659b,5006,train_00568.jpg,False,
OF005010,fake,gpt-image-1.5,image,2026-01,True,1818,1536,1024,3,RGB,JPEG,308236,1.5,True,gpt-image-1.5,fake::gpt-image-1.5,False,004cdc7a706ff929ba3e03144b48e887,5010,0016116.jpg,False,
OF005011,real,docci,real,,True,699,2048,1536,3,RGB,JPEG,463643,1.3333333333333333,True,docci,real::docci,False,da06d6ee6c21ee7c72e3793ae757a2b7,5011,train_03424.jpg,False,
OF005012,real,docci,real,,True,571,3024,4032,3,RGB,JPEG,1306710,0.75,True,docci,real::docci,False,70308492c037c28c58f85a98b6351c59,5012,train_03747.jpg,False,
OF005013,fake,midjourney-7,base,2025-04,True,717,1456,816,3,RGB,PNG,1357274,1.7843137254901962,True,midjourney-7,fake::midjourney-7,False,e123450a9fced8fb4a6acc870625af0b,5013,436592.jpg,False,
OF005014,fake,recraft-v2,base,unknown,True,38,1024,1024,3,RGB,PNG,1155177,1.0,True,recraft-v2,fake::recraft-v2,False,7dc80dbaeac63a6833b192c65a2dd7a6,5014,47884.jpg,False,
OF005015,real,imagenet,real,,True,521,403,576,3,RGB,JPEG,63143,0.6996527777777778,True,imagenet,real::imagenet,False,8817f3466065b06a9e6e010d6240bfb3,5015,n01560419_5433.JPEG,False,
OF005016,real,docci,real,,True,284,2048,1535,3,RGB,JPEG,293705,1.3342019543973942,True,docci,real::docci,False,85b432e4d57dfc3f2b9ac4113671f074,5016,train_03052.jpg,False,
OF005017,fake,flux.2-klein-9b,Base,2026-01-14,True,523,1024,1024,3,RGB,JPEG,337559,1.0,True,flux.2-klein-9b,fake::flux.2-klein-9b,False,99396035b04f5f8fd8262b3898f39acc,5017,1110960.jpg,False,
OF005020,real,docci,real,,True,746,2048,1536,3,RGB,JPEG,765441,1.3333333333333333,True,docci,real::docci,False,be58e8aec599f5837112943e69c3add7,5020,train_01067.jpg,False,
OF005021,fake,gpt-image-1.5,image,2026-01,True,752,1024,1536,3,RGB,JPEG,343347,0.6666666666666666,True,gpt-image-1.5,fake::gpt-image-1.5,False,78561116a45559d02535572490b33322,5021,0030553.jpg,False,
OF005023,real,imagenet,real,,True,657,500,333,3,RGB,JPEG,142458,1.5015015015015014,True,imagenet,real::imagenet,False,4a7a07325655d832ec31006620a6fad2,5023,n01484850_927.JPEG,False,
OF005029,real,docci,real,,True,648,1536,2048,3,RGB,JPEG,581631,0.75,True,docci,real::docci,False,bec2d4e436312642ce2afd51d0a34ce1,5029,train_09232.jpg,False,
OF005034,real,docci,real,,True,466,2048,1536,3,RGB,JPEG,819185,1.3333333333333333,True,docci,real::docci,False,daf8ecef4e0a3dc52d7d18b2cb355ba9,5034,train_08512.jpg,False,
OF005036,real,imagenet,real,,True,506,500,375,3,RGB,JPEG,157162,1.3333333333333333,True,imagenet,real::imagenet,False,63d193e80773263e27d757aab68d0933,5036,n01697457_4150.JPEG,False,
OF005043,fake,midjourney-7,base,2025-04,True,667,896,1344,3,RGB,PNG,1302900,0.6666666666666666,True,midjourney-7,fake::midjourney-7,False,f2835eefbc62e75f82efde46e4deeaae,5043,38756.jpg,False,
OF005046,real,docci,real,,True,581,2048,1536,3,RGB,JPEG,313075,1.3333333333333333,True,docci,real::docci,False,79b5d52aa3e34e3f81ee20a70fb75025,5046,train_01778.jpg,False,
OF005047,real,docci,real,,True,572,2048,1536,3,RGB,JPEG,204167,1.3333333333333333,True,docci,real::docci,False,efcf81bb69d7a4888fe26b6abbe7cee2,5047,train_07452.jpg,False,
OF005048,real,docci,real,,True,802,2048,1536,3,RGB,JPEG,600574,1.3333333333333333,True,docci,real::docci,False,d54bd6e44f9e1b371b6829cd4113ee1d,5048,test_00841.jpg,False,
OF005050,real,docci,real,,True,489,2048,1536,3,RGB,JPEG,539660,1.3333333333333333,True,docci,real::docci,False,2fe3ae8303a0eca6332b479dff7fcedb,5050,train_09156.jpg,False,
OF005052,real,docci,real,,True,633,2048,1535,3,RGB,JPEG,379022,1.3342019543973942,True,docci,real::docci,False,6d759371772c0ce283239a3101f7bcb9,5052,train_03959.jpg,False,
OF005053,fake,wan-video-2.5,video,2025-10,True,1156,1160,794,3,RGB,JPEG,387237,1.4609571788413098,True,wan-video-2.5,fake::wan-video-2.5,False,12d92711b2a2e54504de29b2d963e8c9,5053,0134742.jpg,False,
OF005054,real,imagenet,real,,True,667,640,480,3,RGB,JPEG,86524,1.3333333333333333,True,imagenet,real::imagenet,False,cce1512b5810c32ebc551372b18e45b1,5054,n01644900_841.JPEG,False,
OF005059,real,docci,real,,True,430,1536,2048,3,RGB,JPEG,372218,0.75,True,docci,real::docci,False,7f8d7c9015a61702cad891e3827c7be9,5059,train_05914.jpg,False,
OF005060,real,docci,real,,True,637,1536,2048,3,RGB,JPEG,255520,0.75,True,docci,real::docci,False,93659c9c7b26604d939afe1f49442a01,5060,train_03736.jpg,False,
OF005061,real,docci,real,,True,579,1536,2048,3,RGB,JPEG,270385,0.75,True,docci,real::docci,False,0a56ace26b528d96d70b4f52d967de61,5061,qual_test_00084.jpg,False,
OF005063,real,docci,real,,True,634,4032,3024,3,RGB,JPEG,1010005,1.3333333333333333,True,docci,real::docci,False,e0dfda95deffc396d97367baa2a63e54,5063,train_08276.jpg,False,
OF005065,real,imagenet,real,,True,591,640,480,3,RGB,JPEG,67835,1.3333333333333333,True,imagenet,real::imagenet,False,96f60be0df5e1870d5d0a274d2c571e1,5065,n01694178_795.JPEG,False,
OF005066,fake,gpt-image-1.5,image,2026-01,True,915,1024,1536,3,RGB,JPEG,330236,0.6666666666666666,True,gpt-image-1.5,fake::gpt-image-1.5,False,b19aa638f9ef073f90d16ef5881d7900,5066,0043783.jpg,False,
OF005068,fake,seedream-v5.0,image,2026-03,True,602,1440,2560,3,RGB,JPEG,657108,0.5625,True,seedream-v5.0,fake::seedream-v5.0,False,253112077ef4589fecda8b054b9e03e5,5068,0076207.jpg,False,
OF005069,fake,frames-23-1-25,base,unknown,True,46,1920,1088,3,RGB,PNG,2018945,1.7647058823529411,True,frames-23-1-25,fake::frames-23-1-25,False,cc7bb131cb018541361041973c39437f,5069,34549.jpg,False,
OF005070,fake,wan-video-2.5,video,2026-02,True,1229,1280,718,3,RGB,JPEG,372536,1.7827298050139275,True,wan-video-2.5,fake::wan-video-2.5,False,281b4ff51c8b408b33fc0b4f7fdf212d,5070,0312328.jpg,False,
OF005072,real,imagenet,real,,True,686,500,375,3,RGB,JPEG,104166,1.3333333333333333,True,imagenet,real::imagenet,False,36f81970e5c02fb1aa7e4c0b25980bf6,5072,n01496331_2276.JPEG,False,
OF005073,fake,gpt-image-1.5,image,2026-01,True,882,1536,1024,3,RGB,PNG,3086995,1.5,True,gpt-image-1.5,fake::gpt-image-1.5,False,453d21fa0db552e4dc022d4ba4297893,5073,0013969.jpg,False,
OF005074,fake,veo-3,video,2025-06,True,702,1280,720,3,RGB,JPEG,104035,1.7777777777777777,True,veo-3,fake::veo-3,False,89d162b8b5d547b1de863ad893d0c5ca,5074,0106286.jpg,False,
OF005075,fake,z-image-turbo,Base,2025-11-25,True,612,1024,1024,3,RGB,JPEG,283418,1.0,True,z-image-turbo,fake::z-image-turbo,False,725ae8f5889d0a69a1d82597d39a111d,5075,986014.jpg,False,
OF005077,real,imagenet,real,,True,601,375,500,3,RGB,JPEG,109881,0.75,True,imagenet,real::imagenet,False,ed72865366ec9b27584a54ac56ea02ab,5077,n01817953_6095.JPEG,False,
OF005079,fake,z-image-turbo,Base,2025-11-25,True,547,1024,1024,3,RGB,JPEG,161638,1.0,True,z-image-turbo,fake::z-image-turbo,False,5f06cdd611381e87aeec58f0c43690b9,5079,1093303.jpg,False,
OF005081,real,docci,real,,True,550,2048,1534,3,RGB,JPEG,254075,1.3350717079530638,True,docci,real::docci,False,6bfb2233b9b0c5022451ef7f95e51a89,5081,train_00031.jpg,False,
OF005082,fake,midjourney-7,base,2025-04,True,637,1024,1024,3,RGB,PNG,1436681,1.0,True,midjourney-7,fake::midjourney-7,False,8582b0a77ef5e6cdbb25aa7b4792d487,5082,450008.jpg,False,
OF005083,real,imagenet,real,,True,688,600,450,3,RGB,JPEG,50062,1.3333333333333333,True,imagenet,real::imagenet,False,f730842509aa0c6933700b02c653e901,5083,n01768244_8165.JPEG,False,
OF005084,fake,veo-3,video,2026-02,True,442,1280,720,3,RGB,JPEG,126079,1.7777777777777777,True,veo-3,fake::veo-3,False,bb9f686efd4fffda076cf21cccb3ef56,5084,0104768.jpg,False,
OF005088,fake,flux.2-klein-9b,Base,2026-01-14,True,564,1024,1024,3,RGB,JPEG,243526,1.0,True,flux.2-klein-9b,fake::flux.2-klein-9b,False,8054044a304b224f3badcf7688e8a2e2,5088,1094091.jpg,False,
OF005089,fake,flux.2-klein-9b,Base,2026-01-14,True,735,1024,1024,3,RGB,JPEG,305528,1.0,True,flux.2-klein-9b,fake::flux.2-klein-9b,False,263e4d6317ccc23a954fb66b5856a120,5089,1106174.jpg,False,
OF005092,fake,gpt-image-1.5,image,2026-01,True,93,1024,1024,3,RGB,PNG,1450303,1.0,True,gpt-image-1.5,fake::gpt-image-1.5,False,7469eb71f9d22a4f4f54f041a99c4e28,5092,0038361.jpg,False,
OF005093,real,docci,real,,True,574,1536,2048,3,RGB,JPEG,311270,0.75,True,docci,real::docci,False,453cabdadcd834d47a09aafa90ff32c7,5093,test_00007.jpg,False,
OF005094,fake,z-image-turbo,Base,2025-11-25,True,441,1024,1024,3,RGB,JPEG,184873,1.0,True,z-image-turbo,fake::z-image-turbo,False,55df2dceed2db778fd7bb33905bd7743,5094,972142.jpg,False,
OF005096,fake,gpt-image-1.5,image,2026-02,True,699,1024,1536,3,RGB,PNG,2983146,0.6666666666666666,True,gpt-image-1.5,fake::gpt-image-1.5,False,158ed9065fcd6fa6bf556f6c45842802,5096,0027214.jpg,False,
OF005097,real,docci,real,,True,366,1536,2048,3,RGB,JPEG,912990,0.75,True,docci,real::docci,False,a40bd5d13c9c42c55c411c9daca94d02,5097,test_01088.jpg,False,
OF005098,real,docci,real,,True,831,2048,1536,3,RGB,JPEG,665382,1.3333333333333333,True,docci,real::docci,False,bf3496df9e5e2abb75b8c6fe9c989e9b,5098,test_04193.jpg,False,
OF005100,real,docci,real,,True,742,2048,1536,3,RGB,JPEG,595706,1.3333333333333333,True,docci,real::docci,False,8ebb9c0f061b61f72ba31f16d464f0b6,5100,train_04199.jpg,False,
OF005103,real,imagenet,real,,True,769,500,375,3,RGB,JPEG,122127,1.3333333333333333,True,imagenet,real::imagenet,False,9dec1242d3ff400a29170f0cc26f0706,5103,n01629819_9866.JPEG,False,
OF005105,real,imagenet,real,,True,566,425,319,3,RGB,JPEG,30893,1.3322884012539185,True,imagenet,real::imagenet,False,17e7e734b654c56ffde6b52fcb78a982,5105,n01632777_12106.JPEG,False,
OF005106,real,docci,real,,True,701,2048,1536,3,RGB,JPEG,351869,1.3333333333333333,True,docci,real::docci,False,fb8a18cc6ac83592a16304918b94d81d,5106,train_05369.jpg,False,
OF005109,real,imagenet,real,,True,519,650,435,3,RGB,JPEG,91145,1.4942528735632183,True,imagenet,real::imagenet,False,1c0fda0b5d2fa1f583792738752046f9,5109,n01697457_8920.JPEG,False,
OF005110,real,imagenet,real,,True,568,504,278,3,RGB,JPEG,40944,1.8129496402877696,True,imagenet,real::imagenet,False,5c0e95138a60089beaf141e7522509f3,5110,n01631663_7006.JPEG,False,
OF005117,real,docci,real,,True,715,2048,1536,3,RGB,JPEG,546204,1.3333333333333333,True,docci,real::docci,False,85333e7f4e864cc21d15810a8f38114c,5117,test_00482.jpg,False,
OF005118,fake,midjourney-7,base,2025-04,True,484,928,1232,3,RGB,PNG,1530751,0.7532467532467533,True,midjourney-7,fake::midjourney-7,False,e8f51b9f777764d4c89ccc6b3dd05dd9,5118,855548.jpg,False,
OF005119,fake,veo-3,video,2025-11,True,36,720,1280,3,RGB,JPEG,195671,0.5625,True,veo-3,fake::veo-3,False,447739adc3b1c15534e272438b1bcf78,5119,0135826.jpg,False,
OF005122,real,docci,real,,True,627,2048,1535,3,RGB,JPEG,472278,1.3342019543973942,True,docci,real::docci,False,f2d98afbbd97a852cc563c5d558b256a,5122,train_08145.jpg,False,
OF005123,fake,gpt-image-1.5,image,2026-02,True,382,1696,2528,3,RGB,JPEG,1683732,0.6708860759493671,True,gpt-image-1.5,fake::gpt-image-1.5,False,03e19557537b53e0c39967dfd6500ed9,5123,0000805.jpg,False,
OF005125,fake,midjourney-7,base,2025-04,True,724,1024,1024,3,RGB,PNG,1497080,1.0,True,midjourney-7,fake::midjourney-7,False,e8f2bc9f400a7768714a463554f02f71,5125,26201.jpg,False,
OF005129,real,imagenet,real,,True,714,500,375,3,RGB,JPEG,268381,1.3333333333333333,True,imagenet,real::imagenet,False,d368b67bf6174e5db96e06affe4ea3dc,5129,n01818515_967.JPEG,False,
OF005133,fake,gpt-image-1.5,image,2026-01,True,142,3584,4800,3,RGB,JPEG,13206431,0.7466666666666667,True,gpt-image-1.5,fake::gpt-image-1.5,False,3133b99ead89b7509c0625416c5168ee,5133,0055211.jpg,False,
OF005134,real,imagenet,real,,True,725,500,361,3,RGB,JPEG,111843,1.3850415512465375,True,imagenet,real::imagenet,False,076c7c8fd1cc674bc094b41d98fb3747,5134,n01534433_20583.JPEG,False,
OF005135,real,imagenet,real,,True,740,500,334,3,RGB,JPEG,78893,1.497005988023952,True,imagenet,real::imagenet,False,cf1ff9fb5baaee66723d983c8f49043c,5135,n01770081_4360.JPEG,False,
OF005138,real,docci,real,,True,577,2048,1536,3,RGB,JPEG,248990,1.3333333333333333,True,docci,real::docci,False,fcaea94eca5fc86be1d13331c717f09c,5138,train_04502.jpg,False,
OF005141,fake,ernie-image-turbo,image,2026-04,True,604,1024,1536,3,RGB,JPEG,274525,0.6666666666666666,True,ernie-image-turbo,fake::ernie-image-turbo,False,bf9317ba65fff6be24678da4503beeb1,5141,0032455.jpg,False,
OF005142,real,imagenet,real,,True,447,500,348,3,RGB,JPEG,73661,1.4367816091954022,True,imagenet,real::imagenet,False,dd5f0cfb055a2a9bc7c177e3988b002a,5142,n01582220_11564.JPEG,False,
OF005143,fake,gpt-image-1.5,image,2026-03,True,133,1024,1536,3,RGB,JPEG,410456,0.6666666666666666,True,gpt-image-1.5,fake::gpt-image-1.5,False,b657f30977b2f6defffaed4a784ca37c,5143,0026791.jpg,False,
OF005149,fake,gpt-image-1.5,image,2026-01,True,832,1536,1024,3,RGB,PNG,3674161,1.5,True,gpt-image-1.5,fake::gpt-image-1.5,False,0a64c55d6736e0fbc6f25485627d7ec2,5149,0076657.jpg,False,
OF005151,real,imagenet,real,,True,541,770,417,3,RGB,JPEG,32591,1.8465227817745804,True,imagenet,real::imagenet,False,6f0021a614ed5516eb22840a67f581c1,5151,n01784675_16358.JPEG,False,
OF005154,fake,flux.2-klein-9b,Base,2026-01-14,True,808,1024,1024,3,RGB,JPEG,319329,1.0,True,flux.2-klein-9b,fake::flux.2-klein-9b,False,a11967e2e5ac2f6803eb0d539a05d6b5,5154,1080259.jpg,False,
OF005155,real,imagenet,real,,True,557,400,300,3,RGB,JPEG,28443,1.3333333333333333,True,imagenet,real::imagenet,False,69bc49cd578a242c33b23e8013f91919,5155,n01631663_6158.JPEG,False,
OF005156,real,docci,real,,True,488,1536,2048,3,RGB,JPEG,328887,0.75,True,docci,real::docci,False,827f67ae9ba8f89b2e5dacb06beb0894,5156,train_08235.jpg,False,
OF005157,real,docci,real,,True,660,1536,2048,3,RGB,JPEG,63035,0.75,True,docci,real::docci,False,501729acda5694cbf3cfc7d76a738423,5157,train_06334.jpg,False,
OF005159,fake,gpt-image-1.5,image,2026-03,True,833,1536,1024,3,RGB,PNG,2984505,1.5,True,gpt-image-1.5,fake::gpt-image-1.5,False,33830f1fce97cd7303130221be5a364f,5159,0059703.jpg,False,
OF005163,real,docci,real,,True,835,1536,2048,3,RGB,JPEG,451507,0.75,True,docci,real::docci,False,61bb17495017098e6ffd8eae40f594b7,5163,train_08425.jpg,False,
OF005164,fake,veo-3,video,2025-12,True,18,720,1280,3,RGB,JPEG,191387,0.5625,True,veo-3,fake::veo-3,False,15b229e957abb3311a3a773d8e05cedf,5164,0312225.jpg,False,
OF005168,real,docci,real,,True,314,2048,1536,3,RGB,JPEG,138071,1.3333333333333333,True,docci,real::docci,False,c81d8556caa91806306cb795290ed1d8,5168,train_07672.jpg,False,
OF005170,real,docci,real,,True,572,1536,2048,3,RGB,JPEG,312965,0.75,True,docci,real::docci,False,1257243240cb08d2e6bcc666a5cdb5ac,5170,train_00190.jpg,False,
OF005172,fake,wan-video-2.5,video,2025-11,True,102,1176,1764,3,RGB,JPEG,497561,0.6666666666666666,True,wan-video-2.5,fake::wan-video-2.5,False,860cdaa1419f2703ec637b69dc7e55d5,5172,0155569.jpg,False,
OF005176,fake,ernie-image-turbo,image,2026-04,True,400,1488,1920,3,RGB,PNG,3682783,0.775,True,ernie-image-turbo,fake::ernie-image-turbo,False,72c73c79f108d06e6cccdb071a00690d,5176,0048962.jpg,False,
OF005178,real,docci,real,,True,413,2048,1536,3,RGB,JPEG,753356,1.3333333333333333,True,docci,real::docci,False,cd51b59ec6e61c9907713adf48ef262f,5178,train_04401.jpg,False,
OF005179,real,docci,real,,True,416,1535,2048,3,RGB,JPEG,238020,0.74951171875,True,docci,real::docci,False,f427bc3b982a43ae25a5d6e3fb3676be,5179,train_01939.jpg,False,
OF005182,real,imagenet,real,,True,619,500,375,3,RGB,JPEG,280626,1.3333333333333333,True,imagenet,real::imagenet,False,abc0ca5e10ae8d7ff8ee3b54edf8a613,5182,n01494475_376.JPEG,False,
OF005188,real,imagenet,real,,True,670,500,334,3,RGB,JPEG,108181,1.497005988023952,True,imagenet,real::imagenet,False,c337e5ea005f9cb6b4403120c324a266,5188,n01755581_21399.JPEG,False,
OF005190,fake,z-image-turbo,image,2026-03,True,1046,832,1216,3,RGB,JPEG,235589,0.6842105263157895,True,z-image-turbo,fake::z-image-turbo,False,53b2e0ffb04d9fd032b17aa813900635,5190,0099679.jpg,False,
OF005191,real,imagenet,real,,True,349,500,375,3,RGB,JPEG,105175,1.3333333333333333,True,imagenet,real::imagenet,False,4b335e262d62d7262a93ba5f22efda80,5191,n01751748_4972.JPEG,False,
OF005192,fake,illustrious,image,2026-04,True,734,1024,1024,3,RGB,JPEG,178974,1.0,True,illustrious,fake::illustrious,False,2ebabee8ad1ec7f5b6638b29f68e9c5a,5192,0097700.jpg,False,
OF005194,real,docci,real,,True,618,2048,1536,3,RGB,JPEG,194674,1.3333333333333333,True,docci,real::docci,False,58b4e2378defa28be8db7002ecf3dd52,5194,test_03892.jpg,False,
OF005196,real,docci,real,,True,759,2048,1536,3,RGB,JPEG,811560,1.3333333333333333,True,docci,real::docci,False,b1f77209101ebdfdb92c7d87db9a9700,5196,train_06135.jpg,False,
OF005198,fake,midjourney-7,base,2025-04,True,747,1024,1024,3,RGB,PNG,1501593,1.0,True,midjourney-7,fake::midjourney-7,False,2f64be3282e0d9c955a5a24ce317f1a6,5198,41734.jpg,False,
OF005203,fake,midjourney-7,base,2025-04,True,817,816,1456,3,RGB,PNG,1621773,0.5604395604395604,True,midjourney-7,fake::midjourney-7,False,8577b64f0cf2dead311fadca6ae86c6b,5203,50560.jpg,False,
OF005204,real,docci,real,,True,776,1536,2048,3,RGB,JPEG,968373,0.75,True,docci,real::docci,False,b88b0550b853dcd0917b69bbbebb62e8,5204,train_01291.jpg,False,
OF005206,fake,gpt-image-1.5,image,2026-02,True,778,1024,1536,3,RGB,JPEG,232808,0.6666666666666666,True,gpt-image-1.5,fake::gpt-image-1.5,False,3615046c499c3d5f196b1ac94337867c,5206,0065792.jpg,False,
OF005208,real,docci,real,,True,557,2048,1536,3,RGB,JPEG,944329,1.3333333333333333,True,docci,real::docci,False,dcc89c06049812ea4b9b79393b7065ac,5208,test_01705.jpg,False,
OF005209,real,docci,real,,True,608,2048,1536,3,RGB,JPEG,405312,1.3333333333333333,True,docci,real::docci,False,7d8ac4145099ee9ed0e8c07e1719d24b,5209,test_01342.jpg,False,
OF005210,real,docci,real,,True,705,2048,1536,3,RGB,JPEG,239231,1.3333333333333333,True,docci,real::docci,False,67c6498f7bb4a9ece4c3374b1b219d2e,5210,test_00427.jpg,False,
OF005223,fake,midjourney-7,base,2025-04,True,811,1024,1024,3,RGB,PNG,1701484,1.0,True,midjourney-7,fake::midjourney-7,False,53b897b7dc1f688ddafd6ab4991dfbcf,5223,43438.jpg,False,
OF005226,real,docci,real,,True,639,2048,1536,3,RGB,JPEG,399944,1.3333333333333333,True,docci,real::docci,False,525fe72bfb0a8f2d1efbe32a52548326,5226,train_04594.jpg,False,
OF005228,fake,aurora-20-1-25,base,unknown,True,38,1024,768,3,RGB,PNG,717597,1.3333333333333333,True,aurora-20-1-25,fake::aurora-20-1-25,False,8b5393ffb76829233bb74ecd50c7d4ad,5228,34321.jpg,False,
OF005230,real,docci,real,,True,733,2048,1536,3,RGB,JPEG,253606,1.3333333333333333,True,docci,real::docci,False,dae9794417fed23e0c1f9ca386327217,5230,test_00946.jpg,False,
OF005233,fake,ernie-image-turbo,image,2026-04,True,109,1024,1024,3,RGB,JPEG,334350,1.0,True,ernie-image-turbo,fake::ernie-image-turbo,False,3e5b3b44172440bea7f0ee27c24ec24c,5233,0045832.jpg,False,
OF005238,fake,veo-3,video,2025-10,True,316,1080,1920,3,RGB,JPEG,591622,0.5625,True,veo-3,fake::veo-3,False,c23f7f48379c1b3a6c8995e04214ee1a,5238,0324296.jpg,False,
OF005241,real,imagenet,real,,True,536,500,333,3,RGB,JPEG,169849,1.5015015015015014,True,imagenet,real::imagenet,False,8897e6ac5e1b8e0b8c178dc9c7a6f219,5241,n01518878_32633.JPEG,False,
OF005245,real,docci,real,,True,497,2048,1536,3,RGB,JPEG,310129,1.3333333333333333,True,docci,real::docci,False,c628f6d5ecbb290080f8f775fc926db5,5245,train_03111.jpg,False,
OF005247,real,docci,real,,True,580,2048,1535,3,RGB,JPEG,318799,1.3342019543973942,True,docci,real::docci,False,c392c9adefd88dfd3691e0dcd17f5887,5247,train_00512.jpg,False,
OF005248,real,docci,real,,True,432,2048,1536,3,RGB,JPEG,949157,1.3333333333333333,True,docci,real::docci,False,a54df415c55d20dbc6d91f02d2215462,5248,train_07474.jpg,False,
OF005252,real,docci,real,,True,596,2048,1536,3,RGB,JPEG,337791,1.3333333333333333,True,docci,real::docci,False,e83312a545978ee6b8efdcf5317cd9b6,5252,train_02959.jpg,False,
OF005265,real,docci,real,,True,582,2048,1536,3,RGB,JPEG,508214,1.3333333333333333,True,docci,real::docci,False,8ba655a27f5c621dfd77046f9c565450,5265,train_03994.jpg,False,
OF005267,real,imagenet,real,,True,458,328,400,3,RGB,JPEG,14580,0.82,True,imagenet,real::imagenet,False,1eee454b9b67e3787ffb4b7a524d9485,5267,n01608432_8145.JPEG,False,
OF005268,fake,wan-video-2.5,video,2025-12,True,379,550,726,3,RGB,JPEG,100032,0.7575757575757576,True,wan-video-2.5,fake::wan-video-2.5,False,9872cb057bc2e2669317a9e53904e791,5268,0322627.jpg,False,
OF005269,real,imagenet,real,,True,458,500,435,3,RGB,JPEG,155451,1.1494252873563218,True,imagenet,real::imagenet,False,409aff01db4c4f3901918af03ce887c0,5269,n01560419_2744.JPEG,False,
OF005270,fake,wan-video-2.5,video,2025-10,True,59,524,760,3,RGB,JPEG,105333,0.6894736842105263,True,wan-video-2.5,fake::wan-video-2.5,False,d91b6b60f026fab30efc86141b80c93f,5270,0302578.jpg,False,
OF005272,real,imagenet,real,,True,619,2288,1712,3,RGB,JPEG,768149,1.3364485981308412,True,imagenet,real::imagenet,False,bfb7ff4edb79c109c6ff753cbf50f8d9,5272,n01797886_4470.JPEG,False,
OF005274,fake,z-image-turbo,image,2025-12,True,1567,1664,2432,3,RGB,PNG,5717985,0.6842105263157895,True,z-image-turbo,fake::z-image-turbo,False,ea0ae978983e870a8854d1f60740d386,5274,0031722.jpg,False,
OF005275,fake,veo-3,video,2025-06,True,482,720,1280,3,RGB,JPEG,204406,0.5625,True,veo-3,fake::veo-3,False,ed01a1871b47179f91781d4f479e60ca,5275,0241735.jpg,False,
OF005276,fake,ernie-image,image,2026-04,True,1480,1024,1024,3,RGB,JPEG,319044,1.0,True,ernie-image,fake::ernie-image,False,a3eec40d76f506627f7cd3d08a967f98,5276,0085979.jpg,False,
OF005277,fake,frames-23-1-25,base,unknown,True,46,1920,1088,3,RGB,PNG,2946241,1.7647058823529411,True,frames-23-1-25,fake::frames-23-1-25,False,a35fbf74518151eb3be7b31ef81a9f56,5277,26983.jpg,False,
OF005281,fake,midjourney-7,base,2025-04,True,526,1024,1024,3,RGB,PNG,1731951,1.0,True,midjourney-7,fake::midjourney-7,False,e804bf62d9f95ecce740ca790df4ab20,5281,452172.jpg,False,
OF005283,real,docci,real,,True,313,2048,1535,3,RGB,JPEG,285777,1.3342019543973942,True,docci,real::docci,False,8bc6b60283eaa0382d354a3b6e70baed,5283,test_03284.jpg,False,
OF005284,real,imagenet,real,,True,547,500,325,3,RGB,JPEG,57306,1.5384615384615383,True,imagenet,real::imagenet,False,53fbab1f09de4d71227a6a728156f633,5284,n01739381_9555.JPEG,False,
OF005285,real,imagenet,real,,True,598,500,333,3,RGB,JPEG,74584,1.5015015015015014,True,imagenet,real::imagenet,False,fb520f49d7271bdd83d9c5c11ece9268,5285,n01641577_18094.JPEG,False,
OF005290,fake,z-image-turbo,video,2026-04,True,116,1440,1080,3,RGB,JPEG,237247,1.3333333333333333,True,z-image-turbo,fake::z-image-turbo,False,2931edfc78fae0d8cde2772a4bdaebbe,5290,0130516.jpg,False,
OF005291,real,imagenet,real,,True,648,500,375,3,RGB,JPEG,149255,1.3333333333333333,True,imagenet,real::imagenet,False,a10909242bd378975d6512a3c2f5256e,5291,n01774384_1126.JPEG,False,
OF005295,real,imagenet,real,,True,352,500,369,3,RGB,JPEG,100009,1.3550135501355014,True,imagenet,real::imagenet,False,12135a1e904e281ea80340e3e2fd7a6b,5295,n01560419_2601.JPEG,False,
OF005296,fake,illustrious,image,2025-02,True,585,1024,1024,3,RGB,JPEG,214524,1.0,True,illustrious,fake::illustrious,False,184138bc2cd979407a55fb1493862e5d,5296,0064764.jpg,False,
OF005297,real,docci,real,,True,498,2048,1536,3,RGB,JPEG,172014,1.3333333333333333,True,docci,real::docci,False,9e39b2327ea29b15c0ffdde2e731fa2e,5297,test_02389.jpg,False,
OF005298,fake,midjourney-7,base,2025-04,True,787,896,1344,3,RGB,PNG,2135654,0.6666666666666666,True,midjourney-7,fake::midjourney-7,False,a2fd4d49039abb8a61ce93209700a4b1,5298,733488.jpg,False,
OF005299,fake,gpt-image-2,image,2026-04,True,119,1536,1024,3,RGB,JPEG,408083,1.5,True,gpt-image-2,fake::gpt-image-2,False,115f9ec7c7f4d7179eafd81903b81e27,5299,0096965.jpg,False,
OF005302,real,imagenet,real,,True,567,500,375,3,RGB,JPEG,146483,1.3333333333333333,True,imagenet,real::imagenet,False,f9be2ddb7583c13251bb1eb031f325ad,5302,n01742172_6208.JPEG,False,
OF005304,real,docci,real,,True,640,1536,2048,3,RGB,JPEG,270799,0.75,True,docci,real::docci,False,fd71a93fac8b76a7587f4377d8e2f57f,5304,train_07944.jpg,False,
OF005306,fake,z-image-turbo,Base,2025-11-25,True,617,1024,1024,3,RGB,JPEG,328897,1.0,True,z-image-turbo,fake::z-image-turbo,False,ffabed1695a53aa1abf4de77c321d59a,5306,948911.jpg,False,
OF005307,real,imagenet,real,,True,591,1565,702,3,RGB,JPEG,688971,2.2293447293447293,True,imagenet,real::imagenet,False,8600801e215b63f4ed8c2b23c279d3ba,5307,n01632777_20321.JPEG,False,
OF005308,real,imagenet,real,,True,587,130,85,3,RGB,JPEG,47102,1.5294117647058822,True,imagenet,real::imagenet,False,78302be3f1aeb38ecbf418534278be3b,5308,n01795545_2025.JPEG,False,
OF005309,fake,gpt-image-2,image,2026-04,True,653,1086,1448,3,RGB,PNG,2719523,0.75,True,gpt-image-2,fake::gpt-image-2,False,50c1c034545a99d9194c0be11d2bad44,5309,0099727.jpg,False,
OF005311,real,docci,real,,True,598,1536,2048,3,RGB,JPEG,228485,0.75,True,docci,real::docci,False,863512e1788cca4bc58ca45df5528735,5311,test_02025.jpg,False,
OF005316,real,docci,real,,True,405,2048,1536,3,RGB,JPEG,283589,1.3333333333333333,True,docci,real::docci,False,6ce7116f30eb2a586c7a517accafaa10,5316,test_00022.jpg,False,
OF005318,fake,seedream-v5.0,image,2026-02,True,774,1440,2560,3,RGB,JPEG,649159,0.5625,True,seedream-v5.0,fake::seedream-v5.0,False,215a88b5d3ddf60a447e5a35d153a9b7,5318,0082681.jpg,False,
OF005319,fake,sora-2,image,2025-07,True,561,1024,1536,3,RGB,JPEG,188978,0.6666666666666666,True,sora-2,fake::sora-2,False,1b9b07a4b1ae727e207c05365a7d648a,5319,0025472.jpg,False,
OF005320,real,imagenet,real,,True,755,333,500,3,RGB,JPEG,138438,0.666,True,imagenet,real::imagenet,False,5ee37fa26e30ff76048d6675a61eb4a0,5320,n01692333_6743.JPEG,False,
OF005322,fake,midjourney-7,base,2025-04,True,662,1024,1024,3,RGB,PNG,1713764,1.0,True,midjourney-7,fake::midjourney-7,False,f4fe1e71b88ecb1f0715be67570e2c3a,5322,177777.jpg,False,
OF005323,fake,midjourney-7,base,2025-04,True,637,816,1456,3,RGB,PNG,1240067,0.5604395604395604,True,midjourney-7,fake::midjourney-7,False,8c7b90b361672d95ad4bb634ef1bb78e,5323,204776.jpg,False,
OF005335,real,docci,real,,True,553,2048,1536,3,RGB,JPEG,743172,1.3333333333333333,True,docci,real::docci,False,e8ecc395b0143f91a2ea427ccf65023d,5335,test_02185.jpg,False,
OF005338,real,docci,real,,True,673,2048,1536,3,RGB,JPEG,1069153,1.3333333333333333,True,docci,real::docci,False,f93f41c9418bd016653833412ec3e110,5338,train_06865.jpg,False,
OF005340,real,imagenet,real,,True,752,600,400,3,RGB,JPEG,64197,1.5,True,imagenet,real::imagenet,False,8e53cf2c7d7cd5eb73a4d7aee43816b2,5340,n01494475_18428.JPEG,False,
OF005343,fake,flux.2-klein-9b,Base,2026-01-14,True,590,1024,1024,3,RGB,JPEG,332321,1.0,True,flux.2-klein-9b,fake::flux.2-klein-9b,False,e7476634b89ce3fb4fc4b67c7c36c095,5343,1086761.jpg,False,
OF005344,real,docci,real,,True,602,2048,1536,3,RGB,JPEG,992023,1.3333333333333333,True,docci,real::docci,False,1eb96e3f33bc2764c53514f3f101918d,5344,train_06206.jpg,False,
OF005345,real,imagenet,real,,True,513,500,473,3,RGB,JPEG,115740,1.0570824524312896,True,imagenet,real::imagenet,False,0525132d4f74af8f0826bd5d28fbd545,5345,n01773797_1644.JPEG,False,
OF005347,real,docci,real,,True,526,2048,1536,3,RGB,JPEG,623162,1.3333333333333333,True,docci,real::docci,False,54f56acacfbb144bee4e0b5015daddd3,5347,train_00712.jpg,False,
OF005351,real,imagenet,real,,True,614,438,254,3,RGB,JPEG,65685,1.7244094488188977,True,imagenet,real::imagenet,False,732c0e5904b86467829d277d34ce0611,5351,n01675722_7506.JPEG,False,
OF005353,fake,midjourney-7,base,2025-04,True,683,1456,816,3,RGB,PNG,2112913,1.7843137254901962,True,midjourney-7,fake::midjourney-7,False,d5224a5c5b097cb10ec7f51766c610c9,5353,783601.jpg,False,
OF005355,real,imagenet,real,,True,318,500,375,3,RGB,JPEG,147036,1.3333333333333333,True,imagenet,real::imagenet,False,f93d1bbcb7d831e706c1e401161fe4d6,5355,n01775062_3379.JPEG,False,
OF005357,real,docci,real,,True,646,2048,1536,3,RGB,JPEG,748844,1.3333333333333333,True,docci,real::docci,False,803dad67e97b4efe9779dd041a7036a3,5357,train_01269.jpg,False,
OF005360,fake,illustrious,video,2026-03,True,5,480,640,3,RGB,JPEG,107805,0.75,True,illustrious,fake::illustrious,False,e42d9576cac4df98ff31c14042f44316,5360,0329807.jpg,False,
OF005362,real,docci,real,,True,599,2048,1536,3,RGB,JPEG,746423,1.3333333333333333,True,docci,real::docci,False,bee0730eb5195dae9696e093a70e7f59,5362,test_00992.jpg,False,
OF005364,fake,z-image-turbo,image,2026-03,True,621,2688,3840,3,RGB,JPEG,1534031,0.7,True,z-image-turbo,fake::z-image-turbo,False,f1eaf734dad762977d82b6dca406b928,5364,0049806.jpg,False,
OF005366,real,docci,real,,True,547,1536,2048,3,RGB,JPEG,183255,0.75,True,docci,real::docci,False,43b253db31a25f18dd7d6bc7df3dad01,5366,test_00188.jpg,False,
OF005367,real,imagenet,real,,True,387,500,334,3,RGB,JPEG,153749,1.497005988023952,True,imagenet,real::imagenet,False,d1842ec1ffa86803bbf2882e6c6bfd31,5367,n01697457_10622.JPEG,False,
OF005368,real,imagenet,real,,True,650,375,500,3,RGB,JPEG,154378,0.75,True,imagenet,real::imagenet,False,fc0baad7c52af72249ca15387874ecbf,5368,n01735189_13539.JPEG,False,
OF005370,fake,recraft-v2,base,unknown,True,151,1024,1024,3,RGB,PNG,1463318,1.0,True,recraft-v2,fake::recraft-v2,False,d59a7cb691e010e8f97c4cc46929eb67,5370,02555.jpg,False,
OF005371,fake,gpt-image-2,image,2026-04,True,925,1122,1402,3,RGB,PNG,2383076,0.8002853067047075,True,gpt-image-2,fake::gpt-image-2,False,93cffc378b9745638fa7e7439085c538,5371,0100286.jpg,False,
OF005373,real,docci,real,,True,733,2048,1536,3,RGB,JPEG,591783,1.3333333333333333,True,docci,real::docci,False,e303f4a8693b4e423ead20ad21f895fc,5373,qual_dev_00065.jpg,False,
OF005376,fake,veo-3,video,2025-12,True,959,1280,720,3,RGB,JPEG,257492,1.7777777777777777,True,veo-3,fake::veo-3,False,67d043545050f0e3e52b366e85ab2ee7,5376,0314335.jpg,False,
OF005380,real,docci,real,,True,504,2048,1535,3,RGB,JPEG,262719,1.3342019543973942,True,docci,real::docci,False,5d26eceb4cabf3bb6a883de56539350a,5380,train_04043.jpg,False,
OF005383,fake,recraft-v3,base,2024-10,True,571,600,750,3,RGB,JPEG,158613,0.8,True,recraft-v3,fake::recraft-v3,False,c8d41e73b1cfd27302484a2a25b3326b,5383,56127.jpg,False,
OF005392,fake,lumina-17-2-25,base,unknown,True,44,1024,1024,3,RGB,PNG,1677182,1.0,True,lumina-17-2-25,fake::lumina-17-2-25,False,c5f7f76f9f5d69f9d5dfbe4dd54c5b9f,5392,16646.jpg,False,
OF005397,fake,z-image-turbo,image,2026-04,True,1012,704,1280,3,RGB,PNG,1488737,0.55,True,z-image-turbo,fake::z-image-turbo,False,470e651d92cd30af22a7aef5b3f55430,5397,0035311.jpg,False,
OF005400,fake,z-image-turbo,Base,2025-11-25,True,576,1024,1024,3,RGB,JPEG,284287,1.0,True,z-image-turbo,fake::z-image-turbo,False,3d7d23dfee22cc1e787ae0530920ee55,5400,940279.jpg,False,
OF005402,fake,illustrious,image,2025-04,True,770,1536,2688,3,RGB,WEBP,4921414,0.5714285714285714,True,illustrious,fake::illustrious,False,64ed425d4f07f81e66396f533e3596f7,5402,0070409.jpg,False,
OF005403,real,docci,real,,True,786,1535,2048,3,RGB,JPEG,242862,0.74951171875,True,docci,real::docci,False,0153697ef1cbe1474e0476e7d841ef36,5403,test_03905.jpg,False,
OF005404,real,imagenet,real,,True,651,500,333,3,RGB,JPEG,94583,1.5015015015015014,True,imagenet,real::imagenet,False,759a7a804da4c48b36972bbbc3f24be3,5404,n01737021_20744.JPEG,False,
OF005406,fake,z-image-turbo,image,2026-04,True,433,832,1216,3,RGB,JPEG,226219,0.6842105263157895,True,z-image-turbo,fake::z-image-turbo,False,e690dfbae779784b0d40696eb7266d67,5406,0018200.jpg,False,
OF005409,real,docci,real,,True,533,2048,1536,3,RGB,JPEG,280062,1.3333333333333333,True,docci,real::docci,False,5e98f3c92c12f58bf7f9eec9a598076b,5409,train_06539.jpg,False,
OF005412,real,docci,real,,True,577,2048,1536,3,RGB,JPEG,396181,1.3333333333333333,True,docci,real::docci,False,46419be5c73e6b733f1acf830689c359,5412,train_09080.jpg,False,
OF005415,real,docci,real,,True,624,2048,1536,3,RGB,JPEG,484928,1.3333333333333333,True,docci,real::docci,False,022277749c0fe2c54dbcbd12c5a31637,5415,test_02355.jpg,False,
OF005416,fake,wan-video-2.5,video,2026-01,True,571,1280,720,3,RGB,JPEG,177644,1.7777777777777777,True,wan-video-2.5,fake::wan-video-2.5,False,1f4cca6319c247f57eb43cbb8a752d62,5416,0230972.jpg,False,
OF005417,real,imagenet,real,,True,599,481,340,3,RGB,JPEG,47774,1.4147058823529413,True,imagenet,real::imagenet,False,c5ef21ee97619db5e109bd5387fa6769,5417,n01667114_4613.JPEG,False,
OF005418,real,docci,real,,True,546,480,359,3,RGB,JPEG,19418,1.3370473537604457,True,docci,real::docci,False,d91ab9e35db4954471b1db5f46214967,5418,train_08864.jpg,False,
OF005419,fake,wan-video-2.5,video,2026-01,True,568,764,522,3,RGB,JPEG,115084,1.4636015325670495,True,wan-video-2.5,fake::wan-video-2.5,False,f9b3345bc0a02a9766b9f81a42d2ff80,5419,0185011.jpg,False,
OF005421,real,imagenet,real,,True,315,300,216,3,RGB,JPEG,10085,1.3888888888888888,True,imagenet,real::imagenet,False,d4fc427d7f8e0fd5871def58fab67e28,5421,n01753488_13843.JPEG,False,
OF005426,fake,z-image-turbo,image,2026-03,True,489,832,1216,3,RGB,PNG,1351919,0.6842105263157895,True,z-image-turbo,fake::z-image-turbo,False,6852c21c856be35f4fe72cc0e71cdd6f,5426,0099579.jpg,False,
OF005428,fake,gpt-image-1.5,image,2026-01,True,663,1024,1536,3,RGB,PNG,2140338,0.6666666666666666,True,gpt-image-1.5,fake::gpt-image-1.5,False,455488d2377ee05d6bfc4300e2a1cdb5,5428,0011477.jpg,False,
OF005431,fake,illustrious,video,2026-03,True,309,464,688,3,RGB,JPEG,181082,0.6744186046511628,True,illustrious,fake::illustrious,False,9e59aac4d6f01d5c8139791343bb8ddc,5431,0131854.jpg,False,
OF005433,fake,z-image-turbo,Base,2025-11-25,True,722,1024,1024,3,RGB,JPEG,242997,1.0,True,z-image-turbo,fake::z-image-turbo,False,57d75b68b001e85ed3fcc266d74fff13,5433,1088781.jpg,False,
OF005435,fake,illustrious,video,2026-03,True,467,1192,1628,3,RGB,JPEG,429448,0.7321867321867321,True,illustrious,fake::illustrious,False,b6f5c3df501070dca69e4b3de61e2b46,5435,0138664.jpg,False,
OF005436,real,docci,real,,True,642,2048,1536,3,RGB,JPEG,899802,1.3333333333333333,True,docci,real::docci,False,0b2b9326337271c62cbccb3e08fbf1a4,5436,test_02672.jpg,False,
OF005438,real,docci,real,,True,684,480,359,3,RGB,JPEG,27951,1.3370473537604457,True,docci,real::docci,False,795131c740a8c31cb02cca99658714b2,5438,train_01756.jpg,False,
OF005444,real,docci,real,,True,512,4032,3024,3,RGB,JPEG,972334,1.3333333333333333,True,docci,real::docci,False,5ce63eb93e515ad308ae49f9271f1aa8,5444,train_05956.jpg,False,
OF005445,real,imagenet,real,,True,603,500,375,3,RGB,JPEG,258097,1.3333333333333333,True,imagenet,real::imagenet,False,49b59959a152017bff99ab7a52b2c5a9,5445,n01698640_23827.JPEG,False,
OF005447,fake,recraft-v3,base,2024-10,True,386,600,600,3,RGB,JPEG,165605,1.0,True,recraft-v3,fake::recraft-v3,False,7e2306de0197ee6284cdc8a02f82c676,5447,41225.jpg,False,
OF005450,fake,ernie-image-turbo,image,2026-04,True,420,2304,3528,3,RGB,PNG,9666433,0.6530612244897959,True,ernie-image-turbo,fake::ernie-image-turbo,False,2f841fa3b88beb09e53646ab6eddff4d,5450,0006871.jpg,False,
OF005455,fake,sora-2,image,2025-08,True,681,1024,1536,3,RGB,JPEG,598646,0.6666666666666666,True,sora-2,fake::sora-2,False,c15ba3537efa592f32a6d0f81e3d96c1,5455,0099557.jpg,False,
OF005456,real,docci,real,,True,515,2048,1536,3,RGB,JPEG,1046825,1.3333333333333333,True,docci,real::docci,False,2ef0feb7c307f64ac952ba325c305343,5456,train_04303.jpg,False,
OF005458,fake,ernie-image-turbo,image,2026-04,True,810,1024,1024,3,RGB,JPEG,329071,1.0,True,ernie-image-turbo,fake::ernie-image-turbo,False,a0cd6296251d185e851e7636725a4a40,5458,0010514.jpg,False,
OF005463,real,docci,real,,True,496,2048,1536,3,RGB,JPEG,790009,1.3333333333333333,True,docci,real::docci,False,b3e6219d8a728667cdcf28ff27ae3e7b,5463,train_07076.jpg,False,
OF005464,real,imagenet,real,,True,528,474,500,3,RGB,JPEG,171726,0.948,True,imagenet,real::imagenet,False,3567a7ffa4c9cc229f0a5f50e2cc61b3,5464,n01784675_2991.JPEG,False,
OF005465,fake,recraft-v3,base,2024-10,True,323,600,600,3,RGB,JPEG,131404,1.0,True,recraft-v3,fake::recraft-v3,False,bc8be307e44f2e678b21bca98a3cce7b,5465,58483.jpg,False,
OF005466,fake,gpt-image-2,image,2026-04,True,192,2160,3240,3,RGB,JPEG,2127394,0.6666666666666666,True,gpt-image-2,fake::gpt-image-2,False,404c84c4c1e07d7ef575ef8ed9b19d57,5466,0036744.jpg,False,
OF005467,fake,flux.2-klein-9b,Base,2026-01-14,True,671,1024,1024,3,RGB,JPEG,577479,1.0,True,flux.2-klein-9b,fake::flux.2-klein-9b,False,90675c96d3779e8c717e19b046df1d84,5467,941168.jpg,False,
OF005470,fake,illustrious,image,2025-05,True,668,1344,2400,3,RGB,PNG,3482256,0.56,True,illustrious,fake::illustrious,False,a6a59f935537d03644993e2ad7d775f7,5470,0064424.jpg,False,
OF005471,real,docci,real,,True,749,2048,1536,3,RGB,JPEG,383727,1.3333333333333333,True,docci,real::docci,False,33905c7493939c5e9ec8ed4cfe63d906,5471,train_05437.jpg,False,
OF005472,real,imagenet,real,,True,592,333,500,3,RGB,JPEG,146022,0.666,True,imagenet,real::imagenet,False,f7fe1476202259a94cef414326287bd0,5472,n01824575_10424.JPEG,False,
OF005473,fake,gpt-image-1.5,image,2026-03,True,1382,1024,1536,3,RGB,JPEG,469872,0.6666666666666666,True,gpt-image-1.5,fake::gpt-image-1.5,False,8c978e9cbfc04a8d19938e6ea075a804,5473,0060792.jpg,False,
OF005478,fake,recraft-v3,base,2024-10,True,563,600,600,3,RGB,JPEG,97175,1.0,True,recraft-v3,fake::recraft-v3,False,013999b8cff5e337965ca7a46807cacb,5478,11597.jpg,False,
OF005482,real,imagenet,real,,True,464,500,360,3,RGB,JPEG,32497,1.3888888888888888,True,imagenet,real::imagenet,False,bdc51aa10eb5890ad5d207298a7eaae2,5482,n01784675_447.JPEG,False,
OF005484,fake,ernie-image-turbo,image,2026-04,True,211,1024,1536,3,RGB,JPEG,257000,0.6666666666666666,True,ernie-image-turbo,fake::ernie-image-turbo,False,ccc1cff79b6c8dd60d276c184fdc4fe6,5484,0058849.jpg,False,
OF005486,fake,z-image-turbo,Base,2025-11-25,True,582,1024,1024,3,RGB,JPEG,227720,1.0,True,z-image-turbo,fake::z-image-turbo,False,9ad388925142bc79579fe5d0520c1020,5486,1083497.jpg,False,
OF005488,real,docci,real,,True,658,1536,2048,3,RGB,JPEG,361953,0.75,True,docci,real::docci,False,269550b95b715518d95273e44cc0952c,5488,train_05988.jpg,False,
OF005489,fake,recraft-v3,base,2024-10,True,482,600,600,3,RGB,JPEG,166484,1.0,True,recraft-v3,fake::recraft-v3,False,24320360cb1a9a32009647ee5b469492,5489,24314.jpg,False,
OF005490,fake,veo-3,video,2025-07,True,443,720,1280,3,RGB,JPEG,141946,0.5625,True,veo-3,fake::veo-3,False,f78a7b9fc8c735341eaa636f2bf35b99,5490,0116779.jpg,False,
OF005491,fake,recraft-v3,base,2024-10,True,801,600,600,3,RGB,JPEG,130440,1.0,True,recraft-v3,fake::recraft-v3,False,e918f3d9af63c8543ed40d8e75ea230a,5491,31530.jpg,False,
OF005492,fake,z-image-turbo,Base,2025-11-25,True,581,1024,1024,3,RGB,JPEG,294557,1.0,True,z-image-turbo,fake::z-image-turbo,False,8f5a3cee0a11ac41394307a00b0771b8,5492,1091660.jpg,False,
OF005496,fake,ernie-image,image,2026-04,True,604,1024,1024,3,RGB,JPEG,234959,1.0,True,ernie-image,fake::ernie-image,False,f6b67e71407478c1abbd6945503708c2,5496,0043987.jpg,False,
OF005498,real,imagenet,real,,True,615,500,333,3,RGB,JPEG,116626,1.5015015015015014,True,imagenet,real::imagenet,False,2e84adccb206a0dbd4195a9292702835,5498,n01496331_19514.JPEG,False,
OF005502,real,imagenet,real,,True,547,399,500,3,RGB,JPEG,101098,0.798,True,imagenet,real::imagenet,False,58a39ff07184c0febeb1f1c027c32790,5502,n01531178_5275.JPEG,False,
OF005504,real,imagenet,real,,True,501,200,144,3,RGB,JPEG,6985,1.3888888888888888,True,imagenet,real::imagenet,False,febf59195d6e49f563076eafbb1997dd,5504,n01632777_2081.JPEG,False,
OF005506,fake,illustrious,image,2025-07,True,695,1536,2688,3,RGB,WEBP,4049056,0.5714285714285714,True,illustrious,fake::illustrious,False,79dba918455750dbf0d370ae859c09f3,5506,0082423.jpg,False,
OF005508,real,imagenet,real,,True,529,500,375,3,RGB,JPEG,137439,1.3333333333333333,True,imagenet,real::imagenet,False,bf0f05d9d2e0b8405cbdcd527efca186,5508,n01748264_17894.JPEG,False,
OF005509,real,imagenet,real,,True,645,500,310,3,RGB,JPEG,78639,1.6129032258064515,True,imagenet,real::imagenet,False,2e20aceceb328d70df639b4e1f95b46f,5509,n01631663_4731.JPEG,False,
OF005510,real,docci,real,,True,663,2048,1536,3,RGB,JPEG,1227205,1.3333333333333333,True,docci,real::docci,False,28ffa3c4dd77a580d6caa9e29e00a957,5510,test_00547.jpg,False,
OF005512,fake,midjourney-7,base,2025-04,True,633,1456,816,3,RGB,PNG,1911202,1.7843137254901962,True,midjourney-7,fake::midjourney-7,False,2bf20e59f69cb86a2cfbb3f905e2e03f,5512,14231.jpg,False,
OF005514,real,docci,real,,True,597,1536,2048,3,RGB,JPEG,487276,0.75,True,docci,real::docci,False,633149a7cf9a98a44d1eece59d37ad1e,5514,train_08881.jpg,False,
OF005517,real,docci,real,,True,626,2048,1536,3,RGB,JPEG,620033,1.3333333333333333,True,docci,real::docci,False,ce8cb40d5a54c70853d378504c7e5331,5517,train_02242.jpg,False,
OF005518,real,docci,real,,True,486,2048,1536,3,RGB,JPEG,665206,1.3333333333333333,True,docci,real::docci,False,2ee8fe7592ec89ceb4af526433780e50,5518,test_02003.jpg,False,
OF005519,fake,nano-banana-pro,video,2025-12,True,722,1948,1060,3,RGB,JPEG,431537,1.837735849056604,True,nano-banana-pro,fake::nano-banana-pro,False,cd52ee3b04fc816208fe811dca5405c5,5519,0156424.jpg,False,
OF005521,real,imagenet,real,,True,250,500,375,3,RGB,JPEG,83097,1.3333333333333333,True,imagenet,real::imagenet,False,e6de222a2afe149ccd4c0a9226933252,5521,n01592084_1457.JPEG,False,
OF005522,fake,gpt-image-1.5,image,2026-01,True,344,1536,1024,3,RGB,PNG,3289975,1.5,True,gpt-image-1.5,fake::gpt-image-1.5,False,5346c4f52efd615986f6daf09af1839d,5522,0047677.jpg,False,
OF005523,real,imagenet,real,,True,651,500,333,3,RGB,JPEG,46718,1.5015015015015014,True,imagenet,real::imagenet,False,36bcf67bd96571be1f41b3eca8530153,5523,n01728920_16719.JPEG,False,
OF005526,fake,illustrious,image,2025-08,True,760,1664,2432,3,RGB,PNG,4586008,0.6842105263157895,True,illustrious,fake::illustrious,False,d0fc89502b861c6065072ae8bf367589,5526,0077434.jpg,False,
OF005528,real,imagenet,real,,True,538,500,375,3,RGB,JPEG,117249,1.3333333333333333,True,imagenet,real::imagenet,False,fb8fa8f1e2221b80e34f3be3bf753a07,5528,n01532829_33412.JPEG,False,
OF005530,fake,veo-3,video,2025-12,True,773,1280,720,3,RGB,JPEG,296887,1.7777777777777777,True,veo-3,fake::veo-3,False,666a29517f2eca127972e97daf43ea2a,5530,0309226.jpg,False,
OF005533,fake,gpt-image-2,image,2026-04,True,100,1024,1536,3,RGB,JPEG,474768,0.6666666666666666,True,gpt-image-2,fake::gpt-image-2,False,eb5210ab2602820c84f1f4239e49b149,5533,0063054.jpg,False,
OF005537,fake,frames-23-1-25,base,unknown,True,24,1920,1088,3,RGB,PNG,2678306,1.7647058823529411,True,frames-23-1-25,fake::frames-23-1-25,False,164b1b47b99dfbbf2964c32158d25227,5537,13874.jpg,False,
OF005538,real,imagenet,real,,True,423,400,374,3,RGB,JPEG,63306,1.0695187165775402,True,imagenet,real::imagenet,False,010c99b1ffa550fd252869fae8af4de9,5538,n01644900_5569.JPEG,False,
OF005539,fake,z-image-turbo,Base,2025-11-25,True,722,1024,1024,3,RGB,JPEG,334197,1.0,True,z-image-turbo,fake::z-image-turbo,False,98be9d0748905f5a40c9f9a87d49ede4,5539,1085897.jpg,False,
OF005540,fake,aurora-20-1-25,base,unknown,True,54,1024,768,3,RGB,PNG,693631,1.3333333333333333,True,aurora-20-1-25,fake::aurora-20-1-25,False,38677e22b0e3042d21007fd215ae37ce,5540,52159.jpg,False,
OF005541,real,docci,real,,True,452,2048,1536,3,RGB,JPEG,200901,1.3333333333333333,True,docci,real::docci,False,1506ffcc506ae52c83a5dd00d8cfb1d3,5541,test_02514.jpg,False,
OF005543,fake,midjourney-7,base,2025-04,True,755,896,1344,3,RGB,PNG,1475677,0.6666666666666666,True,midjourney-7,fake::midjourney-7,False,fa0e361d20f119b60e4d084d4af4b28a,5543,493340.jpg,False,
OF005545,real,docci,real,,True,526,1536,2048,3,RGB,JPEG,341883,0.75,True,docci,real::docci,False,b165ac6c7bcd354502776157f9919b94,5545,train_05264.jpg,False,
OF005546,real,imagenet,real,,True,673,290,296,3,RGB,JPEG,33930,0.9797297297297296,True,imagenet,real::imagenet,False,42f73f9da74560baf3541c43c349df01,5546,n01798484_4377.JPEG,False,
OF005547,real,imagenet,real,,True,574,800,600,3,RGB,JPEG,94768,1.3333333333333333,True,imagenet,real::imagenet,False,180bb4b90252c5893a0bdfe2985411d2,5547,n01749939_6067.JPEG,False,
OF005548,fake,z-image-turbo,image,2026-01,True,717,1664,2432,3,RGB,PNG,7838832,0.6842105263157895,True,z-image-turbo,fake::z-image-turbo,False,17debd2a96d3a41f2dea0327f49ce932,5548,0045287.jpg,False,
OF005549,real,imagenet,real,,True,289,1500,1000,3,RGB,JPEG,220271,1.5,True,imagenet,real::imagenet,False,62069f70738166f2b031ba29e578c36e,5549,n01773797_2043.JPEG,False,
OF005550,fake,flux.2-klein-9b,Base,2026-01-14,True,550,1024,1024,3,RGB,JPEG,413060,1.0,True,flux.2-klein-9b,fake::flux.2-klein-9b,False,a2b08e8b15f1c6827c8125d67191c0bc,5550,1118567.jpg,False,
OF005554,fake,wan-video-2.5,video,2025-10,True,147,522,764,3,RGB,JPEG,126030,0.6832460732984293,True,wan-video-2.5,fake::wan-video-2.5,False,99c93f4123fc78620a50260147427fbe,5554,0162273.jpg,False,
OF005557,fake,veo-3,video,2026-02,True,1049,720,1280,3,RGB,JPEG,84526,0.5625,True,veo-3,fake::veo-3,False,c91788faaa06b168ec1319dc07a94931,5557,0141848.jpg,False,
OF005558,real,imagenet,real,,True,630,500,337,3,RGB,JPEG,88632,1.483679525222552,True,imagenet,real::imagenet,False,49a204950bc411aca9a7b308bbc84350,5558,n01494475_3901.JPEG,False,
OF005559,real,imagenet,real,,True,550,463,500,3,RGB,JPEG,121102,0.926,True,imagenet,real::imagenet,False,4157bde4c7d1d8a81b8048b32e46956a,5559,n01532829_3303.JPEG,False,
OF005560,fake,gpt-image-1.5,image,2025-12,True,325,1024,1536,3,RGB,PNG,2928314,0.6666666666666666,True,gpt-image-1.5,fake::gpt-image-1.5,False,14466e53acc4dd1f266f93d55c73bc14,5560,0030874.jpg,False,
OF005564,fake,illustrious,image,2026-04,True,478,832,1216,3,RGB,JPEG,182785,0.6842105263157895,True,illustrious,fake::illustrious,False,8eb12aec02676488ae911ee7cdf3d3b9,5564,0001200.jpg,False,
OF005566,real,imagenet,real,,True,672,500,445,3,RGB,JPEG,215695,1.1235955056179776,True,imagenet,real::imagenet,False,020cc0045381c8360070f376960e33c7,5566,n01797886_6120.JPEG,False,
OF005570,fake,midjourney-7,base,2025-04,True,528,816,1456,3,RGB,PNG,1694039,0.5604395604395604,True,midjourney-7,fake::midjourney-7,False,fdc492863fad967751f70575bb909173,5570,650560.jpg,False,
OF005574,real,imagenet,real,,True,704,500,375,3,RGB,JPEG,151147,1.3333333333333333,True,imagenet,real::imagenet,False,1f4f8715773a58b5e9cffb36d7129f48,5574,n01806143_9425.JPEG,False,
OF005578,real,imagenet,real,,True,534,500,500,3,RGB,JPEG,203257,1.0,True,imagenet,real::imagenet,False,a364092b2fae03da6e496155098af6f3,5578,n01776313_8266.JPEG,False,
OF005580,fake,gpt-image-1.5,image,2025-12,True,361,1024,1536,3,RGB,PNG,3299179,0.6666666666666666,True,gpt-image-1.5,fake::gpt-image-1.5,False,f42cf1c2f2c3d9cdc22b8d4eeb88b24d,5580,0068216.jpg,False,
OF005584,fake,recraft-v3,base,2024-10,True,628,600,338,3,RGB,JPEG,76998,1.7751479289940828,True,recraft-v3,fake::recraft-v3,False,cfeced69017c52f5061544f482fcf7d8,5584,56092.jpg,False,
OF005586,real,imagenet,real,,True,468,500,333,3,RGB,JPEG,165652,1.5015015015015014,True,imagenet,real::imagenet,False,eea2b52a1a0dadbe897dda8d13f184d7,5586,n01734418_8432.JPEG,False,
OF005589,fake,gpt-image-1.5,image,2026-01,True,1531,4096,6144,3,RGB,JPEG,4899163,0.6666666666666666,True,gpt-image-1.5,fake::gpt-image-1.5,False,518c976a419546247e105a8f11ff9e3e,5589,0045327.jpg,False,
OF005590,fake,aurora-20-1-25,base,unknown,True,63,1024,768,3,RGB,PNG,988259,1.3333333333333333,True,aurora-20-1-25,fake::aurora-20-1-25,False,58e4b173b2dd60b734785667d533b2e1,5590,38272.jpg,False,
OF005591,real,docci,real,,True,566,2048,1535,3,RGB,JPEG,267069,1.3342019543973942,True,docci,real::docci,False,30a64d3e90b37d1606c785f41e93e64a,5591,train_00989.jpg,False,
OF005593,real,docci,real,,True,315,2048,1536,3,RGB,JPEG,1115512,1.3333333333333333,True,docci,real::docci,False,a765f0fff3a67b9cab4c73687df0b18b,5593,test_01479.jpg,False,
OF005594,fake,flux.2-klein-9b,Base,2026-01-14,True,727,1024,1024,3,RGB,JPEG,449838,1.0,True,flux.2-klein-9b,fake::flux.2-klein-9b,False,c241edb9160655ece387e2c78001be81,5594,945710.jpg,False,
OF005596,real,imagenet,real,,True,500,400,275,3,RGB,JPEG,59969,1.4545454545454546,True,imagenet,real::imagenet,False,e4ee38e9d10601ac8d77c937347011db,5596,n01728572_3490.JPEG,False,
OF005598,fake,seedream-v5.0,image,2026-03,True,1673,2560,1440,3,RGB,JPEG,301463,1.7777777777777777,True,seedream-v5.0,fake::seedream-v5.0,False,c414967f24ce6278b2195792d7d64980,5598,0013255.jpg,False,
OF005600,fake,veo-3,video,2025-09,True,868,1080,1920,3,RGB,JPEG,350312,0.5625,True,veo-3,fake::veo-3,False,7519bb99738156b02afee3a31f1c3751,5600,0190856.jpg,False,
OF005601,fake,ernie-image-turbo,image,2026-04,True,1275,1024,1024,3,RGB,JPEG,161535,1.0,True,ernie-image-turbo,fake::ernie-image-turbo,False,8d2c74a8f545032ea0c5c46ac2add094,5601,0021216.jpg,False,
OF005604,real,docci,real,,True,493,2048,1536,3,RGB,JPEG,1095076,1.3333333333333333,True,docci,real::docci,False,de5c2e505c669a6cee85b111c819506c,5604,train_05589.jpg,False,
OF005606,real,imagenet,real,,True,543,500,375,3,RGB,JPEG,64025,1.3333333333333333,True,imagenet,real::imagenet,False,2464efb3b36d0e8b0e210454b7107f0e,5606,n01484850_17732.JPEG,False,
OF005609,real,docci,real,,True,589,1536,2048,3,RGB,JPEG,796560,0.75,True,docci,real::docci,False,a06d31a690955448ddbc2a4e744a3099,5609,train_01522.jpg,False,
OF005611,real,imagenet,real,,True,484,500,385,3,RGB,JPEG,113079,1.2987012987012987,True,imagenet,real::imagenet,False,6115cf1fbfdfd9a1b275c03483fbd8de,5611,n01532829_15762.JPEG,False,
OF005615,fake,ernie-image-turbo,image,2026-04,True,1482,1024,1024,3,RGB,JPEG,199916,1.0,True,ernie-image-turbo,fake::ernie-image-turbo,False,d8bd4ce5fe6ba7740f6e3b2c9695892e,5615,0055994.jpg,False,
OF005621,fake,illustrious,video,2026-03,True,163,480,640,3,RGB,JPEG,134984,0.75,True,illustrious,fake::illustrious,False,0d24d13e96cfc3230621f0dfa90ff72e,5621,0254340.jpg,False,
OF005622,real,imagenet,real,,True,495,512,384,3,RGB,JPEG,35070,1.3333333333333333,True,imagenet,real::imagenet,False,7768dacf914b1872b8f49849f006018f,5622,n01748264_18473.JPEG,False,
OF005626,fake,gpt-image-1.5,image,2026-03,True,1303,1024,1536,3,RGB,PNG,2448233,0.6666666666666666,True,gpt-image-1.5,fake::gpt-image-1.5,False,e716f2a4a8080a0034433bd1dd1533cb,5626,0051373.jpg,False,
OF005628,real,imagenet,real,,True,258,800,600,3,RGB,JPEG,65915,1.3333333333333333,True,imagenet,real::imagenet,False,7b5bd4f2b8bede8ea6a0dc26d1c1a6f9,5628,n01756291_17191.JPEG,False,
OF005631,fake,gpt-image-1.5,image,2026-02,True,552,1536,1024,3,RGB,PNG,2139573,1.5,True,gpt-image-1.5,fake::gpt-image-1.5,False,b258ea4952bb8eaca614fef7e93a707e,5631,0100295.jpg,False,
OF005632,real,docci,real,,True,698,1536,2048,3,RGB,JPEG,336087,0.75,True,docci,real::docci,False,30c5409e727ad7b70e2a7959b2c030aa,5632,train_06425.jpg,False,
OF005633,fake,z-image-turbo,image,2026-02,True,519,1328,1944,3,RGB,JPEG,1305249,0.6831275720164609,True,z-image-turbo,fake::z-image-turbo,False,9b153728dbe4c2e2226d37ad65b2e9d0,5633,0027651.jpg,False,
OF005641,real,docci,real,,True,706,1536,2048,3,RGB,JPEG,496441,0.75,True,docci,real::docci,False,fcf52621e40fe4eadf3ea37dffd1c972,5641,train_04788.jpg,False,
OF005642,fake,z-image-turbo,Base,2025-11-25,True,575,1024,1024,3,RGB,JPEG,477466,1.0,True,z-image-turbo,fake::z-image-turbo,False,eb8d90499b43775b1b13f3a05e7191b6,5642,1130099.jpg,False,
OF005643,fake,z-image-turbo,Base,2025-11-25,True,788,1024,1024,3,RGB,JPEG,282180,1.0,True,z-image-turbo,fake::z-image-turbo,False,079e3fbaf375a6560b36c87ff76b71eb,5643,1155548.jpg,False,
OF005645,real,docci,real,,True,473,2048,1536,3,RGB,JPEG,174368,1.3333333333333333,True,docci,real::docci,False,9b63d2e55091982a88ca1e55f77a80b5,5645,train_06368.jpg,False,
OF005647,real,docci,real,,True,688,2048,1536,3,RGB,JPEG,241809,1.3333333333333333,True,docci,real::docci,False,d5cf37d91a9c581cc0aab2d74106b926,5647,train_05770.jpg,False,
OF005650,real,imagenet,real,,True,546,500,332,3,RGB,JPEG,39508,1.5060240963855422,True,imagenet,real::imagenet,False,0630252e1ab890f079025bfa1d888702,5650,n01443537_17842.JPEG,False,
OF005657,real,docci,real,,True,672,2048,1536,3,RGB,JPEG,360325,1.3333333333333333,True,docci,real::docci,False,f2586f7855d76dc201e8ed56664749a1,5657,train_00801.jpg,False,
OF005661,real,imagenet,real,,True,406,500,332,3,RGB,JPEG,75884,1.5060240963855422,True,imagenet,real::imagenet,False,770986c26ef267b322ea3285a9f89906,5661,n01735189_2121.JPEG,False,
OF005663,real,docci,real,,True,626,1536,2048,3,RGB,JPEG,1145515,0.75,True,docci,real::docci,False,ae76a8f65232eb66d923b2d2871148b2,5663,train_03942.jpg,False,
OF005665,real,docci,real,,True,520,2048,1536,3,RGB,JPEG,588892,1.3333333333333333,True,docci,real::docci,False,40841446b37041bb4b75e2d94bb9c192,5665,train_09107.jpg,False,
OF005666,real,docci,real,,True,695,2048,1536,3,RGB,JPEG,527956,1.3333333333333333,True,docci,real::docci,False,3edd23bec438b89aec8c1b4d22be8fe1,5666,train_00408.jpg,False,
OF005669,fake,illustrious,image,2026-04,True,590,832,1216,3,RGB,JPEG,239074,0.6842105263157895,True,illustrious,fake::illustrious,False,9b64969b0ed3dce96a784e4027087858,5669,0011297.jpg,False,
OF005671,fake,recraft-v3,base,2024-10,True,327,600,600,3,RGB,JPEG,130890,1.0,True,recraft-v3,fake::recraft-v3,False,2947cff172bbfbbdd5d1c65bf0f5c5ee,5671,04097.jpg,False,
OF005675,real,docci,real,,True,569,2048,1536,3,RGB,JPEG,1060526,1.3333333333333333,True,docci,real::docci,False,58f465a1405872f9704ac1ec17e324c3,5675,train_06039.jpg,False,
OF005677,real,imagenet,real,,True,586,160,120,3,RGB,JPEG,3127,1.3333333333333333,True,imagenet,real::imagenet,False,0b94bdcbee8f3c7db033bde8404ac34e,5677,n01744401_6484.JPEG,False,
OF005679,real,imagenet,real,,True,640,415,500,3,RGB,JPEG,110386,0.83,True,imagenet,real::imagenet,False,8edcdcf6d45e7f8d156672f75209deea,5679,n01774750_10781.JPEG,False,
OF005684,real,docci,real,,True,574,2048,1536,3,RGB,JPEG,1102754,1.3333333333333333,True,docci,real::docci,False,0b65e9cd759bf58e4fa44d48cbec6723,5684,train_00475.jpg,False,
OF005687,real,docci,real,,True,474,2048,1536,3,RGB,JPEG,465808,1.3333333333333333,True,docci,real::docci,False,74877255eb74f19f02f771341f39f187,5687,train_00579.jpg,False,
OF005689,real,docci,real,,True,595,2048,1536,3,RGB,JPEG,595919,1.3333333333333333,True,docci,real::docci,False,74428c597e270259d9e8578740b67392,5689,train_08042.jpg,False,
OF005690,fake,illustrious,image,2025-02,True,771,832,1216,3,RGB,JPEG,271984,0.6842105263157895,True,illustrious,fake::illustrious,False,a94a281ac95ff75da2d59127c164763e,5690,0038045.jpg,False,
OF005696,fake,flux.2-klein-9b,image,2026-04,True,562,2730,4096,3,RGB,JPEG,10230108,0.66650390625,True,flux.2-klein-9b,fake::flux.2-klein-9b,False,48d07fe487d86a84154ce3f78b0f9462,5696,0065378.jpg,False,
OF005697,fake,seedream-v5.0,image,2026-03,True,1670,2560,1440,3,RGB,JPEG,431391,1.7777777777777777,True,seedream-v5.0,fake::seedream-v5.0,False,f8775e6a59e78d3e0fb9d0d7a4b6ba22,5697,0001173.jpg,False,
OF005701,fake,gpt-image-1.5,image,2026-01,True,94,1024,1536,3,RGB,PNG,2823500,0.6666666666666666,True,gpt-image-1.5,fake::gpt-image-1.5,False,5bbb68439dfb5db76d87ee0efd8fcfd3,5701,0058857.jpg,False,
OF005702,fake,midjourney-7,base,2025-04,True,647,1024,1024,3,RGB,PNG,1291139,1.0,True,midjourney-7,fake::midjourney-7,False,f8c6e14517aeb2eee9909169bcb4efe4,5702,268055.jpg,False,
OF005705,real,docci,real,,True,393,1536,2048,3,RGB,JPEG,898339,0.75,True,docci,real::docci,False,16a453e8d5ba1628d61d564b4eafdd60,5705,train_02169.jpg,False,
OF005708,real,imagenet,real,,True,631,500,431,3,RGB,JPEG,190743,1.160092807424594,True,imagenet,real::imagenet,False,50f58b92f3b3f7017d45a3f18d4478a7,5708,n01677366_4786.JPEG,False,
OF005709,real,imagenet,real,,True,608,500,332,3,RGB,JPEG,79924,1.5060240963855422,True,imagenet,real::imagenet,False,ca09a1511982faa21f6612672d345ff3,5709,n01484850_1329.JPEG,False,
OF005710,fake,z-image-turbo,image,2025-12,True,709,1088,1824,3,RGB,PNG,2131892,0.5964912280701754,True,z-image-turbo,fake::z-image-turbo,False,66d5483dc06951919ad16c107e346a09,5710,0054613.jpg,False,
OF005711,fake,ernie-image-turbo,image,2026-04,True,722,1152,2048,3,RGB,PNG,4360092,0.5625,True,ernie-image-turbo,fake::ernie-image-turbo,False,29a4b0f49dce57ab54bdc85075b99692,5711,0060887.jpg,False,
OF005714,fake,nano-banana-pro,video,2026-01,True,725,1920,1080,3,RGB,JPEG,332659,1.7777777777777777,True,nano-banana-pro,fake::nano-banana-pro,False,7196ff60c8b6d5a9ba27f41c76e504b1,5714,0207895.jpg,False,
OF005715,fake,gpt-image-2,image,2026-04,True,768,1108,1420,3,RGB,JPEG,627555,0.780281690140845,True,gpt-image-2,fake::gpt-image-2,False,a620d154b8fa8198a930144a9e7a0fa0,5715,0072523.jpg,False,
OF005717,fake,z-image-turbo,image,2026-03,True,840,1328,1944,3,RGB,JPEG,1440615,0.6831275720164609,True,z-image-turbo,fake::z-image-turbo,False,f28266dc3561d86fc835f871c0e74ece,5717,0083687.jpg,False,
OF005719,fake,sora-2,video,2026-04,True,478,1440,1440,3,RGB,JPEG,546997,1.0,True,sora-2,fake::sora-2,False,010ad4090892de3ca702c0d721cbf76c,5719,0237447.jpg,False,
OF005720,real,imagenet,real,,True,535,500,375,3,RGB,JPEG,193753,1.3333333333333333,True,imagenet,real::imagenet,False,e03fb5e29f4790d06b1d0a22d6de61e7,5720,n01631663_7551.JPEG,False,
OF005724,real,docci,real,,True,547,1535,2048,3,RGB,JPEG,871701,0.74951171875,True,docci,real::docci,False,491fad5266d1c42b231d0a370696bb3d,5724,train_01535.jpg,False,
OF005727,fake,flux.2-klein-9b,Base,2026-01-14,True,774,1024,1024,3,RGB,JPEG,364024,1.0,True,flux.2-klein-9b,fake::flux.2-klein-9b,False,a3d50f0207c2ea16b74414cb44af72f9,5727,978562.jpg,False,
OF005728,real,docci,real,,True,491,2048,1536,3,RGB,JPEG,472993,1.3333333333333333,True,docci,real::docci,False,c37f962cc2b4c67b34d377ee2d666c3b,5728,train_06148.jpg,False,
OF005736,fake,flux.2-klein-9b,Base,2026-01-14,True,620,1024,1024,3,RGB,JPEG,384875,1.0,True,flux.2-klein-9b,fake::flux.2-klein-9b,False,c74b5fdaf1822bd99b91d4c6584dc550,5736,1072491.jpg,False,
OF005737,fake,flux.2-klein-9b,Base,2026-01-14,True,647,1024,1024,3,RGB,JPEG,358416,1.0,True,flux.2-klein-9b,fake::flux.2-klein-9b,False,80235bf2b6f0c7039197a7732dc82178,5737,945271.jpg,False,
OF005738,fake,veo-3,video,2025-07,True,642,1280,720,3,RGB,JPEG,263299,1.7777777777777777,True,veo-3,fake::veo-3,False,d25827f9889b0a862cd4ab29263088ed,5738,0111866.jpg,False,
OF005743,fake,midjourney-7,base,2025-04,True,557,1024,1024,3,RGB,PNG,781673,1.0,True,midjourney-7,fake::midjourney-7,False,f0d7b769e2a08ec1a274d7ffc22769d8,5743,13482.jpg,False,
OF005745,real,docci,real,,True,311,2048,1536,3,RGB,JPEG,462428,1.3333333333333333,True,docci,real::docci,False,027fc6ce2212beb2c5774a22b2ae480e,5745,train_04858.jpg,False,
OF005746,fake,illustrious,image,2025-09,True,711,832,1216,3,RGB,JPEG,291697,0.6842105263157895,True,illustrious,fake::illustrious,False,4ba7bd4766d98066c3605cf8ba16e928,5746,0026564.jpg,False,
OF005749,fake,veo-3,video,2025-12,True,192,720,1280,3,RGB,JPEG,221713,0.5625,True,veo-3,fake::veo-3,False,87216ff421a8041c96130d305511f238,5749,0345612.jpg,False,
OF005755,real,imagenet,real,,True,601,500,375,3,RGB,JPEG,127211,1.3333333333333333,True,imagenet,real::imagenet,False,f23a4f72efd3ca0a4d1211fb58f025cf,5755,n01728920_3118.JPEG,False,
OF005761,fake,illustrious,image,2025-05,True,748,1800,2784,3,RGB,JPEG,2356177,0.646551724137931,True,illustrious,fake::illustrious,False,ca3330d1c3417e4417e2e986b8269388,5761,0049155.jpg,False,
OF005763,real,docci,real,,True,755,480,360,3,RGB,JPEG,28937,1.3333333333333333,True,docci,real::docci,False,b9a41fc4574b15d8d0e6dbaf775267f4,5763,test_03143.jpg,False,
OF005766,real,docci,real,,True,498,1634,2180,3,RGB,JPEG,458260,0.7495412844036697,True,docci,real::docci,False,aad405e4fb359a59f22d1864922c7190,5766,train_01489.jpg,False,
OF005770,real,imagenet,real,,True,492,143,107,3,RGB,JPEG,4153,1.3364485981308412,True,imagenet,real::imagenet,False,6d412959e94b5ead2a54728fb4aa3597,5770,n01756291_12366.JPEG,False,
OF005772,real,imagenet,real,,True,462,444,500,3,RGB,JPEG,85844,0.888,True,imagenet,real::imagenet,False,4c49c6fb83412cb7fcc4a2ad7f9d6948,5772,n01531178_3510.JPEG,False,
OF005775,fake,recraft-v3,base,2024-10,True,537,600,600,3,RGB,JPEG,153757,1.0,True,recraft-v3,fake::recraft-v3,False,438f38b1de04eac0b6ae2fb2b7b0c824,5775,18377.jpg,False,
OF005777,real,imagenet,real,,True,511,500,375,3,RGB,JPEG,116753,1.3333333333333333,True,imagenet,real::imagenet,False,2cf4dce27c0cddf940a6230021a9c415,5777,n01534433_28749.JPEG,False,
OF005778,fake,halfmoon-4-4-25,base,unknown,True,46,1168,880,3,RGB,PNG,1775301,1.3272727272727274,True,halfmoon-4-4-25,fake::halfmoon-4-4-25,False,7970e8ba7ab6abdac03c4bd50b7f286f,5778,29034.jpg,False,
OF005779,fake,nano-banana-pro,video,2026-01,True,666,1504,832,3,RGB,JPEG,263658,1.8076923076923077,True,nano-banana-pro,fake::nano-banana-pro,False,878cae8ee8636b340b9af83871b5ac21,5779,0194667.jpg,False,
OF005780,real,docci,real,,True,578,2048,1536,3,RGB,JPEG,272489,1.3333333333333333,True,docci,real::docci,False,63f30c4419559a26ba22ffb005d488b6,5780,train_02912.jpg,False,
OF005783,fake,illustrious,video,2026-03,True,102,480,640,3,RGB,JPEG,124200,0.75,True,illustrious,fake::illustrious,False,40e238956a877d2cddc51d993ebd1d84,5783,0133072.jpg,False,
OF005790,real,docci,real,,True,769,2048,1536,3,RGB,JPEG,620869,1.3333333333333333,True,docci,real::docci,False,be67f37475324150bcfe734ff24db039,5790,train_01655.jpg,False,
OF005793,real,docci,real,,True,604,2048,1536,3,RGB,JPEG,677497,1.3333333333333333,True,docci,real::docci,False,4d5fad11a38bf4688f3dff2121f67f85,5793,test_02434.jpg,False,
OF005796,fake,gpt-image-1.5,image,2026-02,True,681,1024,1536,3,RGB,PNG,2810736,0.6666666666666666,True,gpt-image-1.5,fake::gpt-image-1.5,False,bf149ce1bfaead2c7b8192079f8cb942,5796,0030175.jpg,False,
OF005804,real,imagenet,real,,True,528,500,333,3,RGB,JPEG,99403,1.5015015015015014,True,imagenet,real::imagenet,False,e60f9508357653d3a103571e699c0f38,5804,n01807496_16068.JPEG,False,
OF005807,fake,flux.2-klein-9b,Base,2026-01-14,True,671,1024,1024,3,RGB,JPEG,288823,1.0,True,flux.2-klein-9b,fake::flux.2-klein-9b,False,1e2513ddc50cdaa62f160a6952576660,5807,1107080.jpg,False,
OF005810,real,docci,real,,True,741,2048,1536,3,RGB,JPEG,482054,1.3333333333333333,True,docci,real::docci,False,320dc969815c77e5059cd139542562d5,5810,train_03943.jpg,False,
OF005812,real,docci,real,,True,693,1536,2048,3,RGB,JPEG,610992,0.75,True,docci,real::docci,False,5d25440bbf1da416428cb1de71f96b1f,5812,train_03895.jpg,False,
OF005817,real,docci,real,,True,777,2048,1535,3,RGB,JPEG,372311,1.3342019543973942,True,docci,real::docci,False,55c5d11fa35956d38fb315fa5828caf2,5817,test_00974.jpg,False,
OF005819,real,imagenet,real,,True,528,450,338,3,RGB,JPEG,73962,1.331360946745562,True,imagenet,real::imagenet,False,3ec54788626ad0d750b1ef8a40e6cff7,5819,n01734418_9422.JPEG,False,
OF005820,fake,flux.2-klein-9b,Base,2026-01-14,True,604,1024,1024,3,RGB,JPEG,393558,1.0,True,flux.2-klein-9b,fake::flux.2-klein-9b,False,cc7e54f0e6cb9e33af634d3c92d7bc1e,5820,1072507.jpg,False,
OF005824,fake,illustrious,image,2025-06,True,680,1280,1856,3,RGB,JPEG,565441,0.6896551724137931,True,illustrious,fake::illustrious,False,642cf78733bbdf0bd3c0377c4634b4f6,5824,0074064.jpg,False,
OF005825,real,imagenet,real,,True,609,500,340,3,RGB,JPEG,133978,1.4705882352941178,True,imagenet,real::imagenet,False,87337ab2ab2cc0a4a15af6282084cdb2,5825,n01669191_14033.JPEG,False,
OF005827,real,imagenet,real,,True,695,512,325,3,RGB,JPEG,46194,1.5753846153846154,True,imagenet,real::imagenet,False,fd566203bced6fc1ee7cd4b459b185ff,5827,n01692333_6909.JPEG,False,
OF005828,real,docci,real,,True,609,2048,1536,3,RGB,JPEG,451333,1.3333333333333333,True,docci,real::docci,False,cc4839900d77608069e78dffe167c4c7,5828,train_03473.jpg,False,
OF005830,fake,flux.2-klein-9b,Base,2026-01-14,True,617,1024,1024,3,RGB,JPEG,717894,1.0,True,flux.2-klein-9b,fake::flux.2-klein-9b,False,090beb3d162f47fd12d5ce899fdf299d,5830,975087.jpg,False,
OF005833,fake,veo-3,video,2025-08,True,1219,1280,720,3,RGB,JPEG,190604,1.7777777777777777,True,veo-3,fake::veo-3,False,c2cd200cb5df9d5299289eaa8da22457,5833,0300127.jpg,False,
OF005836,real,docci,real,,True,711,2048,1535,3,RGB,JPEG,221476,1.3342019543973942,True,docci,real::docci,False,d1f3a87254189c08dfb113be5dc1c8fa,5836,train_02643.jpg,False,
OF005837,fake,midjourney-7,base,2025-04,True,602,928,1232,3,RGB,PNG,1833130,0.7532467532467533,True,midjourney-7,fake::midjourney-7,False,bdc7d1281cfc13ce3d4001ef79f0de2b,5837,833155.jpg,False,
OF005840,real,docci,real,,True,607,2030,1548,3,RGB,JPEG,295215,1.3113695090439277,True,docci,real::docci,False,44377ffd41c5716441428b95c26c22f5,5840,test_02775.jpg,False,
OF005842,fake,veo-3,video,2026-01,True,45,720,1280,3,RGB,JPEG,194003,0.5625,True,veo-3,fake::veo-3,False,f94c981e675e874f394bfab214e1a767,5842,0224492.jpg,False,
OF005843,fake,illustrious,image,2025-06,True,856,1280,1856,3,RGB,JPEG,516953,0.6896551724137931,True,illustrious,fake::illustrious,False,b76922648eca0cbf352dbf128ec24c20,5843,0010684.jpg,False,
OF005847,real,docci,real,,True,590,2048,1536,3,RGB,JPEG,732326,1.3333333333333333,True,docci,real::docci,False,2c02a7eedbe6cd95cb3764da74f1ad8a,5847,qual_test_00083.jpg,False,
OF005848,real,imagenet,real,,True,640,448,336,3,RGB,JPEG,46584,1.3333333333333333,True,imagenet,real::imagenet,False,fdeee32f3987454a78481a1bc44dc50c,5848,n01440764_1764.JPEG,False,
OF005851,fake,z-image-turbo,image,2026-02,True,610,864,1152,3,RGB,PNG,1695672,0.75,True,z-image-turbo,fake::z-image-turbo,False,a05c5695ba965eeea9e7b1e1026fd59f,5851,0030320.jpg,False,
OF005852,fake,veo-3,video,2025-10,True,576,1280,720,3,RGB,JPEG,271317,1.7777777777777777,True,veo-3,fake::veo-3,False,a1141431d87ce6c113d1359f92107ca0,5852,0153912.jpg,False,
OF005853,real,docci,real,,True,520,2048,1536,3,RGB,JPEG,257013,1.3333333333333333,True,docci,real::docci,False,57b40f796420bd5ed9f4f83b153900dc,5853,train_04532.jpg,False,
OF005857,fake,ernie-image-turbo,image,2026-04,True,1042,1008,1600,3,RGB,PNG,3066832,0.63,True,ernie-image-turbo,fake::ernie-image-turbo,False,0c9f036804e47c93c853acd7601de88b,5857,0056148.jpg,False,
OF005863,fake,flux.2-klein-9b,Base,2026-01-14,True,765,1024,1024,3,RGB,JPEG,426114,1.0,True,flux.2-klein-9b,fake::flux.2-klein-9b,False,419c3fc501d7972c54e0cc9e804a2e2c,5863,1061146.jpg,False,
OF005867,fake,gpt-image-1.5,image,2026-01,True,583,1536,1024,3,RGB,JPEG,400395,1.5,True,gpt-image-1.5,fake::gpt-image-1.5,False,959f0ec934d988675b24f3b8b8018791,5867,0067655.jpg,False,
OF005870,real,docci,real,,True,619,1536,2048,3,RGB,JPEG,338550,0.75,True,docci,real::docci,False,1667c53e71e9105beacd393563e9aef5,5870,test_00984.jpg,False,
OF005873,real,imagenet,real,,True,562,125,125,3,RGB,JPEG,3207,1.0,True,imagenet,real::imagenet,False,91695e9d59d4ea27e0dcb27b189c18dc,5873,n01773549_6007.JPEG,False,
OF005878,fake,recraft-v2,base,unknown,True,50,1024,1024,3,RGB,PNG,1265683,1.0,True,recraft-v2,fake::recraft-v2,False,0c4117da425e7da54c0b568b9a8cfdfb,5878,29537.jpg,False,
OF005880,fake,midjourney-7,base,2025-04,True,604,1024,1024,3,RGB,PNG,996167,1.0,True,midjourney-7,fake::midjourney-7,False,5359f6efce5c1fdc13f035ad7362dc4e,5880,43327.jpg,False,
OF005883,real,imagenet,real,,True,595,155,177,3,RGB,JPEG,16700,0.8757062146892656,True,imagenet,real::imagenet,False,bcecdbe845211aa1a1c71dac6668f223,5883,n01773549_1146.JPEG,False,
OF005884,fake,z-image-turbo,video,2025-12,True,603,800,800,3,RGB,JPEG,130596,1.0,True,z-image-turbo,fake::z-image-turbo,False,4c29692d1d0e5f34d58913b4944ec022,5884,0227214.jpg,False,
OF005885,real,docci,real,,True,368,2048,1536,3,RGB,JPEG,349644,1.3333333333333333,True,docci,real::docci,False,9b950e7e51a73ccb0d4e572824a9a69d,5885,test_01796.jpg,False,
OF005887,real,imagenet,real,,True,569,376,500,3,RGB,JPEG,112677,0.752,True,imagenet,real::imagenet,False,8d6b69e75488d1ff13582c36bc5d55d3,5887,n01601694_12172.JPEG,False,
OF005890,fake,seedream-v5.0,image,2026-03,True,56,2048,2048,3,RGB,JPEG,597815,1.0,True,seedream-v5.0,fake::seedream-v5.0,False,04c3e2ce796f3f33457da7f925d15fb1,5890,0083655.jpg,False,
OF005891,fake,wan-video-2.5,video,2026-02,True,138,720,1280,3,RGB,JPEG,281668,0.5625,True,wan-video-2.5,fake::wan-video-2.5,False,78a27680bd7a142ce63300b464fa9c86,5891,0343248.jpg,False,
OF005892,real,imagenet,real,,True,411,500,315,3,RGB,JPEG,166805,1.5873015873015872,True,imagenet,real::imagenet,False,92fcddaa6eb310acc3187d6943743313,5892,n01728572_22558.JPEG,False,
OF005896,fake,gpt-image-1.5,image,2026-02,True,2291,2730,4096,3,RGB,PNG,17720884,0.66650390625,True,gpt-image-1.5,fake::gpt-image-1.5,False,3711d64e1e203b59b158227e57bd3a97,5896,0055991.jpg,False,
OF005899,real,docci,real,,True,455,1535,2048,3,RGB,JPEG,465901,0.74951171875,True,docci,real::docci,False,23aaa54efa1d7f41a735675381e063b8,5899,train_07397.jpg,False,
OF005900,fake,veo-3,video,2025-07,True,955,720,1280,3,RGB,JPEG,146001,0.5625,True,veo-3,fake::veo-3,False,39b45a6544eb89deae4dc6809990bd4b,5900,0139394.jpg,False,
OF005902,real,imagenet,real,,True,521,467,340,3,RGB,JPEG,72090,1.373529411764706,True,imagenet,real::imagenet,False,10a8d066cbf9df91b98a2fc38c4db870,5902,n01664065_13773.JPEG,False,
OF005903,real,docci,real,,True,434,1634,2180,3,RGB,JPEG,276445,0.7495412844036697,True,docci,real::docci,False,d8cb93e56d0af52b0288294e9b4b0ca5,5903,test_01188.jpg,False,
OF005904,fake,seedream-v5.0,image,2026-03,True,534,900,1600,3,RGB,JPEG,1500968,0.5625,True,seedream-v5.0,fake::seedream-v5.0,False,27a76088675a15b8e56e932bc25b756a,5904,0009459.jpg,False,
OF005907,real,docci,real,,True,407,2048,1536,3,RGB,JPEG,362909,1.3333333333333333,True,docci,real::docci,False,c7ed5f70a83debd92746ffc62c5489e4,5907,train_08692.jpg,False,
OF005908,fake,gpt-image-1.5,image,2026-01,True,746,1024,1536,3,RGB,JPEG,538091,0.6666666666666666,True,gpt-image-1.5,fake::gpt-image-1.5,False,6aa687bc6205c4cbfa0b5cbef5ea20de,5908,0058937.jpg,False,
OF005910,fake,gpt-image-1.5,image,2026-02,True,534,1024,1536,3,RGB,PNG,2717872,0.6666666666666666,True,gpt-image-1.5,fake::gpt-image-1.5,False,204ad535ca5581d0f51b741c9e99014d,5910,0021464.jpg,False,
OF005912,real,docci,real,,True,566,2048,1535,3,RGB,JPEG,118272,1.3342019543973942,True,docci,real::docci,False,1f02aba50ec5e965ddd6e9a12467f5fb,5912,test_01859.jpg,False,
OF005913,real,docci,real,,True,637,2048,1536,3,RGB,JPEG,431393,1.3333333333333333,True,docci,real::docci,False,f1f74703df8cacdf05f9c22a26b09d1d,5913,test_01595.jpg,False,
OF005917,fake,z-image-turbo,image,2026-03,True,1270,896,1160,3,RGB,PNG,1255978,0.7724137931034483,True,z-image-turbo,fake::z-image-turbo,False,13d0ccee3024f197b24f1d96b3807e1e,5917,0035591.jpg,False,
OF005921,real,imagenet,real,,True,648,500,333,3,RGB,JPEG,98699,1.5015015015015014,True,imagenet,real::imagenet,False,0181084ed6df1272ff770a817239aeb0,5921,n01622779_15964.JPEG,False,
OF005925,real,imagenet,real,,True,738,400,300,3,RGB,JPEG,28180,1.3333333333333333,True,imagenet,real::imagenet,False,ec74024362a0a55fbcb4b7ca11066ea2,5925,n01667114_3853.JPEG,False,
OF005927,real,imagenet,real,,True,524,500,375,3,RGB,JPEG,99319,1.3333333333333333,True,imagenet,real::imagenet,False,3cedae11924c043a2514643e62d429da,5927,n01776313_23650.JPEG,False,
OF005928,fake,recraft-v3,base,2024-10,True,656,600,1066,3,RGB,JPEG,289716,0.5628517823639775,True,recraft-v3,fake::recraft-v3,False,44618062b785bfee24035c188677c0e7,5928,39441.jpg,False,
OF005929,fake,veo-3,video,2025-07,True,266,1280,720,3,RGB,JPEG,167675,1.7777777777777777,True,veo-3,fake::veo-3,False,65f70b1d9a2f6d4119130987129a8e1b,5929,0151946.jpg,False,
OF005932,real,docci,real,,True,643,2048,1536,3,RGB,JPEG,549273,1.3333333333333333,True,docci,real::docci,False,12aedf6d6c22b69ccf140e13e3484672,5932,test_01831.jpg,False,
OF005935,fake,illustrious,image,2026-04,True,478,1080,1440,3,RGB,PNG,2449987,0.75,True,illustrious,fake::illustrious,False,a8dfc90cff2700704b4d23f02993e835,5935,0024867.jpg,False,
OF005936,fake,midjourney-7,base,2025-04,True,550,1456,816,3,RGB,PNG,1343955,1.7843137254901962,True,midjourney-7,fake::midjourney-7,False,fd7d6bf427969b311d7e6fa42cf3d6a3,5936,778384.jpg,False,
OF005938,fake,gpt-image-1.5,image,2026-02,True,541,1536,1024,3,RGB,JPEG,411079,1.5,True,gpt-image-1.5,fake::gpt-image-1.5,False,4351d983310183d1fb0a9e4eb0336f63,5938,0092102.jpg,False,
OF005939,fake,flux.2-klein-9b,Base,2026-01-14,True,702,1024,1024,3,RGB,JPEG,306994,1.0,True,flux.2-klein-9b,fake::flux.2-klein-9b,False,8293a0cca744d4e4baa238eaad420cf6,5939,1169440.jpg,False,
OF005940,real,docci,real,,True,799,480,360,3,RGB,JPEG,67484,1.3333333333333333,True,docci,real::docci,False,f92d8ca2c40de7dd06a634fb902f76fc,5940,train_02722.jpg,False,
OF005946,fake,z-image-turbo,Base,2025-11-25,True,524,1024,1024,3,RGB,JPEG,236078,1.0,True,z-image-turbo,fake::z-image-turbo,False,6cba8ed88378d44ddcd806ab5a6b7652,5946,1088776.jpg,False,
OF005949,real,docci,real,,True,342,2048,1536,3,RGB,JPEG,1081468,1.3333333333333333,True,docci,real::docci,False,9bd7ddbc04aa9efa8e61d4ac0c6aafb9,5949,test_01386.jpg,False,
OF005951,real,docci,real,,True,863,1535,2048,3,RGB,JPEG,362195,0.74951171875,True,docci,real::docci,False,0cd94ca84482db884a39967f2f13fcf3,5951,train_05716.jpg,False,
OF005954,real,docci,real,,True,470,3024,4032,3,RGB,JPEG,1251953,0.75,True,docci,real::docci,False,9103993d3c00e9f27c31db7ab8e3b6ed,5954,test_04672.jpg,False,
OF005955,fake,illustrious,video,2026-03,True,6,2056,1440,3,RGB,JPEG,896429,1.4277777777777778,True,illustrious,fake::illustrious,False,66d80e8eeeeec13c8bf6e278bfb54c82,5955,0253811.jpg,False,
OF005957,fake,ernie-image-turbo,image,2026-04,True,189,768,768,3,RGB,PNG,818608,1.0,True,ernie-image-turbo,fake::ernie-image-turbo,False,0c37053527da31af7e51b3691d3c2f75,5957,0046032.jpg,False,
OF005958,fake,veo-3,video,2025-07,True,180,1280,720,3,RGB,JPEG,124540,1.7777777777777777,True,veo-3,fake::veo-3,False,3cfb171941a5e36ed811a5a7567823e0,5958,0289020.jpg,False,
OF005959,real,imagenet,real,,True,688,402,212,3,RGB,JPEG,32192,1.8962264150943395,True,imagenet,real::imagenet,False,a684dbc7c1f3dd3c463513bcdd7ce450,5959,n01740131_9783.JPEG,False,
OF005960,fake,veo-3,video,2026-01,True,71,1080,1920,3,RGB,JPEG,395086,0.5625,True,veo-3,fake::veo-3,False,342e65564f2ac68ed4f47fdb24e4d27d,5960,0292499.jpg,False,
OF005962,fake,recraft-v3,base,2024-10,True,593,600,600,3,RGB,JPEG,141300,1.0,True,recraft-v3,fake::recraft-v3,False,f4606de255f72fdf37fa483373011124,5962,09767.jpg,False,
OF005964,fake,flux.2-klein-9b,Base,2026-01-14,True,612,1024,1024,3,RGB,JPEG,463981,1.0,True,flux.2-klein-9b,fake::flux.2-klein-9b,False,4069881455eb038d6346fb260c209c1d,5964,1170797.jpg,False,
OF005969,real,docci,real,,True,745,1536,2048,3,RGB,JPEG,584449,0.75,True,docci,real::docci,False,6680648133e2d2366e71d96792215c8c,5969,train_08906.jpg,False,
OF005970,fake,veo-3,video,2025-12,True,728,1280,720,3,RGB,JPEG,272072,1.7777777777777777,True,veo-3,fake::veo-3,False,55fddc7de1cd067b250b990d5e85019a,5970,0147827.jpg,False,
OF005971,fake,z-image-turbo,image,2025-12,True,1621,864,1344,3,RGB,WEBP,87604,0.6428571428571429,True,z-image-turbo,fake::z-image-turbo,False,2dcffc429214561c70af68ced6ddadff,5971,0092550.jpg,False,
OF005973,real,docci,real,,True,410,359,480,3,RGB,JPEG,47058,0.7479166666666667,True,docci,real::docci,False,255c2e1e4d5271b98e4b9c154be19cc4,5973,train_02716.jpg,False,
OF005975,fake,ernie-image-turbo,image,2026-04,True,94,1024,1024,3,RGB,JPEG,434013,1.0,True,ernie-image-turbo,fake::ernie-image-turbo,False,0fb952ab81c3359b9969482402ba0f51,5975,0028063.jpg,False,
OF005976,fake,wan-video-2.5,video,2026-03,True,110,522,764,3,RGB,JPEG,99152,0.6832460732984293,True,wan-video-2.5,fake::wan-video-2.5,False,d7198b8c2670ee1e9a93a1bbe7ead1f4,5976,0234458.jpg,False,
OF005977,fake,wan-video-2.5,video,2026-01,True,92,830,1108,3,RGB,JPEG,221409,0.7490974729241877,True,wan-video-2.5,fake::wan-video-2.5,False,a85f5c7a7997b543d712c78753830093,5977,0218861.jpg,False,
OF005979,real,imagenet,real,,True,657,345,500,3,RGB,JPEG,90598,0.69,True,imagenet,real::imagenet,False,4a6317b4e57c573f7461542efda858b4,5979,n01558993_5388.JPEG,False,
OF005984,fake,gpt-image-1.5,image,2026-01,True,1283,1024,1536,3,RGB,PNG,2240818,0.6666666666666666,True,gpt-image-1.5,fake::gpt-image-1.5,False,1011edf83d8bd2b5624676e8b90ddcbd,5984,0039934.jpg,False,
OF005985,real,imagenet,real,,True,559,500,335,3,RGB,JPEG,192271,1.492537313432836,True,imagenet,real::imagenet,False,495952c006c3c31c122715cd0a3653d8,5985,n01734418_8238.JPEG,False,
OF005986,fake,wan-video-2.5,video,2026-01,True,384,522,764,3,RGB,JPEG,174927,0.6832460732984293,True,wan-video-2.5,fake::wan-video-2.5,False,6bea8832223f4834db57301282e61875,5986,0178998.jpg,False,
OF005991,real,imagenet,real,,True,530,500,333,3,RGB,JPEG,135033,1.5015015015015014,True,imagenet,real::imagenet,False,0fcdca04550175e382a7d5e4aef26655,5991,n01641577_20461.JPEG,False,
OF005996,fake,midjourney-7,base,2025-04,True,841,1456,816,3,RGB,PNG,1492117,1.7843137254901962,True,midjourney-7,fake::midjourney-7,False,82e5bd3b4172c306462a2cf7a250ba80,5996,796350.jpg,False,
OF005998,real,imagenet,real,,True,654,375,500,3,RGB,JPEG,166653,0.75,True,imagenet,real::imagenet,False,ec0470ca01e3c8472d7ab33d0d899a4b,5998,n01704323_1343.JPEG,False,
OF005999,real,imagenet,real,,True,368,500,375,3,RGB,JPEG,68772,1.3333333333333333,True,imagenet,real::imagenet,False,1fbbca802f1137a7c5abfd8d6924da92,5999,n01776313_5067.JPEG,False,
OF006000,fake,midjourney-7,base,2025-04,True,552,1344,896,3,RGB,PNG,1950198,1.5,True,midjourney-7,fake::midjourney-7,False,d802fbd0ce652d78ce8a8aaad9dfdc28,6000,627546.jpg,False,
OF006001,fake,z-image-turbo,image,2026-04,True,1464,2160,2880,4,RGBA,PNG,5954429,0.75,True,z-image-turbo,fake::z-image-turbo,False,2f90ab8c992577dae026d75544dfad58,6001,0078558.jpg,False,
OF006002,fake,illustrious,image,2026-02,True,717,832,1216,3,RGB,JPEG,194738,0.6842105263157895,True,illustrious,fake::illustrious,False,09b467ca848d105d19a168b7a18754b9,6002,0067212.jpg,False,
OF006004,real,docci,real,,True,308,2048,1536,3,RGB,JPEG,923390,1.3333333333333333,True,docci,real::docci,False,e85def2ba00e3585dd5d7ee441ead79a,6004,train_02838.jpg,False,
OF006008,real,imagenet,real,,True,590,1024,768,3,RGB,JPEG,1361910,1.3333333333333333,True,imagenet,real::imagenet,False,f5c172a374ef19c15f13d10cfab6f687,6008,n01694178_5999.JPEG,False,
OF006011,real,imagenet,real,,True,615,500,375,3,RGB,JPEG,53807,1.3333333333333333,True,imagenet,real::imagenet,False,d720183fb2d8856aa8db722b599d3ba8,6011,n01514668_6716.JPEG,False,
OF006014,fake,illustrious,image,2025-09,True,851,856,1536,4,RGBA,PNG,2078654,0.5572916666666666,True,illustrious,fake::illustrious,False,d5957af1dfb9e7c2dafd77b7f677fb1d,6014,0002626.jpg,False,
OF006017,real,imagenet,real,,True,471,500,362,3,RGB,JPEG,79964,1.3812154696132597,True,imagenet,real::imagenet,False,89f6e2e12c58353a3af38c193c817d82,6017,n01592084_2277.JPEG,False,
OF006023,real,docci,real,,True,368,2048,1536,3,RGB,JPEG,487906,1.3333333333333333,True,docci,real::docci,False,8164d109ad80dc19ef04a28628c36741,6023,test_04565.jpg,False,
OF006028,fake,ernie-image,image,2026-04,True,530,1024,1024,3,RGB,JPEG,281813,1.0,True,ernie-image,fake::ernie-image,False,92abaf84bebff5b2eaa9448368f8a12c,6028,0069608.jpg,False,
OF006031,real,docci,real,,True,546,1535,2048,3,RGB,JPEG,428800,0.74951171875,True,docci,real::docci,False,bc165c6e9b353cb6eb8ed0097340ab73,6031,train_06668.jpg,False,
OF006035,fake,illustrious,video,2026-03,True,180,464,688,3,RGB,JPEG,98194,0.6744186046511628,True,illustrious,fake::illustrious,False,357d5c0c8f9ff513fe5f084c00cd9fbb,6035,0256431.jpg,False,
OF006036,real,imagenet,real,,True,379,500,375,3,RGB,JPEG,105786,1.3333333333333333,True,imagenet,real::imagenet,False,c8742825510ec3778e80595d271b34b6,6036,n01751748_5708.JPEG,False,
OF006037,real,docci,real,,True,686,2048,1536,3,RGB,JPEG,455872,1.3333333333333333,True,docci,real::docci,False,8273d5565aeb40acc55579e6c1e420c2,6037,train_03017.jpg,False,
OF006038,fake,ideogram-2.0,base,unknown,True,87,1280,800,3,RGB,PNG,1555307,1.6,True,ideogram-2.0,fake::ideogram-2.0,False,31b8cf148c8d2d956f252c72e11a2c13,6038,00132.jpg,False,
OF006039,fake,flux.2-klein-9b,Base,2026-01-14,True,568,1024,1024,3,RGB,JPEG,318800,1.0,True,flux.2-klein-9b,fake::flux.2-klein-9b,False,949efe901b458240f15c692f7704d8c7,6039,959522.jpg,False,
OF006041,fake,z-image-turbo,image,2025-12,True,193,1024,1536,3,RGB,PNG,2179464,0.6666666666666666,True,z-image-turbo,fake::z-image-turbo,False,ee5235cdbd355b83abe3b074a9027e45,6041,0051452.jpg,False,
OF006042,real,imagenet,real,,True,521,500,332,3,RGB,JPEG,183670,1.5060240963855422,True,imagenet,real::imagenet,False,2f835833ecd003b1a10bece83649c1b2,6042,n01742172_3252.JPEG,False,
OF006044,fake,wan-video-2.5,video,2025-11,True,32,846,1088,3,RGB,JPEG,325136,0.7775735294117647,True,wan-video-2.5,fake::wan-video-2.5,False,ee6f4bbabc6a53e534d1d73e2644bdb7,6044,0305296.jpg,False,
OF006049,real,imagenet,real,,True,549,377,500,3,RGB,JPEG,135186,0.754,True,imagenet,real::imagenet,False,c5e2054c9aebc97efc18a983653447dc,6049,n01689811_4058.JPEG,False,
OF006051,fake,gpt-image-1.5,image,2026-01,True,558,1024,1536,3,RGB,PNG,2991518,0.6666666666666666,True,gpt-image-1.5,fake::gpt-image-1.5,False,c00eee1410774e632a0546302ce79ecc,6051,0070175.jpg,False,
OF006052,real,imagenet,real,,True,307,500,333,3,RGB,JPEG,174263,1.5015015015015014,True,imagenet,real::imagenet,False,edb976020f71feee68e19a1624661fa0,6052,n01534433_8431.JPEG,False,
OF006055,real,imagenet,real,,True,576,644,636,3,RGB,JPEG,109010,1.0125786163522013,True,imagenet,real::imagenet,False,1e5e00735c99491622dc5d9794d07647,6055,n01631663_2539.JPEG,False,
OF006056,fake,illustrious,image,2025-07,True,787,2392,3928,3,RGB,PNG,8204526,0.6089613034623218,True,illustrious,fake::illustrious,False,1b61941be1338950963b164db86675c0,6056,0032385.jpg,False,
OF006060,fake,veo-3,video,2025-07,True,761,1280,720,3,RGB,JPEG,262519,1.7777777777777777,True,veo-3,fake::veo-3,False,e5a2c949f6813c9fda74634e456c8557,6060,0203147.jpg,False,
OF006061,real,docci,real,,True,605,2048,1536,3,RGB,JPEG,730210,1.3333333333333333,True,docci,real::docci,False,e388063f243e480eacaec9e5d88932d6,6061,train_00921.jpg,False,
OF006063,real,imagenet,real,,True,588,500,333,3,RGB,JPEG,122388,1.5015015015015014,True,imagenet,real::imagenet,False,4733e2db51a4f4b83ff2fbdaea4b7831,6063,n01665541_25183.JPEG,False,
OF006064,real,imagenet,real,,True,458,500,375,3,RGB,JPEG,92580,1.3333333333333333,True,imagenet,real::imagenet,False,5cf5142c028d4360e67bc987feeb1fd6,6064,n01582220_2532.JPEG,False,
OF006066,real,imagenet,real,,True,612,500,313,3,RGB,JPEG,47070,1.597444089456869,True,imagenet,real::imagenet,False,e5c470eb730fce87c01f21d57b6c4472,6066,n01608432_9455.JPEG,False,
OF006067,fake,z-image-turbo,Base,2025-11-25,True,503,1024,1024,3,RGB,JPEG,200222,1.0,True,z-image-turbo,fake::z-image-turbo,False,41e298efe9d61c397e957f27e128de22,6067,1070200.jpg,False,
OF006068,fake,z-image-turbo,Base,2025-11-25,True,464,1024,1024,3,RGB,JPEG,222505,1.0,True,z-image-turbo,fake::z-image-turbo,False,01df489b82514205c525a34e217e5252,6068,973101.jpg,False,
OF006071,real,docci,real,,True,538,2048,1535,3,RGB,JPEG,554633,1.3342019543973942,True,docci,real::docci,False,1569913c3d9b690e6bf07cf71d32ce7f,6071,test_01084.jpg,False,
OF006075,real,docci,real,,True,668,2048,1536,3,RGB,JPEG,308912,1.3333333333333333,True,docci,real::docci,False,f0d2678ffa932cb1d3ed70df9bd626e6,6075,train_09245.jpg,False,
OF006077,real,imagenet,real,,True,709,500,333,3,RGB,JPEG,59986,1.5015015015015014,True,imagenet,real::imagenet,False,7c27322917488a9b457a93bd33d86f73,6077,n01729977_4396.JPEG,False,
OF006082,real,imagenet,real,,True,568,255,404,3,RGB,JPEG,23805,0.6311881188118812,True,imagenet,real::imagenet,False,2c3268c24cea39382f8f398e6dd48e48,6082,n01742172_6351.JPEG,False,
OF006086,real,docci,real,,True,480,359,480,3,RGB,JPEG,30882,0.7479166666666667,True,docci,real::docci,False,f89c7e56a54ae428650c7acee22fb3f3,6086,train_01840.jpg,False,
OF006087,real,docci,real,,True,490,2048,1536,3,RGB,JPEG,700958,1.3333333333333333,True,docci,real::docci,False,f4778ab15b3c70ddeddbc6094f04a811,6087,train_07351.jpg,False,
OF006089,real,docci,real,,True,376,2048,1536,3,RGB,JPEG,515235,1.3333333333333333,True,docci,real::docci,False,af627c1d9a5ee2b3d1d6ba97869a1ab4,6089,train_06075.jpg,False,
OF006090,real,docci,real,,True,805,1536,2048,3,RGB,JPEG,640601,0.75,True,docci,real::docci,False,204522fb729749cdb735b15e20e57a62,6090,test_04159.jpg,False,
OF006095,fake,aurora-20-1-25,base,unknown,True,330,1024,768,3,RGB,PNG,956778,1.3333333333333333,True,aurora-20-1-25,fake::aurora-20-1-25,False,85cff96491e848e5939e8f2bb6c875c0,6095,21278.jpg,False,
OF006100,real,docci,real,,True,783,2048,1535,3,RGB,JPEG,296351,1.3342019543973942,True,docci,real::docci,False,c89bfac6c6aef967e3f493a2bdfd964f,6100,train_05300.jpg,False,
OF006103,fake,midjourney-7,base,2025-04,True,645,1456,816,3,RGB,PNG,2033740,1.7843137254901962,True,midjourney-7,fake::midjourney-7,False,2b749fe43a3b329661f389fd3e0eb575,6103,43346.jpg,False,
OF006107,fake,gpt-image-1.5,image,2026-01,True,1048,1024,1536,3,RGB,PNG,3059902,0.6666666666666666,True,gpt-image-1.5,fake::gpt-image-1.5,False,b83dc7ea14d140646f7b0068df4957cf,6107,0033545.jpg,False,
OF006109,real,imagenet,real,,True,513,500,356,3,RGB,JPEG,151874,1.404494382022472,True,imagenet,real::imagenet,False,ec742ca78e156d17fe832b4eb976531a,6109,n01818515_19588.JPEG,False,
OF006110,fake,aurora-20-1-25,base,unknown,True,133,1024,768,3,RGB,PNG,927643,1.3333333333333333,True,aurora-20-1-25,fake::aurora-20-1-25,False,c5e4c7d88a61417b13821184f45a7735,6110,56584.jpg,False,
OF006112,real,docci,real,,True,449,1536,2048,3,RGB,JPEG,350424,0.75,True,docci,real::docci,False,28e4c96159a88245774de6f3fe63672e,6112,test_02307.jpg,False,
OF006115,real,docci,real,,True,489,2048,1536,3,RGB,JPEG,201395,1.3333333333333333,True,docci,real::docci,False,7aa1ddfd4aa2c0877f0715a529217e96,6115,test_02707.jpg,False,
OF006116,fake,wan-video-2.5,video,2025-10,True,573,1190,1740,3,RGB,JPEG,669302,0.6839080459770115,True,wan-video-2.5,fake::wan-video-2.5,False,0695d6541b4823174bac98039f845c50,6116,0245412.jpg,False,
OF006117,real,imagenet,real,,True,527,500,375,3,RGB,JPEG,117868,1.3333333333333333,True,imagenet,real::imagenet,False,16de9fa5d674133ddd716e874d1097a5,6117,n01820546_280.JPEG,False,
OF006118,fake,z-image-turbo,Base,2025-11-25,True,498,1024,1024,3,RGB,JPEG,250175,1.0,True,z-image-turbo,fake::z-image-turbo,False,010dd6c9ca8ab060ac2c07d4eb0ea110,6118,1125994.jpg,False,
OF006120,real,imagenet,real,,True,558,333,500,3,RGB,JPEG,77295,0.666,True,imagenet,real::imagenet,False,b06146c8a34799fc62c384397acdce5f,6120,n01728572_758.JPEG,False,
OF006121,fake,recraft-v3,base,2024-10,True,540,600,800,3,RGB,JPEG,272802,0.75,True,recraft-v3,fake::recraft-v3,False,092d18628c2d23e8923982faf8ff7458,6121,13522.jpg,False,
OF006125,fake,veo-3,video,2025-07,True,293,1280,720,3,RGB,JPEG,170770,1.7777777777777777,True,veo-3,fake::veo-3,False,e81a3fd265e7468cdd2433191df33e47,6125,0249222.jpg,False,
OF006126,fake,veo-3,video,2026-01,True,1448,720,1280,3,RGB,JPEG,189286,0.5625,True,veo-3,fake::veo-3,False,8195a0be9140f180b377ff2bc49e94ba,6126,0238562.jpg,False,
OF006127,fake,veo-3,video,2025-08,True,546,1280,720,3,RGB,JPEG,198961,1.7777777777777777,True,veo-3,fake::veo-3,False,7be11cd8f9930a75920f0ca255c08269,6127,0291080.jpg,False,
OF006128,fake,ernie-image-turbo,image,2026-04,True,281,1024,1536,3,RGB,JPEG,419805,0.6666666666666666,True,ernie-image-turbo,fake::ernie-image-turbo,False,28b3b662f193dbd89ff3e2d99944562c,6128,0096799.jpg,False,
OF006131,real,docci,real,,True,606,2180,1634,3,RGB,JPEG,374542,1.3341493268053854,True,docci,real::docci,False,f45fc2d20c4a61e2788234f3f3dec538,6131,train_09231.jpg,False,
OF006133,fake,recraft-v3,base,2024-10,True,777,600,600,3,RGB,JPEG,174245,1.0,True,recraft-v3,fake::recraft-v3,False,5e08bedb4839bb0c6f8359da2f9a85cc,6133,48220.jpg,False,
OF006141,real,docci,real,,True,615,2048,1536,3,RGB,JPEG,1113602,1.3333333333333333,True,docci,real::docci,False,17998ceb61a59d03bd0d5e73e4a5176a,6141,train_07447.jpg,False,
OF006142,real,docci,real,,True,708,2048,1536,3,RGB,JPEG,407448,1.3333333333333333,True,docci,real::docci,False,bc9f8a48fff0a56399c73872d7e660db,6142,test_03615.jpg,False,
OF006152,real,imagenet,real,,True,731,500,375,3,RGB,JPEG,125041,1.3333333333333333,True,imagenet,real::imagenet,False,ce6ec13fd9ca57ffeb1525508ea4a069,6152,n01751748_1083.JPEG,False,
OF006153,fake,wan-video-2.5,video,2025-10,True,489,1080,1920,3,RGB,JPEG,615066,0.5625,True,wan-video-2.5,fake::wan-video-2.5,False,7c0d3613b5684fe057315c64d6c7b84c,6153,0140936.jpg,False,
OF006155,real,docci,real,,True,609,1536,2048,3,RGB,JPEG,609567,0.75,True,docci,real::docci,False,66ee04bece480150bd1f7289583fe4d5,6155,train_07270.jpg,False,
OF006156,fake,ideogram-2.0,base,unknown,True,114,1280,800,3,RGB,PNG,1769772,1.6,True,ideogram-2.0,fake::ideogram-2.0,False,01579d04a400f57280a600269e4714a7,6156,57178.jpg,False,
OF006159,fake,midjourney-7,base,2025-04,True,685,1456,816,3,RGB,PNG,1435822,1.7843137254901962,True,midjourney-7,fake::midjourney-7,False,47e5af4760ad4e434456ecdbf0baae8e,6159,909940.jpg,False,
OF006162,real,imagenet,real,,True,585,145,98,3,RGB,JPEG,3479,1.479591836734694,True,imagenet,real::imagenet,False,5e5b322e7287a5c585a159808824df0b,6162,n01739381_4178.JPEG,False,
OF006165,real,docci,real,,True,570,4032,3024,3,RGB,JPEG,1189107,1.3333333333333333,True,docci,real::docci,False,c5f4af71a55902cafeb293710d384cac,6165,test_02710.jpg,False,
OF006166,fake,lumina-17-2-25,base,unknown,True,53,1024,1024,3,RGB,PNG,758969,1.0,True,lumina-17-2-25,fake::lumina-17-2-25,False,aa6817d839bd870de6b4dcd496a67fa0,6166,23143.jpg,False,
OF006167,real,docci,real,,True,590,2048,1536,3,RGB,JPEG,674700,1.3333333333333333,True,docci,real::docci,False,7f0498c248e414594af70ed07b85b15f,6167,train_03525.jpg,False,
OF006169,real,imagenet,real,,True,723,500,357,3,RGB,JPEG,111104,1.4005602240896358,True,imagenet,real::imagenet,False,d5d22518872c5519c57fa3bae8e6a4bc,6169,n01641577_18204.JPEG,False,
OF006173,real,imagenet,real,,True,580,500,322,3,RGB,JPEG,99492,1.5527950310559009,True,imagenet,real::imagenet,False,22ec6aef53ab21cff2e505d2f323bc7e,6173,n01580077_1638.JPEG,False,
OF006176,real,imagenet,real,,True,516,500,365,3,RGB,JPEG,181442,1.36986301369863,True,imagenet,real::imagenet,False,9328caa3986f46b0adeaf2a375ad22b0,6176,n01806567_10320.JPEG,False,
OF006182,fake,z-image-turbo,image,2026-02,True,1091,832,1216,3,RGB,JPEG,231958,0.6842105263157895,True,z-image-turbo,fake::z-image-turbo,False,651f6ee82c41d8f07b8a8d55b655e764,6182,0065401.jpg,False,
OF006185,real,docci,real,,True,759,1536,2048,3,RGB,JPEG,513679,0.75,True,docci,real::docci,False,4b3e7f48b5df50bfab1d077a7d452442,6185,train_06219.jpg,False,
OF006186,fake,veo-3,video,2025-12,True,116,480,854,3,RGB,JPEG,97248,0.5620608899297423,True,veo-3,fake::veo-3,False,ae0f841b597efb1b2c0d8b8a3bcec0d0,6186,0112246.jpg,False,
OF006187,fake,gpt-image-1.5,image,2026-01,True,706,900,1600,3,RGB,JPEG,962651,0.5625,True,gpt-image-1.5,fake::gpt-image-1.5,False,311220d355687c6686d426e746d9948a,6187,0007501.jpg,False,
OF006188,real,imagenet,real,,True,457,495,500,3,RGB,JPEG,246162,0.99,True,imagenet,real::imagenet,False,77fa6e2bdfbf424fadb82b9e87a6e74d,6188,n01806143_13505.JPEG,False,
OF006189,real,imagenet,real,,True,373,648,512,3,RGB,JPEG,33926,1.265625,True,imagenet,real::imagenet,False,e552054b98e645ec09bc5a8984210682,6189,n01748264_579.JPEG,False,
OF006190,real,imagenet,real,,True,518,500,375,3,RGB,JPEG,106843,1.3333333333333333,True,imagenet,real::imagenet,False,53d2045feb35f364039ce99c86ff0626,6190,n01669191_7340.JPEG,False,
OF006192,real,docci,real,,True,738,2048,1536,3,RGB,JPEG,487820,1.3333333333333333,True,docci,real::docci,False,3d88c0d80c181162946dbd7efc30f127,6192,train_08092.jpg,False,
OF006196,real,imagenet,real,,True,623,500,375,3,RGB,JPEG,162089,1.3333333333333333,True,imagenet,real::imagenet,False,76ff84cbee143b3a1d63ecfce9ae1109,6196,n01797886_9752.JPEG,False,
OF006199,fake,wan-video-2.5,video,2026-04,True,909,1160,794,3,RGB,JPEG,434983,1.4609571788413098,True,wan-video-2.5,fake::wan-video-2.5,False,3c9f7ba0d8bd4bb9e9b1bad8bc92aa74,6199,0232393.jpg,False,
OF006200,fake,gpt-image-1.5,image,2025-12,True,72,1024,1536,3,RGB,PNG,2682944,0.6666666666666666,True,gpt-image-1.5,fake::gpt-image-1.5,False,66b0a633f049216c48ae8d48be3b5e28,6200,0088978.jpg,False,
OF006201,fake,flux.2-klein-9b,Base,2026-01-14,True,679,1024,1024,3,RGB,JPEG,414752,1.0,True,flux.2-klein-9b,fake::flux.2-klein-9b,False,8d941a9eda0b69a8fe4d1f3f13b5c9bc,6201,1126021.jpg,False,
OF006202,real,imagenet,real,,True,609,584,303,3,RGB,JPEG,30931,1.9273927392739272,True,imagenet,real::imagenet,False,a32499904f5309a5a9986b25f4bad4fa,6202,n01675722_10465.JPEG,False,
OF006208,real,imagenet,real,,True,739,620,469,3,RGB,JPEG,52809,1.3219616204690832,True,imagenet,real::imagenet,False,94f56c84f0eac5aecb89baa5c4fe9f09,6208,n01675722_1307.JPEG,False,
OF006213,real,imagenet,real,,True,485,1600,1200,3,RGB,JPEG,607155,1.3333333333333333,True,imagenet,real::imagenet,False,936823cd44deef06cf53cf1a0d673508,6213,n01629819_19618.JPEG,False,
OF006214,real,docci,real,,True,576,2048,1536,3,RGB,JPEG,532487,1.3333333333333333,True,docci,real::docci,False,3c776b6ad5031ac1124335ca00aa0000,6214,train_05870.jpg,False,
OF006215,real,docci,real,,True,654,1536,2048,3,RGB,JPEG,834820,0.75,True,docci,real::docci,False,d38e6f4f1a99058f8a63ad49c729af5e,6215,train_06756.jpg,False,
OF006219,fake,ernie-image-turbo,image,2026-04,True,780,1056,1824,3,RGB,PNG,5074253,0.5789473684210527,True,ernie-image-turbo,fake::ernie-image-turbo,False,e0f752551aaf2bcba3cd4c82512387b4,6219,0048886.jpg,False,
OF006222,real,imagenet,real,,True,331,459,500,3,RGB,JPEG,144460,0.918,True,imagenet,real::imagenet,False,7104d76b811971e12e51430fc6dbf8e1,6222,n01614925_2084.JPEG,False,
OF006223,real,docci,real,,True,616,1536,2048,3,RGB,JPEG,883023,0.75,True,docci,real::docci,False,9d133e6d1f470c699f714bca267130a9,6223,train_08804.jpg,False,
OF006225,fake,flux.2-klein-9b,Base,2026-01-14,True,553,1024,1024,3,RGB,JPEG,451742,1.0,True,flux.2-klein-9b,fake::flux.2-klein-9b,False,39086ef3034c9b8357517d3140fedbb9,6225,981341.jpg,False,
OF006227,fake,ideogram-2.0,base,unknown,True,23,1280,800,3,RGB,PNG,1719134,1.6,True,ideogram-2.0,fake::ideogram-2.0,False,7e337c6ba0e359e41a0130a0cd05a80a,6227,07488.jpg,False,
OF006230,fake,flux.2-klein-9b,image,2026-04,True,917,2730,4096,3,RGB,JPEG,10875928,0.66650390625,True,flux.2-klein-9b,fake::flux.2-klein-9b,False,26003f0dc0373c0edb84315dd03e029a,6230,0016846.jpg,False,
OF006235,real,imagenet,real,,True,722,500,375,1,L,JPEG,65705,1.3333333333333333,True,imagenet,real::imagenet,False,e996b49ef84806c0d5c2df9575039cb8,6235,n01689811_483.JPEG,False,
OF006236,fake,midjourney-7,base,2025-04,True,590,928,1232,3,RGB,PNG,1518106,0.7532467532467533,True,midjourney-7,fake::midjourney-7,False,38e64573a9dcbdb406ee16ecbf850a79,6236,646881.jpg,False,
OF006237,real,docci,real,,True,812,4032,3024,3,RGB,JPEG,1097805,1.3333333333333333,True,docci,real::docci,False,e5f000c7c001308cfefa51413f7a265e,6237,train_04700.jpg,False,
OF006238,real,imagenet,real,,True,488,500,339,3,RGB,JPEG,82828,1.4749262536873156,True,imagenet,real::imagenet,False,3bbf103d4dc3a52baeafe02afa334460,6238,n01601694_13385.JPEG,False,
OF006240,fake,illustrious,image,2025-10,True,753,1664,2432,3,RGB,PNG,6395316,0.6842105263157895,True,illustrious,fake::illustrious,False,ade09439125c82512fff4ff44e6dba8c,6240,0041447.jpg,False,
OF006242,real,docci,real,,True,593,4032,3024,3,RGB,JPEG,673142,1.3333333333333333,True,docci,real::docci,False,e63a3ffad21ae3b0ba577320a077da1d,6242,train_09193.jpg,False,
OF006244,real,imagenet,real,,True,630,500,399,3,RGB,JPEG,117510,1.2531328320802004,True,imagenet,real::imagenet,False,797a7436a3addcb3ade56f5c17edd6ee,6244,n01641577_2608.JPEG,False,
OF006246,fake,midjourney-7,base,2025-04,True,873,896,1344,3,RGB,PNG,1531232,0.6666666666666666,True,midjourney-7,fake::midjourney-7,False,6ed22c8a2c536cad784324f092e0ef56,6246,04288.jpg,False,
OF006247,fake,veo-3,video,2025-12,True,29,720,1280,3,RGB,JPEG,144906,0.5625,True,veo-3,fake::veo-3,False,1717e5836fdda3e1fe2f05d8c4ac5d76,6247,0326080.jpg,False,
OF006250,real,imagenet,real,,True,514,500,375,3,RGB,JPEG,120536,1.3333333333333333,True,imagenet,real::imagenet,False,bad5fd7cf4fdfab930833dfaf0705f1f,6250,n01693334_3651.JPEG,False,
OF006252,fake,veo-3,video,2025-12,True,273,720,1280,3,RGB,JPEG,365604,0.5625,True,veo-3,fake::veo-3,False,ca01f35a71fad943c9ef5cea314c6ab9,6252,0130262.jpg,False,
OF006253,real,imagenet,real,,True,476,500,375,3,RGB,JPEG,72401,1.3333333333333333,True,imagenet,real::imagenet,False,855ec5133d83da5860da100dc334b1aa,6253,n01774750_9981.JPEG,False,
OF006254,real,docci,real,,True,475,2048,1536,3,RGB,JPEG,434987,1.3333333333333333,True,docci,real::docci,False,cd54cab484b75518847d45c62d324a80,6254,train_06626.jpg,False,
OF006255,fake,lumina-17-2-25,base,unknown,True,60,1024,1024,3,RGB,PNG,2233088,1.0,True,lumina-17-2-25,fake::lumina-17-2-25,False,bedb43107f8e0ea98dccc0e5d98649ff,6255,19394.jpg,False,
OF006257,real,docci,real,,True,590,2048,1536,3,RGB,JPEG,452796,1.3333333333333333,True,docci,real::docci,False,41d6dbd0857be427e166cd2c2749d20a,6257,train_00259.jpg,False,
OF006260,real,imagenet,real,,True,541,500,335,3,RGB,JPEG,79647,1.492537313432836,True,imagenet,real::imagenet,False,12238ac096aaefa44a272b09e776caca,6260,n01833805_6462.JPEG,False,
OF006261,fake,illustrious,image,2025-07,True,651,832,1216,4,RGBA,PNG,1574360,0.6842105263157895,True,illustrious,fake::illustrious,False,03c0e2715bc71671976aab9fbb3a92d9,6261,0083818.jpg,False,
OF006268,real,imagenet,real,,True,623,500,380,3,RGB,JPEG,169016,1.3157894736842106,True,imagenet,real::imagenet,False,c328207fcf623e2f5c683d61db085919,6268,n01677366_13454.JPEG,False,
OF006271,fake,flux.2-klein-9b,video,2026-03,True,25,1216,1392,3,RGB,JPEG,463568,0.8735632183908046,True,flux.2-klein-9b,fake::flux.2-klein-9b,False,cd0836745f37a7a9e4599853817cc625,6271,0138608.jpg,False,
OF006272,real,imagenet,real,,True,592,500,375,3,RGB,JPEG,203421,1.3333333333333333,True,imagenet,real::imagenet,False,a7be955e6de8ad70736ca18708e6fead,6272,n01698640_23871.JPEG,False,
OF006277,fake,veo-3,video,2025-09,True,337,1920,1080,3,RGB,JPEG,557152,1.7777777777777777,True,veo-3,fake::veo-3,False,29c7be1d713487ce3d62e417f745743f,6277,0336553.jpg,False,
OF006280,fake,veo-3,video,2025-08,True,550,1280,720,3,RGB,JPEG,197653,1.7777777777777777,True,veo-3,fake::veo-3,False,15ff45baa66c365fe31a19b4a9f6a6e4,6280,0109532.jpg,False,
OF006284,real,docci,real,,True,619,2048,1536,3,RGB,JPEG,984688,1.3333333333333333,True,docci,real::docci,False,40e7d54aacf120d9d77e5207affacdb5,6284,train_01999.jpg,False,
OF006288,real,imagenet,real,,True,664,500,334,3,RGB,JPEG,179842,1.497005988023952,True,imagenet,real::imagenet,False,04816c8f484a90f23934008b8ebfea38,6288,n01697457_4804.JPEG,False,
OF006289,fake,z-image-turbo,Base,2025-11-25,True,812,1024,1024,3,RGB,JPEG,246653,1.0,True,z-image-turbo,fake::z-image-turbo,False,af122bf2ae6e885f68612d70684efd51,6289,1109691.jpg,False,
OF006292,real,imagenet,real,,True,599,500,375,3,RGB,JPEG,126657,1.3333333333333333,True,imagenet,real::imagenet,False,1a1315e26cc3ad1c4d04371ba54a338b,6292,n01775062_4182.JPEG,False,
OF006293,real,docci,real,,True,639,1535,2048,3,RGB,JPEG,684686,0.74951171875,True,docci,real::docci,False,3b34c95bc8d93c98e93bb0661f4dd90b,6293,train_05724.jpg,False,
OF006304,real,docci,real,,True,465,480,360,3,RGB,JPEG,12685,1.3333333333333333,True,docci,real::docci,False,ba9921406139de0869b76624a815d35c,6304,test_01977.jpg,False,
OF006305,fake,recraft-v3,base,2024-10,True,811,600,600,3,RGB,JPEG,130113,1.0,True,recraft-v3,fake::recraft-v3,False,f9a7253fbf45304adece9ead865a5f5c,6305,22502.jpg,False,
OF006307,real,imagenet,real,,True,472,500,375,3,RGB,JPEG,134585,1.3333333333333333,True,imagenet,real::imagenet,False,d7434e73dcba0fe56fca9f3876c33efc,6307,n01622779_4611.JPEG,False,
OF006309,fake,z-image-turbo,video,2026-03,True,639,1316,700,3,RGB,JPEG,459090,1.88,True,z-image-turbo,fake::z-image-turbo,False,a692476a697cd06c5717d929978427cf,6309,0183200.jpg,False,
OF006310,real,imagenet,real,,True,729,500,375,3,RGB,JPEG,163586,1.3333333333333333,True,imagenet,real::imagenet,False,6ce69f4f02645188cc9d7c863f731c7d,6310,n01537544_1775.JPEG,False,
OF006311,real,imagenet,real,,True,745,334,500,3,RGB,JPEG,72756,0.668,True,imagenet,real::imagenet,False,b947dae628e252c01ca89941ef5f7229,6311,n01514668_12192.JPEG,False,
OF006313,real,docci,real,,True,488,1536,2048,3,RGB,JPEG,739466,0.75,True,docci,real::docci,False,c7fa94ea9d1825727767664f015a71d8,6313,train_00509.jpg,False,
OF006314,real,docci,real,,True,523,2048,1536,3,RGB,JPEG,779560,1.3333333333333333,True,docci,real::docci,False,9df0f2722f296d9cca37dac9c21f69be,6314,test_02159.jpg,False,
OF006318,real,imagenet,real,,True,609,500,333,3,RGB,JPEG,113699,1.5015015015015014,True,imagenet,real::imagenet,False,53b4bf2a8a74c4442221e606be1ff9c5,6318,n01608432_7501.JPEG,False,
OF006321,fake,illustrious,image,2026-04,True,262,1024,1536,3,RGB,PNG,2846463,0.6666666666666666,True,illustrious,fake::illustrious,False,cb8e25da88a72e0e767b595e9ca333d6,6321,0048298.jpg,False,
OF006322,fake,midjourney-7,base,2025-04,True,546,816,1456,3,RGB,PNG,1284021,0.5604395604395604,True,midjourney-7,fake::midjourney-7,False,de122d8cc2ae689e35c04535d63eec8f,6322,23413.jpg,False,
OF006323,fake,lumina-17-2-25,base,unknown,True,90,1024,1024,3,RGB,PNG,1245262,1.0,True,lumina-17-2-25,fake::lumina-17-2-25,False,2eb86c9872d2cd214d29429333630538,6323,52179.jpg,False,
OF006325,fake,frames-23-1-25,base,unknown,True,102,1920,1088,3,RGB,PNG,3120145,1.7647058823529411,True,frames-23-1-25,fake::frames-23-1-25,False,2ccded5fd41525c6abc677183a993666,6325,52471.jpg,False,
OF006327,fake,illustrious,image,2025-08,True,632,1024,1024,3,RGB,JPEG,149172,1.0,True,illustrious,fake::illustrious,False,7fed8fc06bde08dbbdb6291aa2c56372,6327,0013840.jpg,False,
OF006328,real,imagenet,real,,True,329,692,800,3,RGB,JPEG,218038,0.865,True,imagenet,real::imagenet,False,6a2b294444715ccf854f3b8936a80b42,6328,n01514859_4629.JPEG,False,
OF006329,fake,wan-video-2.5,video,2025-12,True,627,1920,1080,3,RGB,JPEG,167202,1.7777777777777777,True,wan-video-2.5,fake::wan-video-2.5,False,bf245a0009b3c31fcce6d23987942bf1,6329,0165900.jpg,False,
OF006331,fake,illustrious,video,2026-04,True,173,448,672,3,RGB,JPEG,160918,0.6666666666666666,True,illustrious,fake::illustrious,False,0cd2c89c8d492c1254e23bbd3d611cd7,6331,0255564.jpg,False,
OF006333,fake,midjourney-7,base,2025-04,True,568,1024,1024,3,RGB,PNG,1351265,1.0,True,midjourney-7,fake::midjourney-7,False,4962b86d1627500102e185683b97d84c,6333,85034.jpg,False,
OF006334,fake,veo-3,video,2025-07,True,142,1280,720,3,RGB,JPEG,141748,1.7777777777777777,True,veo-3,fake::veo-3,False,d445ca23f95845ace4d3849f93f53f67,6334,0305667.jpg,False,
OF006336,real,docci,real,,True,533,480,360,3,RGB,JPEG,20748,1.3333333333333333,True,docci,real::docci,False,4b40c98a67f1ec98e9a87f1840114332,6336,train_04065.jpg,False,
OF006339,real,imagenet,real,,True,667,500,333,3,RGB,JPEG,34134,1.5015015015015014,True,imagenet,real::imagenet,False,ad46bf4839775bd26a3a2c9d99632d1d,6339,n01728920_9356.JPEG,False,
OF006346,fake,midjourney-7,base,2025-04,True,767,1024,1024,3,RGB,PNG,1634492,1.0,True,midjourney-7,fake::midjourney-7,False,ee2bfeac2c81697ff1d3d8338766bf58,6346,30941.jpg,False,
OF006351,fake,ernie-image,image,2026-04,True,452,1024,1024,3,RGB,JPEG,85583,1.0,True,ernie-image,fake::ernie-image,False,44225e3411a5ea713a7c1172026d3377,6351,0067171.jpg,False,
OF006355,fake,recraft-v3,base,2024-10,True,634,600,750,3,RGB,JPEG,253404,0.8,True,recraft-v3,fake::recraft-v3,False,3891d40a685ec0ec3b826f7a3ac940ee,6355,23941.jpg,False,
OF006358,fake,flux.2-klein-9b,Base,2026-01-14,True,531,1024,1024,3,RGB,JPEG,423635,1.0,True,flux.2-klein-9b,fake::flux.2-klein-9b,False,0f544e1cd6443676bab2f07242af4904,6358,1117946.jpg,False,
OF006359,real,imagenet,real,,True,493,320,240,3,RGB,JPEG,17477,1.3333333333333333,True,imagenet,real::imagenet,False,3ffd391ff81b20d8893726dc0ea90591,6359,n01677366_7520.JPEG,False,
OF006360,fake,veo-3,video,2026-02,True,866,1920,1080,3,RGB,JPEG,429349,1.7777777777777777,True,veo-3,fake::veo-3,False,cc6dc1307ef9e81458f6328398326c3e,6360,0340516.jpg,False,
OF006361,fake,flux.2-klein-9b,Base,2026-01-14,True,700,1024,1024,3,RGB,JPEG,510811,1.0,True,flux.2-klein-9b,fake::flux.2-klein-9b,False,1392cc900ac383bd5f8169c4deeb932a,6361,1067674.jpg,False,
OF006364,fake,z-image-turbo,image,2025-12,True,1031,3328,4864,3,RGB,JPEG,4487749,0.6842105263157895,True,z-image-turbo,fake::z-image-turbo,False,91cd268d5770ba30b7325936fdf298f9,6364,0048172.jpg,False,
OF006366,real,docci,real,,True,542,2048,1536,3,RGB,JPEG,254240,1.3333333333333333,True,docci,real::docci,False,3f48c817f588c8802c9c66b03f19e828,6366,train_05929.jpg,False,
OF006368,real,docci,real,,True,471,1536,2048,3,RGB,JPEG,655564,0.75,True,docci,real::docci,False,52528d7a406a8a41034dd44254c46320,6368,train_03166.jpg,False,
OF006369,fake,flux.2-klein-9b,Base,2026-01-14,True,559,1024,1024,3,RGB,JPEG,336484,1.0,True,flux.2-klein-9b,fake::flux.2-klein-9b,False,46cf0b11d14215b8344d3d95154dbfca,6369,1115123.jpg,False,
OF006372,real,docci,real,,True,487,2048,1536,3,RGB,JPEG,1084921,1.3333333333333333,True,docci,real::docci,False,95706f1cdc3bfc62b6b9c3031d74e6fe,6372,train_03636.jpg,False,
OF006375,real,imagenet,real,,True,904,500,375,3,RGB,JPEG,109504,1.3333333333333333,True,imagenet,real::imagenet,False,922fd329ecb63ace5896978fd24ec869,6375,n01494475_17080.JPEG,False,
OF006378,fake,midjourney-7,base,2025-04,True,481,960,1184,3,RGB,PNG,1651066,0.8108108108108109,True,midjourney-7,fake::midjourney-7,False,e869069d1a8f7a241a5ddbaf144e85cf,6378,654552.jpg,False,
OF006380,fake,aurora-20-1-25,base,unknown,True,29,1024,768,3,RGB,PNG,1728931,1.3333333333333333,True,aurora-20-1-25,fake::aurora-20-1-25,False,f95b301f1fe25b00c0e9ab2e30a234e2,6380,52272.jpg,False,
OF006382,real,docci,real,,True,629,2048,1536,3,RGB,JPEG,577070,1.3333333333333333,True,docci,real::docci,False,3f42b13e609a4e204e6a5da4f2558192,6382,train_08189.jpg,False,
OF006384,real,docci,real,,True,780,2048,1536,3,RGB,JPEG,409781,1.3333333333333333,True,docci,real::docci,False,1e75892c0ed34c8ee0fc0422d263963c,6384,test_00534.jpg,False,
OF006387,real,imagenet,real,,True,304,250,159,3,RGB,JPEG,39725,1.572327044025157,True,imagenet,real::imagenet,False,4db7eb87dc1a815a9015c81810977cc8,6387,n01756291_12477.JPEG,False,
OF006392,fake,gpt-image-1.5,image,2025-12,True,411,1024,1536,3,RGB,PNG,3349435,0.6666666666666666,True,gpt-image-1.5,fake::gpt-image-1.5,False,80480332316fa95088e3f2aeb6f3f5c2,6392,0030142.jpg,False,
OF006397,fake,gpt-image-2,image,2026-04,True,667,1024,1536,3,RGB,JPEG,345758,0.6666666666666666,True,gpt-image-2,fake::gpt-image-2,False,7402536ec6781ff2fb0aab245d3bf3b3,6397,0036831.jpg,False,
OF006398,fake,z-image-turbo,image,2026-03,True,2446,896,1152,3,RGB,PNG,1675082,0.7777777777777778,True,z-image-turbo,fake::z-image-turbo,False,dcbca127063105a2a2d202ad104bd9b2,6398,0049637.jpg,False,
OF006400,fake,recraft-v3,base,2024-10,True,540,600,600,3,RGB,JPEG,171681,1.0,True,recraft-v3,fake::recraft-v3,False,8c1cc684847f5063bc8560b815b8f40b,6400,15096.jpg,False,
OF006402,real,docci,real,,True,668,1536,2048,3,RGB,JPEG,287021,0.75,True,docci,real::docci,False,4c1e62982c5688ff5b7a39f2a18666c3,6402,test_00492.jpg,False,
OF006403,real,docci,real,,True,820,1535,2048,3,RGB,JPEG,306870,0.74951171875,True,docci,real::docci,False,1d8cf148e407c4ea7f1ff85d6415bcc4,6403,train_07857.jpg,False,
OF006405,real,docci,real,,True,612,2048,1536,3,RGB,JPEG,318443,1.3333333333333333,True,docci,real::docci,False,07392b9ca4022da5dbd894402ddb0ce6,6405,test_00846.jpg,False,
OF006406,real,docci,real,,True,402,2048,1536,3,RGB,JPEG,313323,1.3333333333333333,True,docci,real::docci,False,f1040252305d383e5dc850deb8fdf7cf,6406,train_01717.jpg,False,
OF006408,real,imagenet,real,,True,332,768,522,3,RGB,JPEG,104857,1.471264367816092,True,imagenet,real::imagenet,False,e04605d40a6952b6df1b852bef10e570,6408,n01443537_766.JPEG,False,
OF006409,fake,z-image-turbo,Base,2025-11-25,True,626,1024,1024,3,RGB,JPEG,276291,1.0,True,z-image-turbo,fake::z-image-turbo,False,0403f772e4887ae3c2b8f85220c67814,6409,1059487.jpg,False,
OF006411,real,imagenet,real,,True,607,500,375,3,RGB,JPEG,125896,1.3333333333333333,True,imagenet,real::imagenet,False,ccd1e59d5fd83508ff03218a01eed7f8,6411,n01737021_3919.JPEG,False,
OF006413,fake,gpt-image-1.5,image,2026-02,True,752,1024,1536,3,RGB,JPEG,257419,0.6666666666666666,True,gpt-image-1.5,fake::gpt-image-1.5,False,92465bbb9b0cfe36ea5660a322f6a545,6413,0036495.jpg,False,
OF006416,real,docci,real,,True,453,2713,3590,3,RGB,JPEG,865426,0.7557103064066852,True,docci,real::docci,False,d93b29dc16d5484bd368cb86b57ecce3,6416,train_03309.jpg,False,
OF006421,fake,illustrious,image,2025-08,True,626,832,1216,3,RGB,JPEG,307897,0.6842105263157895,True,illustrious,fake::illustrious,False,348615a3589df14a9745551841107c4c,6421,0021397.jpg,False,
OF006425,fake,aurora-20-1-25,base,unknown,True,44,1024,768,3,RGB,PNG,581709,1.3333333333333333,True,aurora-20-1-25,fake::aurora-20-1-25,False,113fff6133e22cf4bade93965eb4f51d,6425,00103.jpg,False,
OF006426,real,imagenet,real,,True,545,500,400,3,RGB,JPEG,121123,1.25,True,imagenet,real::imagenet,False,e9bda1a0e4f42b044c3b9609ffa32772,6426,n01534433_8928.JPEG,False,
OF006427,fake,z-image-turbo,video,2026-02,True,609,416,752,3,RGB,JPEG,96706,0.5531914893617021,True,z-image-turbo,fake::z-image-turbo,False,69e3cecb003d848e2c9dad70ee802e8a,6427,0240721.jpg,False,
OF006431,fake,wan-video-2.5,video,2025-10,True,665,810,1138,3,RGB,JPEG,167218,0.7117750439367311,True,wan-video-2.5,fake::wan-video-2.5,False,282bc0018ea92b9695b5713ffcd35315,6431,0321310.jpg,False,
OF006432,fake,illustrious,image,2026-04,True,497,1664,2432,3,RGB,PNG,4834993,0.6842105263157895,True,illustrious,fake::illustrious,False,d1158a0e7e073fa60c24e407de4bbd33,6432,0084799.jpg,False,
OF006434,real,docci,real,,True,680,2048,1536,3,RGB,JPEG,200784,1.3333333333333333,True,docci,real::docci,False,5edc46c794f3b204181f0bb86dc88ac5,6434,train_00983.jpg,False,
OF006437,fake,flux.2-klein-9b,Base,2026-01-14,True,636,1024,1024,3,RGB,JPEG,454817,1.0,True,flux.2-klein-9b,fake::flux.2-klein-9b,False,ab7c06bd7226a1a4f7c3a10a8a0663d0,6437,1095615.jpg,False,
OF006438,real,docci,real,,True,476,1536,2048,3,RGB,JPEG,615894,0.75,True,docci,real::docci,False,243ae49a0effba412f0241dbbf6935bc,6438,train_02720.jpg,False,
OF006440,real,imagenet,real,,True,672,500,375,3,RGB,JPEG,83400,1.3333333333333333,True,imagenet,real::imagenet,False,1052aab377bb631c914cdc602421f088,6440,n01817953_4716.JPEG,False,
OF006443,real,imagenet,real,,True,642,375,500,3,RGB,JPEG,209921,0.75,True,imagenet,real::imagenet,False,575c74adfdc523078123a45cdcbf1481,6443,n01818515_4772.JPEG,False,
OF006444,fake,veo-3,video,2025-07,True,6,1280,720,3,RGB,JPEG,412170,1.7777777777777777,True,veo-3,fake::veo-3,False,e17ce9d611ef4593f89d8aa2f865fb10,6444,0183251.jpg,False,
OF006449,real,imagenet,real,,True,414,476,500,3,RGB,JPEG,150074,0.952,True,imagenet,real::imagenet,False,ac05a15d18ac11184086be9055781453,6449,n01534433_3241.JPEG,False,
OF006450,fake,illustrious,image,2025-05,True,793,1536,2688,3,RGB,JPEG,902339,0.5714285714285714,True,illustrious,fake::illustrious,False,b1e76529ef185a5103e79500313a3d33,6450,0078861.jpg,False,
OF006452,real,docci,real,,True,568,2048,1536,3,RGB,JPEG,845347,1.3333333333333333,True,docci,real::docci,False,29afbe6cc7cd23ef7d16c8575a2391ca,6452,train_04733.jpg,False,
OF006453,real,docci,real,,True,440,2048,1536,3,RGB,JPEG,172595,1.3333333333333333,True,docci,real::docci,False,c7b70d29abdc0a3a3d8d952c7eb72069,6453,train_07641.jpg,False,
OF006454,fake,flux.2-klein-9b,Base,2026-01-14,True,646,1024,1024,3,RGB,JPEG,274044,1.0,True,flux.2-klein-9b,fake::flux.2-klein-9b,False,c5802f98734de265fd9396705382b036,6454,1116698.jpg,False,
OF006455,real,imagenet,real,,True,684,500,419,3,RGB,JPEG,172777,1.1933174224343674,True,imagenet,real::imagenet,False,3e97c5392ee1b1ef2e10cdda3166a534,6455,n01558993_1588.JPEG,False,
OF006459,real,docci,real,,True,674,2048,1536,3,RGB,JPEG,672147,1.3333333333333333,True,docci,real::docci,False,9312321f7c171a9278998d901e8d978f,6459,train_00865.jpg,False,
OF006460,fake,gpt-image-1.5,image,2026-02,True,2012,2730,4096,3,RGB,PNG,18805329,0.66650390625,True,gpt-image-1.5,fake::gpt-image-1.5,False,19d7f5a3a9e481fe45f5954994a70b1a,6460,0018072.jpg,False,
OF006465,real,docci,real,,True,745,2048,1536,3,RGB,JPEG,493699,1.3333333333333333,True,docci,real::docci,False,28d73d75403141c689c65cd44b24f04c,6465,train_06270.jpg,False,
OF006466,real,imagenet,real,,True,566,500,375,3,RGB,JPEG,175281,1.3333333333333333,True,imagenet,real::imagenet,False,4205802038e10cddafc3b126a8847137,6466,n01773157_4099.JPEG,False,
OF006469,real,imagenet,real,,True,368,600,450,3,RGB,JPEG,25388,1.3333333333333333,True,imagenet,real::imagenet,False,c977e9eea6ebd72bf1b039bf729e6624,6469,n01737021_227.JPEG,False,
OF006470,real,docci,real,,True,471,1536,2048,3,RGB,JPEG,436095,0.75,True,docci,real::docci,False,78cfe98fd128c20418fc4808cae10db2,6470,train_08128.jpg,False,
OF006474,fake,gpt-image-1.5,image,2026-03,True,140,1024,1024,3,RGB,JPEG,271454,1.0,True,gpt-image-1.5,fake::gpt-image-1.5,False,9e69938b6cb35d46df45120cb1fd6ceb,6474,0067261.jpg,False,
OF006475,real,imagenet,real,,True,603,500,333,3,RGB,JPEG,120863,1.5015015015015014,True,imagenet,real::imagenet,False,594542663a74cb80d00ef0b6b79ad469,6475,n01641577_17963.JPEG,False,
OF006477,real,imagenet,real,,True,507,500,375,3,RGB,JPEG,57062,1.3333333333333333,True,imagenet,real::imagenet,False,dbb6750f16eb1d81e471663149a84859,6477,n01629819_2483.JPEG,False,
OF006480,real,imagenet,real,,True,571,500,375,3,RGB,JPEG,79297,1.3333333333333333,True,imagenet,real::imagenet,False,e0da8dd35698cbd0c927e564f4ce9bea,6480,n01773549_3320.JPEG,False,
OF006482,real,imagenet,real,,True,551,375,500,3,RGB,JPEG,215464,0.75,True,imagenet,real::imagenet,False,d71fef18f670c6e3cf150021a6eee51a,6482,n01537544_22657.JPEG,False,
OF006483,real,imagenet,real,,True,518,500,335,3,RGB,JPEG,147302,1.492537313432836,True,imagenet,real::imagenet,False,494054f594f8f0c1d52be1cfedc1e115,6483,n01755581_23487.JPEG,False,
OF006485,fake,ernie-image-turbo,image,2026-04,True,460,1024,1536,3,RGB,PNG,2603056,0.6666666666666666,True,ernie-image-turbo,fake::ernie-image-turbo,False,1586af8d1e47e1e1b8189942411b0293,6485,0053565.jpg,False,
OF006486,fake,flux.2-klein-9b,Base,2026-01-14,True,690,1024,1024,3,RGB,JPEG,422899,1.0,True,flux.2-klein-9b,fake::flux.2-klein-9b,False,2a3961c6839eca9823306161f1238c82,6486,1153411.jpg,False,
OF006487,real,docci,real,,True,517,480,360,3,RGB,JPEG,43835,1.3333333333333333,True,docci,real::docci,False,934e8b1c8787211f0a8d8d519dc4fc8a,6487,test_03964.jpg,False,
OF006488,real,docci,real,,True,597,2048,1536,3,RGB,JPEG,280316,1.3333333333333333,True,docci,real::docci,False,3c6c0e2cde7dd937aa9f1cf6f61e189a,6488,train_08985.jpg,False,
OF006494,real,docci,real,,True,611,1536,2048,3,RGB,JPEG,767972,0.75,True,docci,real::docci,False,7312bc96b702046605b6e2c1b394c438,6494,test_00643.jpg,False,
OF006497,real,imagenet,real,,True,624,480,500,3,RGB,JPEG,259048,0.96,True,imagenet,real::imagenet,False,4522c2d679edbc4ad24a450919c65e12,6497,n01784675_9620.JPEG,False,
OF006499,real,imagenet,real,,True,595,500,348,3,RGB,JPEG,249443,1.4367816091954022,True,imagenet,real::imagenet,False,56b94cb3f400d63ff91643fe99566633,6499,n01734418_12113.JPEG,False,
OF006500,real,docci,real,,True,698,2048,1536,3,RGB,JPEG,496791,1.3333333333333333,True,docci,real::docci,False,926ebb9ad778f2967f88d9213574747b,6500,test_00835.jpg,False,
OF006502,fake,midjourney-7,base,2025-04,True,517,960,1200,3,RGB,PNG,1423934,0.8,True,midjourney-7,fake::midjourney-7,False,f17e965f1dbf0f222d5f86b180870417,6502,29280.jpg,False,
OF006505,fake,flux.2-klein-9b,Base,2026-01-14,True,757,1024,1024,3,RGB,JPEG,508676,1.0,True,flux.2-klein-9b,fake::flux.2-klein-9b,False,e84e0412eb7db688c6af82f63f387c8e,6505,1084959.jpg,False,
OF006506,real,docci,real,,True,554,1536,2048,3,RGB,JPEG,349414,0.75,True,docci,real::docci,False,f993956387e9c6c50b822b98d3df7e5e,6506,train_07149.jpg,False,
OF006508,fake,veo-3,video,2025-09,True,1037,1080,1920,3,RGB,JPEG,331036,0.5625,True,veo-3,fake::veo-3,False,b7e4161e6f61f4b2038c5dd81a04738b,6508,0306737.jpg,False,
OF006509,real,docci,real,,True,749,2048,1536,3,RGB,JPEG,387777,1.3333333333333333,True,docci,real::docci,False,3561840b05be2ef8db9ff6d406ec6831,6509,train_06312.jpg,False,
OF006511,real,imagenet,real,,True,620,500,333,3,RGB,JPEG,139553,1.5015015015015014,True,imagenet,real::imagenet,False,dd2115045facce6bc9b9bad54799db4a,6511,n01824575_6960.JPEG,False,
OF006513,fake,gpt-image-1.5,image,2025-12,True,338,1024,1536,3,RGB,PNG,3296370,0.6666666666666666,True,gpt-image-1.5,fake::gpt-image-1.5,False,cd8d0a7d138eea024aad476702ccec6e,6513,0034160.jpg,False,
OF006514,real,docci,real,,True,539,1536,2048,3,RGB,JPEG,668034,0.75,True,docci,real::docci,False,1f0879432344c38f2e0f6c896355dcc7,6514,train_01105.jpg,False,
OF006517,fake,recraft-v3,base,2024-10,True,737,600,900,3,RGB,JPEG,210719,0.6666666666666666,True,recraft-v3,fake::recraft-v3,False,87f75a29a575691ddb7085d197a6b37e,6517,11964.jpg,False,
OF006518,real,docci,real,,True,507,2048,1536,3,RGB,JPEG,719878,1.3333333333333333,True,docci,real::docci,False,50ea83f1b23c626055dcb8819354892b,6518,train_08657.jpg,False,
OF006520,real,docci,real,,True,565,1536,2048,3,RGB,JPEG,386812,0.75,True,docci,real::docci,False,668f97fab62a5a1ce768b8ff509b696c,6520,test_04233.jpg,False,
OF006521,real,imagenet,real,,True,615,500,333,3,RGB,JPEG,182957,1.5015015015015014,True,imagenet,real::imagenet,False,315e48019b472e64c1aa1eaea4027c6f,6521,n01558993_709.JPEG,False,
OF006523,real,imagenet,real,,True,678,333,500,3,RGB,JPEG,89410,0.666,True,imagenet,real::imagenet,False,489e97c1b211e72c25a8d5f98c274d54,6523,n01641577_17659.JPEG,False,
OF006525,fake,illustrious,video,2026-04,True,384,2176,3264,3,RGB,JPEG,1975660,0.6666666666666666,True,illustrious,fake::illustrious,False,1033c42e9388d3b06d71025e76a603b3,6525,0264260.jpg,False,
OF006527,fake,lumina-17-2-25,base,unknown,True,31,1024,1024,3,RGB,PNG,855702,1.0,True,lumina-17-2-25,fake::lumina-17-2-25,False,0aff63d6ba186e95fe00b65d3470ad26,6527,14856.jpg,False,
OF006531,fake,flux.2-klein-9b,Base,2026-01-14,True,499,1024,1024,3,RGB,JPEG,415573,1.0,True,flux.2-klein-9b,fake::flux.2-klein-9b,False,89ed3fa361f7815f0d82435489dfd0f0,6531,1152103.jpg,False,
OF006532,fake,gpt-image-1.5,image,2026-02,True,779,1024,1536,3,RGB,PNG,2515784,0.6666666666666666,True,gpt-image-1.5,fake::gpt-image-1.5,False,913855b8c718d7cde89b72193a71716a,6532,0005371.jpg,False,
OF006534,real,docci,real,,True,681,2048,1536,3,RGB,JPEG,851454,1.3333333333333333,True,docci,real::docci,False,ee84bd702058a9b514724275f95e876f,6534,train_06325.jpg,False,
OF006536,real,docci,real,,True,784,1536,2048,3,RGB,JPEG,153346,0.75,True,docci,real::docci,False,43249bd59c2b605340fca275cbf05389,6536,train_03259.jpg,False,
OF006538,fake,z-image-turbo,image,2025-12,True,750,2560,3502,3,RGB,PNG,18674519,0.7310108509423187,True,z-image-turbo,fake::z-image-turbo,False,633c2d6a253220afca5af8aa9c90d652,6538,0030280.jpg,False,
OF006543,fake,gpt-image-1.5,image,2026-01,True,567,1024,1536,3,RGB,PNG,3077498,0.6666666666666666,True,gpt-image-1.5,fake::gpt-image-1.5,False,f857cca503b723d60b2788847b0f70f3,6543,0021710.jpg,False,
OF006544,fake,ernie-image-turbo,image,2026-04,True,416,1024,1536,3,RGB,JPEG,324023,0.6666666666666666,True,ernie-image-turbo,fake::ernie-image-turbo,False,bfe500c0f70265ce6dbddc7f8c8354d5,6544,0088538.jpg,False,
OF006545,fake,gpt-image-1.5,image,2025-12,True,623,1024,1536,3,RGB,PNG,3050387,0.6666666666666666,True,gpt-image-1.5,fake::gpt-image-1.5,False,0d2d2f6e1f75990f56f45e7b18d3eed5,6545,0084871.jpg,False,
OF006546,real,docci,real,,True,578,2048,1536,3,RGB,JPEG,152668,1.3333333333333333,True,docci,real::docci,False,4a7df633760b4808ebcf33c0c1f057d3,6546,test_01671.jpg,False,
OF006548,real,imagenet,real,,True,378,500,375,3,RGB,JPEG,122455,1.3333333333333333,True,imagenet,real::imagenet,False,9f4f971e59abe7d16afb8a098edf7548,6548,n01697457_3768.JPEG,False,
OF006550,fake,halfmoon-4-4-25,base,unknown,True,24,1248,832,3,RGB,PNG,1758657,1.5,True,halfmoon-4-4-25,fake::halfmoon-4-4-25,False,ef5546f010229f3aa5291e34f27e5292,6550,17309.jpg,False,
OF006551,real,imagenet,real,,True,544,500,356,3,RGB,JPEG,144731,1.404494382022472,True,imagenet,real::imagenet,False,683e38c802fc2ffb5a773146eec6a6f5,6551,n01537544_2957.JPEG,False,
OF006553,fake,illustrious,image,2025-09,True,604,1920,2816,3,RGB,JPEG,928043,0.6818181818181818,True,illustrious,fake::illustrious,False,c9e0a8509a5515c1bb80d710280f20f9,6553,0029029.jpg,False,
OF006555,fake,wan-video-2.5,video,2025-10,True,486,832,480,3,RGB,JPEG,90935,1.7333333333333334,True,wan-video-2.5,fake::wan-video-2.5,False,dda9757a906a648fe0a26159d6a13a01,6555,0125989.jpg,False,
OF006556,fake,sora-2,image,2025-05,True,620,1024,1536,3,RGB,JPEG,261703,0.6666666666666666,True,sora-2,fake::sora-2,False,420448f0ea1565e0443441395c10bcf4,6556,0041489.jpg,False,
OF006558,real,docci,real,,True,773,4032,3024,3,RGB,JPEG,797994,1.3333333333333333,True,docci,real::docci,False,31d0e71a812424c01fc692435620948b,6558,train_04783.jpg,False,
OF006559,real,docci,real,,True,734,2048,1536,3,RGB,JPEG,883881,1.3333333333333333,True,docci,real::docci,False,2f46aa4084a55f2a9ef33b17880d3717,6559,test_03477.jpg,False,
OF006560,real,docci,real,,True,660,1536,2048,3,RGB,JPEG,473567,0.75,True,docci,real::docci,False,c2c17f35d01838a7ec8db76a547e2af2,6560,test_00322.jpg,False,
OF006561,real,docci,real,,True,318,2048,1536,3,RGB,JPEG,518221,1.3333333333333333,True,docci,real::docci,False,ce8aa3cbbcef6f4e77317cfd4b58b9f9,6561,test_03060.jpg,False,
OF006563,fake,recraft-v3,base,2024-10,True,601,600,600,3,RGB,JPEG,172666,1.0,True,recraft-v3,fake::recraft-v3,False,5025f79449ad9712f50856a6ad957f98,6563,04120.jpg,False,
OF006566,real,docci,real,,True,769,1536,2048,3,RGB,JPEG,672636,0.75,True,docci,real::docci,False,8cb615a75b65f9aee2e669ec5cfa861d,6566,train_05751.jpg,False,
OF006569,fake,illustrious,image,2025-05,True,621,832,1216,3,RGB,JPEG,427408,0.6842105263157895,True,illustrious,fake::illustrious,False,2dd9a2f96bebfec142975e8af86318ba,6569,0059764.jpg,False,
OF006570,fake,flux.2-klein-9b,Base,2026-01-14,True,674,1024,1024,3,RGB,JPEG,515416,1.0,True,flux.2-klein-9b,fake::flux.2-klein-9b,False,79a08708c94ba0b0fe4997f042a75638,6570,962711.jpg,False,
OF006571,fake,flux.2-klein-9b,Base,2026-01-14,True,405,1024,1024,3,RGB,JPEG,607711,1.0,True,flux.2-klein-9b,fake::flux.2-klein-9b,False,31cf7256602dfdd696b0fdb2399c0037,6571,1089949.jpg,False,
OF006572,fake,illustrious,image,2025-08,True,722,1856,1280,3,RGB,JPEG,391840,1.45,True,illustrious,fake::illustrious,False,64f07ba16b5109f48f09633c3c4d479c,6572,0008572.jpg,False,
OF006579,real,docci,real,,True,619,2048,1536,3,RGB,JPEG,946679,1.3333333333333333,True,docci,real::docci,False,0b6c8411286d4075936d64145cdea12d,6579,train_00613.jpg,False,
OF006580,fake,gpt-image-1.5,image,2026-02,True,750,1024,1536,3,RGB,PNG,2556423,0.6666666666666666,True,gpt-image-1.5,fake::gpt-image-1.5,False,3e10ea731b808135713c635deb3aa7b2,6580,0025470.jpg,False,
OF006581,real,imagenet,real,,True,665,500,375,3,RGB,JPEG,194407,1.3333333333333333,True,imagenet,real::imagenet,False,9aad671cb1540a9a12d68bcd5eb5c106,6581,n01729977_3930.JPEG,False,
OF006582,real,imagenet,real,,True,633,1024,768,3,RGB,JPEG,369998,1.3333333333333333,True,imagenet,real::imagenet,False,f7cb00259537cc1e6b980272db724ce7,6582,n01695060_3627.JPEG,False,
OF006583,fake,z-image-turbo,image,2026-04,True,1207,768,1344,3,RGB,PNG,1086592,0.5714285714285714,True,z-image-turbo,fake::z-image-turbo,False,0d30b894ffb8b1906baadd494415c266,6583,0016499.jpg,False,
OF006584,real,docci,real,,True,581,2048,1536,3,RGB,JPEG,1020980,1.3333333333333333,True,docci,real::docci,False,9c2f51a81a0551c5d2fa17bd8ac1f104,6584,test_00400.jpg,False,
OF006585,real,docci,real,,True,578,2048,1536,3,RGB,JPEG,517164,1.3333333333333333,True,docci,real::docci,False,b0c65079d1a2e52953f386f34c136611,6585,train_05715.jpg,False,
OF006588,fake,flux.2-klein-9b,Base,2026-01-14,True,477,1024,1024,3,RGB,JPEG,218422,1.0,True,flux.2-klein-9b,fake::flux.2-klein-9b,False,b1af802d81ff82a5f853c6478b118626,6588,1129200.jpg,False,
OF006589,fake,gpt-image-1.5,image,2026-01,True,595,1024,1536,3,RGB,PNG,3373176,0.6666666666666666,True,gpt-image-1.5,fake::gpt-image-1.5,False,26fbc6716f80804a0d7bea8011ed1540,6589,0038225.jpg,False,
OF006596,fake,seedream-v5.0,image,2026-03,True,40,1728,2304,3,RGB,JPEG,537884,0.75,True,seedream-v5.0,fake::seedream-v5.0,False,8fec5b13d11b5de160f356def217136b,6596,0096256.jpg,False,
OF006597,real,imagenet,real,,True,462,500,500,3,RGB,JPEG,188302,1.0,True,imagenet,real::imagenet,False,82e627fe565a991eeba4dc2ecad29c13,6597,n01558993_7234.JPEG,False,
OF006599,fake,z-image-turbo,image,2025-12,True,295,768,1280,3,RGB,PNG,1057012,0.6,True,z-image-turbo,fake::z-image-turbo,False,beb23ebdd8fd6672c1ef103126d924cf,6599,0044869.jpg,False,
OF006605,real,docci,real,,True,561,1634,2180,3,RGB,JPEG,479750,0.7495412844036697,True,docci,real::docci,False,a23f12d1a2d6f53ac8c22fad727234a8,6605,train_03185.jpg,False,
OF006608,real,imagenet,real,,True,540,250,375,3,RGB,JPEG,48834,0.6666666666666666,True,imagenet,real::imagenet,False,831ca0cb17939ed784f936e7e3d0f2c0,6608,n01824575_9395.JPEG,False,
OF006612,real,docci,real,,True,461,1536,2048,3,RGB,JPEG,297001,0.75,True,docci,real::docci,False,eb8e03d3da1d5bf1be8bc527a4bbf69c,6612,test_03777.jpg,False,
OF006613,fake,gpt-image-1.5,image,2025-12,True,695,1024,1536,3,RGB,PNG,3107290,0.6666666666666666,True,gpt-image-1.5,fake::gpt-image-1.5,False,6e51f2f0f4b2aad20ec378210ad337ec,6613,0018208.jpg,False,
OF006617,fake,veo-3,video,2025-07,True,592,1280,720,3,RGB,JPEG,140817,1.7777777777777777,True,veo-3,fake::veo-3,False,ba913e16b58ec2bd02a4b500a3c8c599,6617,0322262.jpg,False,
OF006618,fake,seedream-v5.0,image,2026-03,True,1716,2560,1440,3,RGB,JPEG,443251,1.7777777777777777,True,seedream-v5.0,fake::seedream-v5.0,False,0e84b86ceeb13965f3b6f3923c92de14,6618,0077133.jpg,False,
OF006621,real,docci,real,,True,756,2048,1536,3,RGB,JPEG,320419,1.3333333333333333,True,docci,real::docci,False,31e97173be7b0bdc11a09992d9a7c8a8,6621,train_01926.jpg,False,
OF006626,fake,flux.2-klein-9b,Base,2026-01-14,True,636,1024,1024,3,RGB,JPEG,362575,1.0,True,flux.2-klein-9b,fake::flux.2-klein-9b,False,40d61e75547013794dd6f02d4c0d695d,6626,1149913.jpg,False,
OF006631,real,imagenet,real,,True,578,500,329,3,RGB,JPEG,165007,1.5197568389057752,True,imagenet,real::imagenet,False,91453e2929f18b083b958e751c403585,6631,n01641577_16559.JPEG,False,
OF006634,real,imagenet,real,,True,558,762,799,3,RGB,JPEG,74076,0.95369211514393,True,imagenet,real::imagenet,False,522acb0b36b78f4536bd45d27207e512,6634,n01728572_24690.JPEG,False,
OF006635,real,imagenet,real,,True,482,160,106,3,RGB,JPEG,2601,1.509433962264151,True,imagenet,real::imagenet,False,253f22b8d6092b20a724d013390bcf2d,6635,n01675722_47.JPEG,False,
OF006637,fake,recraft-v3,base,2024-10,True,467,600,450,3,RGB,JPEG,109890,1.3333333333333333,True,recraft-v3,fake::recraft-v3,False,a17e7126a138e46942e8f152b8034e55,6637,27537.jpg,False,
OF006644,fake,nano-banana-pro,video,2025-12,True,688,1280,704,3,RGB,JPEG,153722,1.818181818181818,True,nano-banana-pro,fake::nano-banana-pro,False,7975f843faea19e772fc1ce892f16497,6644,0192843.jpg,False,
OF006648,real,imagenet,real,,True,560,500,303,3,RGB,JPEG,113685,1.6501650165016502,True,imagenet,real::imagenet,False,c6f2bb2959e7148e78fd3bf9a1937a89,6648,n01632458_2547.JPEG,False,
OF006653,real,docci,real,,True,474,480,360,3,RGB,JPEG,45858,1.3333333333333333,True,docci,real::docci,False,e6ace4983645a62342d91cfdd60d0151,6653,train_08010.jpg,False,
OF006654,fake,ernie-image-turbo,image,2026-04,True,1961,2304,3072,3,RGB,PNG,13462842,0.75,True,ernie-image-turbo,fake::ernie-image-turbo,False,dcd4b305cfda1b0ca7195c325434629b,6654,0069439.jpg,False,
OF006655,real,docci,real,,True,571,2048,1536,3,RGB,JPEG,362957,1.3333333333333333,True,docci,real::docci,False,e8ab6cf719fed928e5d74356ad1ba678,6655,test_03057.jpg,False,
OF006658,fake,illustrious,video,2026-03,True,96,464,688,3,RGB,JPEG,129116,0.6744186046511628,True,illustrious,fake::illustrious,False,30dc8ad9a468eaa934b02818a0c908e8,6658,0226628.jpg,False,
OF006660,real,docci,real,,True,614,2048,1535,3,RGB,JPEG,741904,1.3342019543973942,True,docci,real::docci,False,c09a0fdbffc24e990c984570c4258d3a,6660,train_07567.jpg,False,
OF006661,fake,veo-3,video,2025-07,True,673,3840,2160,3,RGB,JPEG,2338903,1.7777777777777777,True,veo-3,fake::veo-3,False,702b2efd06337a8d8249eedd434685f0,6661,0341029.jpg,False,
OF006664,real,imagenet,real,,True,387,431,500,3,RGB,JPEG,96437,0.862,True,imagenet,real::imagenet,False,465b7e765b1cc7c05a0c941f2cbefc41,6664,n01818515_5358.JPEG,False,
OF006665,fake,aurora-20-1-25,base,unknown,True,35,1024,768,3,RGB,PNG,677268,1.3333333333333333,True,aurora-20-1-25,fake::aurora-20-1-25,False,aeda0199b939131e6db14dd2a6ff643f,6665,06166.jpg,False,
OF006666,real,docci,real,,True,688,480,359,3,RGB,JPEG,21201,1.3370473537604457,True,docci,real::docci,False,7cc89d98e59020c1a31f050511d8f1ea,6666,train_03173.jpg,False,
OF006668,real,imagenet,real,,True,738,500,375,3,RGB,JPEG,172843,1.3333333333333333,True,imagenet,real::imagenet,False,53d5d13f7ad6c19714aff0ebf0e9e424,6668,n01784675_2514.JPEG,False,
OF006669,real,docci,real,,True,479,3024,4032,3,RGB,JPEG,1470223,0.75,True,docci,real::docci,False,9e2b85bc8ccad07d31b4ef815ba68509,6669,test_00821.jpg,False,
OF006670,fake,seedream-v5.0,image,2026-03,True,780,1728,2304,3,RGB,JPEG,675393,0.75,True,seedream-v5.0,fake::seedream-v5.0,False,eddde7753e0534cc5c3136f934aa7455,6670,0061496.jpg,False,
OF006672,fake,ernie-image,image,2026-04,True,53,1024,1536,3,RGB,PNG,2506308,0.6666666666666666,True,ernie-image,fake::ernie-image,False,1cba86ffba6edcfaa8c3275f6c4595a7,6672,0085946.jpg,False,
OF006676,fake,illustrious,image,2026-04,True,412,1536,1536,3,RGB,JPEG,366683,1.0,True,illustrious,fake::illustrious,False,2baa87d41d5c56499ff3e8448709246d,6676,0072366.jpg,False,
OF006680,fake,flux.2-klein-9b,Base,2026-01-14,True,846,1024,1024,3,RGB,JPEG,595842,1.0,True,flux.2-klein-9b,fake::flux.2-klein-9b,False,bbec425beff0faff036f29ff2d3b02fc,6680,1128968.jpg,False,
OF006681,real,docci,real,,True,541,2048,1534,3,RGB,JPEG,457747,1.3350717079530638,True,docci,real::docci,False,cd2f1d2853fe096bc2eb5cb2a61bae13,6681,train_04453.jpg,False,
OF006683,fake,z-image-turbo,Base,2025-11-25,True,647,1024,1024,3,RGB,JPEG,246448,1.0,True,z-image-turbo,fake::z-image-turbo,False,2381bd4056b0b31b3f1e86e6003ce4c7,6683,1091076.jpg,False,
OF006686,fake,flux.2-klein-9b,Base,2026-01-14,True,652,1024,1024,3,RGB,JPEG,613174,1.0,True,flux.2-klein-9b,fake::flux.2-klein-9b,False,c3441e5e6762a5588e20262757bacba3,6686,1113492.jpg,False,
OF006687,real,imagenet,real,,True,518,500,335,3,RGB,JPEG,35114,1.492537313432836,True,imagenet,real::imagenet,False,ab9cf3f1c18e5169aea6252a987d2ffd,6687,n01608432_5513.JPEG,False,
OF006688,fake,recraft-v3,base,2024-10,True,426,600,600,3,RGB,JPEG,149152,1.0,True,recraft-v3,fake::recraft-v3,False,da82ebce55fbbc4f515c22d0fa2e23c3,6688,04250.jpg,False,
OF006689,real,imagenet,real,,True,617,438,650,3,RGB,JPEG,63574,0.6738461538461539,True,imagenet,real::imagenet,False,9eb0d9cbcd79f5d0d6e923b8d4448469,6689,n01798484_5766.JPEG,False,
OF006690,fake,z-image-turbo,Base,2025-11-25,True,595,1024,1024,3,RGB,JPEG,199342,1.0,True,z-image-turbo,fake::z-image-turbo,False,adc2b9c12f1ea70c39d4e88fc0d77f63,6690,1107960.jpg,False,
OF006695,fake,nano-banana-pro,video,2025-12,True,581,1920,1080,3,RGB,JPEG,233856,1.7777777777777777,True,nano-banana-pro,fake::nano-banana-pro,False,ed87206d14b8c99506dd0aabed93d5fb,6695,0314802.jpg,False,
OF006698,real,imagenet,real,,True,733,500,375,3,RGB,JPEG,134940,1.3333333333333333,True,imagenet,real::imagenet,False,a107c0ba3eab4296d4a775a4335a2813,6698,n01484850_15822.JPEG,False,
OF006699,real,docci,real,,True,648,1859,1394,3,RGB,JPEG,300495,1.3335724533715925,True,docci,real::docci,False,367084d63e87fbd678786c6dc7b7acef,6699,test_04571.jpg,False,
OF006700,fake,frames-23-1-25,base,unknown,True,90,1920,1088,3,RGB,PNG,2451775,1.7647058823529411,True,frames-23-1-25,fake::frames-23-1-25,False,bf06cf04b47c78c86280b8ca1febba54,6700,05696.jpg,False,
OF006705,real,imagenet,real,,True,281,399,240,3,RGB,JPEG,18517,1.6625,True,imagenet,real::imagenet,False,52ba6848907cb96cc8b96ac8ee55af8a,6705,n01770393_10221.JPEG,False,
OF006708,fake,gpt-image-1.5,image,2026-01,True,825,1024,1536,3,RGB,PNG,3292216,0.6666666666666666,True,gpt-image-1.5,fake::gpt-image-1.5,False,15383883e4e48aaefaa0495f0a78fd54,6708,0059379.jpg,False,
OF006714,real,docci,real,,True,743,2048,1536,3,RGB,JPEG,467101,1.3333333333333333,True,docci,real::docci,False,1dbd81e2359561804217abb0494c68ae,6714,train_06664.jpg,False,
OF006717,fake,recraft-v3,base,2024-10,True,610,600,600,3,RGB,JPEG,211310,1.0,True,recraft-v3,fake::recraft-v3,False,5f3426af231130eeea3c9602652fcb16,6717,16198.jpg,False,
OF006719,fake,flux.2-klein-9b,Base,2026-01-14,True,874,1024,1024,3,RGB,JPEG,301189,1.0,True,flux.2-klein-9b,fake::flux.2-klein-9b,False,0715ca5eecc34f87a08a37acd76941e9,6719,1141955.jpg,False,
OF006720,fake,gpt-image-1.5,image,2026-03,True,569,1536,1024,3,RGB,PNG,2389890,1.5,True,gpt-image-1.5,fake::gpt-image-1.5,False,d14f06f322ff84e600d1820e96c2fa94,6720,0093696.jpg,False,
OF006721,fake,z-image-turbo,image,2025-12,True,7,1088,1920,3,RGB,PNG,2698893,0.5666666666666667,True,z-image-turbo,fake::z-image-turbo,False,ab25a112fad585919f68d33c0f5cd7cb,6721,0034406.jpg,False,
OF006726,fake,z-image-turbo,Base,2025-11-25,True,634,1024,1024,3,RGB,JPEG,231450,1.0,True,z-image-turbo,fake::z-image-turbo,False,8b0a0548202c5c0cedc541a3281f4140,6726,1088682.jpg,False,
OF006729,real,docci,real,,True,506,2048,1536,3,RGB,JPEG,238704,1.3333333333333333,True,docci,real::docci,False,187c7ccf1ab21e077a20d1334d32116b,6729,test_03524.jpg,False,
OF006732,real,docci,real,,True,438,2048,1536,3,RGB,JPEG,531166,1.3333333333333333,True,docci,real::docci,False,3f06dfbc271a4c04a9bddd96741dba77,6732,train_00463.jpg,False,
OF006733,fake,ernie-image-turbo,image,2026-04,True,864,848,1264,3,RGB,JPEG,222961,0.6708860759493671,True,ernie-image-turbo,fake::ernie-image-turbo,False,68ccf66eb87f87a9dc69d722add7873e,6733,0063439.jpg,False,
OF006735,real,docci,real,,True,541,2048,1536,3,RGB,JPEG,251499,1.3333333333333333,True,docci,real::docci,False,7ff7675ed532651c9abd589f411ab524,6735,train_03979.jpg,False,
OF006737,fake,gpt-image-1.5,image,2026-01,True,684,1024,1536,3,RGB,JPEG,391675,0.6666666666666666,True,gpt-image-1.5,fake::gpt-image-1.5,False,d346ecd0a067143340e644703d2fd89f,6737,0092115.jpg,False,
OF006738,fake,z-image-turbo,video,2025-12,True,627,720,1280,3,RGB,JPEG,210357,0.5625,True,z-image-turbo,fake::z-image-turbo,False,1098d2311fe6116f7273734308644f6d,6738,0271418.jpg,False,
OF006742,fake,z-image-turbo,Base,2025-11-25,True,668,1024,1024,3,RGB,JPEG,238077,1.0,True,z-image-turbo,fake::z-image-turbo,False,77a30d0f7b49ad8d25a65a123bd14ae0,6742,1166829.jpg,False,
OF006745,real,imagenet,real,,True,588,375,500,3,RGB,JPEG,160667,0.75,True,imagenet,real::imagenet,False,27ab1607960b469e9397e375c20c06f4,6745,n01704323_2161.JPEG,False,
OF006751,fake,illustrious,image,2026-04,True,477,1248,1824,3,RGB,JPEG,468734,0.6842105263157895,True,illustrious,fake::illustrious,False,94b120c688f7e114c3c5957d2d2b9de6,6751,0045299.jpg,False,
OF006754,real,docci,real,,True,656,360,480,3,RGB,JPEG,16825,0.75,True,docci,real::docci,False,114855c837517ced637cd172ba455508,6754,train_08878.jpg,False,
OF006758,fake,lumina-17-2-25,base,unknown,True,61,1024,1024,3,RGB,PNG,1315551,1.0,True,lumina-17-2-25,fake::lumina-17-2-25,False,90f8009b52efbec6a78101d153cce875,6758,15709.jpg,False,
OF006767,real,docci,real,,True,481,2048,1536,3,RGB,JPEG,379208,1.3333333333333333,True,docci,real::docci,False,f42f28bd8ae77959f49e7b808ab92867,6767,train_06032.jpg,False,
OF006771,fake,veo-3,video,2025-12,True,765,1280,720,3,RGB,JPEG,227715,1.7777777777777777,True,veo-3,fake::veo-3,False,976c854b0163cdcb067453548ded6820,6771,0319600.jpg,False,
OF006773,fake,illustrious,video,2026-03,True,703,784,1168,3,RGB,JPEG,454955,0.6712328767123288,True,illustrious,fake::illustrious,False,10ddd2a347ec44aa9eed4e302291be26,6773,0250915.jpg,False,
OF006774,real,imagenet,real,,True,553,500,387,3,RGB,JPEG,118005,1.2919896640826871,True,imagenet,real::imagenet,False,304f3fc7fa90ad8163f4ef90d813d3ed,6774,n01534433_9390.JPEG,False,
OF006777,fake,z-image-turbo,Base,2025-11-25,True,385,1024,1024,3,RGB,JPEG,429168,1.0,True,z-image-turbo,fake::z-image-turbo,False,aa7872dff5d059c60534b457977f0851,6777,1144838.jpg,False,
OF006779,real,imagenet,real,,True,537,1198,900,3,RGB,JPEG,465304,1.3311111111111111,True,imagenet,real::imagenet,False,ed4628a87b477db4dd8b667b1c7aac0e,6779,n01608432_3629.JPEG,False,
OF006780,fake,veo-3,video,2025-11,True,374,1280,720,3,RGB,JPEG,174472,1.7777777777777777,True,veo-3,fake::veo-3,False,3b273e3934bce1a0535d3ac0ba5b34e0,6780,0150425.jpg,False,
OF006781,real,docci,real,,True,308,4032,3024,3,RGB,JPEG,1720403,1.3333333333333333,True,docci,real::docci,False,8fc7762a0ba15874020dd48cb205288c,6781,train_03484.jpg,False,
OF006785,fake,veo-3,video,2025-10,True,570,1920,1080,3,RGB,JPEG,466797,1.7777777777777777,True,veo-3,fake::veo-3,False,ba1b6c1a123eb98b0a319008cc8215ea,6785,0278932.jpg,False,
OF006786,fake,recraft-v3,base,2024-10,True,408,600,480,3,RGB,JPEG,67955,1.25,True,recraft-v3,fake::recraft-v3,False,15f8d30e8c2782343567af555c235b56,6786,41056.jpg,False,
OF006787,fake,gpt-image-2,image,2026-04,True,123,1536,1024,3,RGB,JPEG,335015,1.5,True,gpt-image-2,fake::gpt-image-2,False,28d792a82c93b9aa9554185d9c384f82,6787,0061116.jpg,False,
OF006789,fake,illustrious,image,2025-07,True,807,1664,2432,3,RGB,JPEG,728657,0.6842105263157895,True,illustrious,fake::illustrious,False,95e9b31e8c967ff161f59e5045ff830d,6789,0043415.jpg,False,
OF006790,real,docci,real,,True,808,4032,3024,3,RGB,JPEG,1117295,1.3333333333333333,True,docci,real::docci,False,0020d46076c91e73ae5a0a7f570ad053,6790,train_01879.jpg,False,
OF006791,real,imagenet,real,,True,520,478,500,3,RGB,JPEG,221152,0.956,True,imagenet,real::imagenet,False,779da34d32523f12448b67a3abb8251c,6791,n01756291_360.JPEG,False,
OF006792,fake,sora-2,image,2025-05,True,621,1024,1536,3,RGB,JPEG,173311,0.6666666666666666,True,sora-2,fake::sora-2,False,9384e83dce4818d970428279ee52c92a,6792,0026892.jpg,False,
OF006793,fake,illustrious,image,2025-03,True,596,1664,2688,3,RGB,PNG,9925737,0.6190476190476191,True,illustrious,fake::illustrious,False,2b4850d6ab1c0c5e7a8ca5de2f79bb35,6793,0087175.jpg,False,
OF006794,fake,recraft-v3,base,2024-10,True,523,600,338,3,RGB,JPEG,94661,1.7751479289940828,True,recraft-v3,fake::recraft-v3,False,02f783a6230070ae891a1daab4060527,6794,18438.jpg,False,
OF006801,fake,midjourney-7,base,2025-04,True,705,1536,768,3,RGB,PNG,2152743,2.0,True,midjourney-7,fake::midjourney-7,False,8889aaad08049fa4f03e4cc8ed424e36,6801,25461.jpg,False,
OF006802,fake,ernie-image,image,2026-04,True,53,1024,1536,3,RGB,PNG,2597252,0.6666666666666666,True,ernie-image,fake::ernie-image,False,6058a20be6585600db48bdf718bcc2b0,6802,0053280.jpg,False,
OF006805,fake,aurora-20-1-25,base,unknown,True,65,1024,768,3,RGB,PNG,1100348,1.3333333333333333,True,aurora-20-1-25,fake::aurora-20-1-25,False,fec4f658d223d823c7736c2c3da0ff9d,6805,29215.jpg,False,
OF006806,fake,midjourney-7,base,2025-04,True,656,1456,816,3,RGB,PNG,1720562,1.7843137254901962,True,midjourney-7,fake::midjourney-7,False,1267344b645e0a8e8799ff7ffc387c8a,6806,34715.jpg,False,
OF006807,fake,flux.2-klein-9b,Base,2026-01-14,True,591,1024,1024,3,RGB,JPEG,374470,1.0,True,flux.2-klein-9b,fake::flux.2-klein-9b,False,be89d629692ab00a10ed675bd9a2d1cf,6807,964222.jpg,False,
OF006810,real,docci,real,,True,591,1536,2048,3,RGB,JPEG,960002,0.75,True,docci,real::docci,False,6bce88a62a275e5dc3bca12fd17f522a,6810,train_07067.jpg,False,
OF006812,fake,illustrious,image,2026-04,True,176,832,1216,3,RGB,JPEG,142212,0.6842105263157895,True,illustrious,fake::illustrious,False,a339366a81afdc47769caa9a4ae32929,6812,0025279.jpg,False,
OF006814,real,imagenet,real,,True,672,423,500,3,RGB,JPEG,108856,0.846,True,imagenet,real::imagenet,False,6d9c5300dcd249ce17c5a628501b5e40,6814,n01817953_461.JPEG,False,
OF006815,real,docci,real,,True,479,1536,2048,3,RGB,JPEG,298418,0.75,True,docci,real::docci,False,ee25720ac4ba557f6e07cfbdf0a5760f,6815,test_01452.jpg,False,
OF006817,fake,veo-3,video,2025-09,True,679,1280,720,3,RGB,JPEG,198503,1.7777777777777777,True,veo-3,fake::veo-3,False,d2913206b5c7361190bf075e5ed1bcf9,6817,0335346.jpg,False,
OF006818,fake,z-image-turbo,image,2026-01,True,512,864,1152,3,RGB,PNG,1182281,0.75,True,z-image-turbo,fake::z-image-turbo,False,86e74a91499df92d0643142c02a3cca5,6818,0085760.jpg,False,
OF006819,real,imagenet,real,,True,581,500,354,3,RGB,JPEG,220279,1.4124293785310735,True,imagenet,real::imagenet,False,528fe19ec1643472f48f0e398fc3bbbd,6819,n01514859_7955.JPEG,False,
OF006820,real,docci,real,,True,558,2048,1535,3,RGB,JPEG,370333,1.3342019543973942,True,docci,real::docci,False,2bb6163abed77488125ce9060af421f2,6820,train_00130.jpg,False,
OF006821,fake,illustrious,image,2025-04,True,655,1024,1024,3,RGB,JPEG,197764,1.0,True,illustrious,fake::illustrious,False,40ddb803a4c5b68f4b64b6e526e9be46,6821,0021575.jpg,False,
OF006824,real,docci,real,,True,786,1536,2048,3,RGB,JPEG,463067,0.75,True,docci,real::docci,False,bf408eec1c5493ede49182ae6da7ece4,6824,test_03979.jpg,False,
OF006828,real,imagenet,real,,True,628,500,313,3,RGB,JPEG,157991,1.597444089456869,True,imagenet,real::imagenet,False,2ab028e75a682598791220ca71dc377a,6828,n01697457_22267.JPEG,False,
OF006830,fake,ernie-image-turbo,image,2026-04,True,505,1488,1920,3,RGB,PNG,4054666,0.775,True,ernie-image-turbo,fake::ernie-image-turbo,False,e50b6907728af40e709a1e449127266e,6830,0072704.jpg,False,
OF006831,real,imagenet,real,,True,635,800,533,3,RGB,JPEG,232174,1.50093808630394,True,imagenet,real::imagenet,False,90d9c43b0a8cdb39b83b996360c36065,6831,n01693334_10553.JPEG,False,
OF006840,real,docci,real,,True,314,2048,1536,3,RGB,JPEG,737298,1.3333333333333333,True,docci,real::docci,False,e1d84a7289877e97ee444aedd7674acc,6840,train_04850.jpg,False,
OF006844,real,docci,real,,True,765,2048,1536,3,RGB,JPEG,375915,1.3333333333333333,True,docci,real::docci,False,91f7d70f0fd8d39f71f7a591c6565aa9,6844,train_04061.jpg,False,
OF006855,fake,z-image-turbo,Base,2025-11-25,True,281,1024,1024,3,RGB,JPEG,277154,1.0,True,z-image-turbo,fake::z-image-turbo,False,685ac3b6bc9f2666cb152da40b627571,6855,952232.jpg,False,
OF006856,fake,halfmoon-4-4-25,base,unknown,True,90,1248,832,3,RGB,PNG,1460973,1.5,True,halfmoon-4-4-25,fake::halfmoon-4-4-25,False,9ccf14b5d814f2911156e67f9fdbe1e8,6856,26837.jpg,False,
OF006857,fake,ernie-image-turbo,image,2026-04,True,712,1056,1824,3,RGB,PNG,4393848,0.5789473684210527,True,ernie-image-turbo,fake::ernie-image-turbo,False,57a7b53a00c751432e5b9d3667da6689,6857,0032914.jpg,False,
OF006859,real,imagenet,real,,True,761,500,375,3,RGB,JPEG,145365,1.3333333333333333,True,imagenet,real::imagenet,False,b59f3ef29c8fd5b102741f5bb5c1cf99,6859,n01498041_13606.JPEG,False,
OF006860,fake,veo-3,video,2026-02,True,485,720,1280,3,RGB,JPEG,220542,0.5625,True,veo-3,fake::veo-3,False,d2a765e869f9d89a89a86e4713faf639,6860,0304852.jpg,False,
OF006862,fake,nano-banana-pro,video,2025-11,True,709,1920,1080,3,RGB,JPEG,476223,1.7777777777777777,True,nano-banana-pro,fake::nano-banana-pro,False,4694cd0d1fa3d5276228f446a5962f74,6862,0128530.jpg,False,
OF006866,fake,recraft-v2,base,unknown,True,10,1024,1024,3,RGB,PNG,1640634,1.0,True,recraft-v2,fake::recraft-v2,False,72124aefb0b9455000679fee9f9d1ac6,6866,51355.jpg,False,
OF006867,real,imagenet,real,,True,635,192,144,3,RGB,JPEG,30550,1.3333333333333333,True,imagenet,real::imagenet,False,897ae28e574992379797ebf7c0b144cf,6867,n01629819_6479.JPEG,False,
OF006873,fake,midjourney-7,base,2025-04,True,766,1024,1024,3,RGB,PNG,1783009,1.0,True,midjourney-7,fake::midjourney-7,False,5450361e3abb835f0db37970b87a416a,6873,28449.jpg,False,
OF006874,fake,sora-2,video,2025-11,True,437,1280,704,3,RGB,JPEG,165414,1.818181818181818,True,sora-2,fake::sora-2,False,dadc65e8ba0917a4c802515da5f90eae,6874,0202208.jpg,False,
OF006876,real,imagenet,real,,True,742,500,500,3,RGB,JPEG,190080,1.0,True,imagenet,real::imagenet,False,8028a636ae0e9b6646c3a2c940249b35,6876,n01776313_34022.JPEG,False,
